solid OpenSCAD_Model
  facet normal 0 0 1
    outer loop
      vertex -1.8977774739265456 -0.22354286164045334 2.3999999999999986
      vertex -1.9743345811963096 -0.6084214225411415 2.3999999999999986
      vertex 1.4499999955296516 -8.25 2.3999999999999986
    endloop
  endfacet
  facet normal 0 0 1
    outer loop
      vertex -1.9743345811963096 -0.6084214225411415 2.3999999999999986
      vertex -1.9999999985098853 -1 2.3999999999999986
      vertex 1.4499999955296516 -8.25 2.3999999999999986
    endloop
  endfacet
  facet normal 0 0 1
    outer loop
      vertex -1.8977774739265456 -0.22354286164045334 2.3999999999999986
      vertex 8.25 -0.25 2.3999999999999986
      vertex -1.771638593077661 0.14805030077695847 2.3999999999999986
    endloop
  endfacet
  facet normal 0 0 1
    outer loop
      vertex -1.8977774739265456 -0.22354286164045334 2.3999999999999986
      vertex 2.562404951007975 -3.810737021280925 2.3999999999999986
      vertex 2.599407551880851 -3.624712384601345 2.3999999999999986
    endloop
  endfacet
  facet normal 0 0 1
    outer loop
      vertex -1.8977774739265456 -0.22354286164045334 2.3999999999999986
      vertex 2.55 -4 2.3999999999999986
      vertex 2.562404951007975 -3.810737021280925 2.3999999999999986
    endloop
  endfacet
  facet normal 0 0 1
    outer loop
      vertex -1.8977774739265456 -0.22354286164045334 2.3999999999999986
      vertex 2.599407551880851 -4.375287615398655 2.3999999999999986
      vertex 2.562404951007975 -4.189262978719075 2.3999999999999986
    endloop
  endfacet
  facet normal 0 0 1
    outer loop
      vertex -1.8977774739265456 -0.22354286164045334 2.3999999999999986
      vertex 2.562404951007975 -4.189262978719075 2.3999999999999986
      vertex 2.55 -4 2.3999999999999986
    endloop
  endfacet
  facet normal 0 0 1
    outer loop
      vertex -1.8977774739265456 -0.22354286164045334 2.3999999999999986
      vertex 2.660374677858634 -3.4451090230706196 2.3999999999999986
      vertex 2.744263164512564 -3.275 2.3999999999999986
    endloop
  endfacet
  facet normal 0 0 1
    outer loop
      vertex -1.8977774739265456 -0.22354286164045334 2.3999999999999986
      vertex 2.744263164512564 -3.275 2.3999999999999986
      vertex 2.849637656577709 -3.117295927937355 2.3999999999999986
    endloop
  endfacet
  facet normal 0 0 1
    outer loop
      vertex -1.8977774739265456 -0.22354286164045334 2.3999999999999986
      vertex 2.849637656577709 -3.117295927937355 2.3999999999999986
      vertex 2.9746951672795063 -2.9746951672795063 2.3999999999999986
    endloop
  endfacet
  facet normal 0 0 1
    outer loop
      vertex -1.8977774739265456 -0.22354286164045334 2.3999999999999986
      vertex 2.599407551880851 -3.624712384601345 2.3999999999999986
      vertex 2.660374677858634 -3.4451090230706196 2.3999999999999986
    endloop
  endfacet
  facet normal 0 0 1
    outer loop
      vertex -1.8977774739265456 -0.22354286164045334 2.3999999999999986
      vertex 2.9746951672795063 -2.9746951672795063 2.3999999999999986
      vertex 3.117295927937355 -2.849637656577709 2.3999999999999986
    endloop
  endfacet
  facet normal 0 0 1
    outer loop
      vertex -1.8977774739265456 -0.22354286164045334 2.3999999999999986
      vertex 3.117295927937355 -2.849637656577709 2.3999999999999986
      vertex 3.275 -2.744263164512564 2.3999999999999986
    endloop
  endfacet
  facet normal 0 0 1
    outer loop
      vertex -1.9999999985098853 -1 2.3999999999999986
      vertex 0.25 -8.25 2.3999999999999986
      vertex 1.4499999955296516 -8.25 2.3999999999999986
    endloop
  endfacet
  facet normal 0 0 1
    outer loop
      vertex -1.8977774739265456 -0.22354286164045334 2.3999999999999986
      vertex 1.4499999955296516 -8.25 2.3999999999999986
      vertex 2.849637656577709 -4.882704072062645 2.3999999999999986
    endloop
  endfacet
  facet normal 0 0 1
    outer loop
      vertex -1.8977774739265456 -0.22354286164045334 2.3999999999999986
      vertex 2.660374677858634 -4.55489097692938 2.3999999999999986
      vertex 2.599407551880851 -4.375287615398655 2.3999999999999986
    endloop
  endfacet
  facet normal 0 0 1
    outer loop
      vertex -1.8977774739265456 -0.22354286164045334 2.3999999999999986
      vertex 2.744263164512564 -4.725 2.3999999999999986
      vertex 2.660374677858634 -4.55489097692938 2.3999999999999986
    endloop
  endfacet
  facet normal 0 0 1
    outer loop
      vertex -1.8977774739265456 -0.22354286164045334 2.3999999999999986
      vertex 2.849637656577709 -4.882704072062645 2.3999999999999986
      vertex 2.744263164512564 -4.725 2.3999999999999986
    endloop
  endfacet
  facet normal 0 0 1
    outer loop
      vertex -1.8977774739265456 -0.22354286164045334 2.3999999999999986
      vertex 3.275 -2.744263164512564 2.3999999999999986
      vertex 3.4451090230706196 -2.660374677858634 2.3999999999999986
    endloop
  endfacet
  facet normal 0 0 1
    outer loop
      vertex -1.8977774739265456 -0.22354286164045334 2.3999999999999986
      vertex 3.4451090230706196 -2.660374677858634 2.3999999999999986
      vertex 3.624712384601345 -2.599407551880851 2.3999999999999986
    endloop
  endfacet
  facet normal 0 0 1
    outer loop
      vertex -1.8977774739265456 -0.22354286164045334 2.3999999999999986
      vertex 3.624712384601345 -2.599407551880851 2.3999999999999986
      vertex 3.810737021280925 -2.562404951007975 2.3999999999999986
    endloop
  endfacet
  facet normal 0 0 1
    outer loop
      vertex -1.8977774739265456 -0.22354286164045334 2.3999999999999986
      vertex 3.810737021280925 -2.562404951007975 2.3999999999999986
      vertex 4 -2.55 2.3999999999999986
    endloop
  endfacet
  facet normal 0 0 1
    outer loop
      vertex -1.8977774739265456 -0.22354286164045334 2.3999999999999986
      vertex 4 -2.55 2.3999999999999986
      vertex 4.189262978719075 -2.562404951007975 2.3999999999999986
    endloop
  endfacet
  facet normal 0 0 1
    outer loop
      vertex -1.8977774739265456 -0.22354286164045334 2.3999999999999986
      vertex 4.189262978719075 -2.562404951007975 2.3999999999999986
      vertex 4.375287615398655 -2.599407551880851 2.3999999999999986
    endloop
  endfacet
  facet normal 0 0 1
    outer loop
      vertex -1.8977774739265456 -0.22354286164045334 2.3999999999999986
      vertex 4.375287615398655 -2.599407551880851 2.3999999999999986
      vertex 4.55489097692938 -2.660374677858634 2.3999999999999986
    endloop
  endfacet
  facet normal 0 0 1
    outer loop
      vertex 1.4499999955296516 -8.25 2.3999999999999986
      vertex 2.9746951672795063 -5.025304832720494 2.3999999999999986
      vertex 2.849637656577709 -4.882704072062645 2.3999999999999986
    endloop
  endfacet
  facet normal 0 0 1
    outer loop
      vertex 1.4499999955296516 -8.25 2.3999999999999986
      vertex 3.117295927937355 -5.150362343422291 2.3999999999999986
      vertex 2.9746951672795063 -5.025304832720494 2.3999999999999986
    endloop
  endfacet
  facet normal 0 0 1
    outer loop
      vertex 1.4499999955296516 -8.25 2.3999999999999986
      vertex 3.275 -5.255736835487436 2.3999999999999986
      vertex 3.117295927937355 -5.150362343422291 2.3999999999999986
    endloop
  endfacet
  facet normal 0 0 1
    outer loop
      vertex 1.4499999955296516 -8.25 2.3999999999999986
      vertex 3.4451090230706196 -5.339625322141366 2.3999999999999986
      vertex 3.275 -5.255736835487436 2.3999999999999986
    endloop
  endfacet
  facet normal 0 0 1
    outer loop
      vertex 1.4499999955296516 -8.25 2.3999999999999986
      vertex 3.624712384601345 -5.4005924481191485 2.3999999999999986
      vertex 3.4451090230706196 -5.339625322141366 2.3999999999999986
    endloop
  endfacet
  facet normal 0 0 1
    outer loop
      vertex 1.4499999955296516 -8.25 2.3999999999999986
      vertex 3.810737021280925 -5.437595048992025 2.3999999999999986
      vertex 3.624712384601345 -5.4005924481191485 2.3999999999999986
    endloop
  endfacet
  facet normal 0 0 1
    outer loop
      vertex 1.4499999955296516 -8.25 2.3999999999999986
      vertex 4 -5.45 2.3999999999999986
      vertex 3.810737021280925 -5.437595048992025 2.3999999999999986
    endloop
  endfacet
  facet normal 0 0 1
    outer loop
      vertex 1.4499999955296516 -8.25 2.3999999999999986
      vertex 4.189262978719075 -5.437595048992025 2.3999999999999986
      vertex 4 -5.45 2.3999999999999986
    endloop
  endfacet
  facet normal 0 0 1
    outer loop
      vertex -1.8977774739265456 -0.22354286164045334 2.3999999999999986
      vertex 4.55489097692938 -2.660374677858634 2.3999999999999986
      vertex 8.25 -0.25 2.3999999999999986
    endloop
  endfacet
  facet normal -0.9469301300366788 0.3214394637077385 0
    outer loop
      vertex -1.8977774739265456 -0.22354286164045334 2.3999999999999986
      vertex -1.771638593077661 0.14805030077695847 2.3999999999999986
      vertex -1.8977774739265456 -0.22354286164045334 0
    endloop
  endfacet
  facet normal -0.8968727407473451 0.4422886918115197 0
    outer loop
      vertex -1.5980762079358115 0.5 2.3999999999999986
      vertex -1.771638593077661 0.14805030077695847 0
      vertex -1.771638593077661 0.14805030077695847 2.3999999999999986
    endloop
  endfacet
  facet normal -0.7518398024852507 0.6593458207943228 0
    outer loop
      vertex -1.3800600230693831 0.8262842893600464 2.3999999999999986
      vertex -1.1213203430175795 1.1213203445076942 2.3999999999999986
      vertex -1.3800600230693831 0.8262842893600464 0
    endloop
  endfacet
  facet normal -0.8314696207458844 0.5555702203832522 0
    outer loop
      vertex -1.5980762079358115 0.5 2.3999999999999986
      vertex -1.3800600230693831 0.8262842893600464 2.3999999999999986
      vertex -1.5980762079358115 0.5 0
    endloop
  endfacet
  facet normal -0.980785279639006 0.19509032585814406 0
    outer loop
      vertex -1.8977774739265456 -0.22354286164045334 2.3999999999999986
      vertex -1.9743345811963096 -0.6084214225411415 0
      vertex -1.9743345811963096 -0.6084214225411415 2.3999999999999986
    endloop
  endfacet
  facet normal -0.9978589230086541 0.06540313273849395 0
    outer loop
      vertex -1.9743345811963096 -0.6084214225411415 2.3999999999999986
      vertex -1.9999999985098853 -1 0
      vertex -1.9999999985098853 -1 2.3999999999999986
    endloop
  endfacet
  facet normal -0.6593458207943228 0.7518398024852507 0
    outer loop
      vertex -1.1213203430175795 1.1213203445076942 2.3999999999999986
      vertex -0.8262842878699317 1.3800600245594978 2.3999999999999986
      vertex -1.1213203430175795 1.1213203445076942 0
    endloop
  endfacet
  facet normal -0.5555702203832522 0.8314696207458844 0
    outer loop
      vertex -0.8262842878699317 1.3800600245594978 2.3999999999999986
      vertex -0.4999999985098853 1.5980762094259262 2.3999999999999986
      vertex -0.8262842878699317 1.3800600245594978 0
    endloop
  endfacet
  facet normal -0.4422886918115197 0.8968727407473451 0
    outer loop
      vertex -0.4999999985098853 1.5980762094259262 2.3999999999999986
      vertex -0.14805029928684377 1.7716385945677757 2.3999999999999986
      vertex -0.4999999985098853 1.5980762094259262 0
    endloop
  endfacet
  facet normal -0.3214394637077385 0.9469301300366788 0
    outer loop
      vertex -0.14805029928684377 1.7716385945677757 2.3999999999999986
      vertex 0.22354286313056804 1.8977774754166603 2.3999999999999986
      vertex -0.14805029928684377 1.7716385945677757 0
    endloop
  endfacet
  facet normal -0.19509032585814406 0.980785279639006 0
    outer loop
      vertex 0.22354286313056804 1.8977774754166603 2.3999999999999986
      vertex 0.6084214240312562 1.9743345826864243 2.3999999999999986
      vertex 0.22354286313056804 1.8977774754166603 0
    endloop
  endfacet
  facet normal -0.06540313273849395 0.9978589230086541 0
    outer loop
      vertex 0.6084214240312562 1.9743345826864243 2.3999999999999986
      vertex 1.0000000014901147 2 2.3999999999999986
      vertex 0.6084214240312562 1.9743345826864243 0
    endloop
  endfacet
  facet normal -0.980785279639006 0.19509032585814406 0
    outer loop
      vertex -1.8977774739265456 -0.22354286164045334 2.3999999999999986
      vertex -1.8977774739265456 -0.22354286164045334 0
      vertex -1.9743345811963096 -0.6084214225411415 0
    endloop
  endfacet
  facet normal -0.9469301300366788 0.3214394637077385 0
    outer loop
      vertex -1.771638593077661 0.14805030077695847 2.3999999999999986
      vertex -1.771638593077661 0.14805030077695847 0
      vertex -1.8977774739265456 -0.22354286164045334 0
    endloop
  endfacet
  facet normal -0.8968727407473451 0.4422886918115197 0
    outer loop
      vertex -1.5980762079358115 0.5 2.3999999999999986
      vertex -1.5980762079358115 0.5 0
      vertex -1.771638593077661 0.14805030077695847 0
    endloop
  endfacet
  facet normal -0.7518398024852507 0.6593458207943228 0
    outer loop
      vertex -1.1213203430175795 1.1213203445076942 2.3999999999999986
      vertex -1.1213203430175795 1.1213203445076942 0
      vertex -1.3800600230693831 0.8262842893600464 0
    endloop
  endfacet
  facet normal -0.8314696207458844 0.5555702203832522 0
    outer loop
      vertex -1.3800600230693831 0.8262842893600464 2.3999999999999986
      vertex -1.3800600230693831 0.8262842893600464 0
      vertex -1.5980762079358115 0.5 0
    endloop
  endfacet
  facet normal -0.9978589230086541 0.06540313273849395 0
    outer loop
      vertex -1.9743345811963096 -0.6084214225411415 2.3999999999999986
      vertex -1.9743345811963096 -0.6084214225411415 0
      vertex -1.9999999985098853 -1 0
    endloop
  endfacet
  facet normal -0.6593458207943228 0.7518398024852507 0
    outer loop
      vertex -0.8262842878699317 1.3800600245594978 2.3999999999999986
      vertex -0.8262842878699317 1.3800600245594978 0
      vertex -1.1213203430175795 1.1213203445076942 0
    endloop
  endfacet
  facet normal -0.5555702203832522 0.8314696207458844 0
    outer loop
      vertex -0.4999999985098853 1.5980762094259262 2.3999999999999986
      vertex -0.4999999985098853 1.5980762094259262 0
      vertex -0.8262842878699317 1.3800600245594978 0
    endloop
  endfacet
  facet normal -0.4422886918115197 0.8968727407473451 0
    outer loop
      vertex -0.14805029928684377 1.7716385945677757 2.3999999999999986
      vertex -0.14805029928684377 1.7716385945677757 0
      vertex -0.4999999985098853 1.5980762094259262 0
    endloop
  endfacet
  facet normal -0.3214394637077385 0.9469301300366788 0
    outer loop
      vertex 0.22354286313056804 1.8977774754166603 2.3999999999999986
      vertex 0.22354286313056804 1.8977774754166603 0
      vertex -0.14805029928684377 1.7716385945677757 0
    endloop
  endfacet
  facet normal -0.19509032585814406 0.980785279639006 0
    outer loop
      vertex 0.6084214240312562 1.9743345826864243 2.3999999999999986
      vertex 0.6084214240312562 1.9743345826864243 0
      vertex 0.22354286313056804 1.8977774754166603 0
    endloop
  endfacet
  facet normal -0.06540313273849395 0.9978589230086541 0
    outer loop
      vertex 1.0000000014901147 2 2.3999999999999986
      vertex 1.0000000014901147 2 0
      vertex 0.6084214240312562 1.9743345826864243 0
    endloop
  endfacet
  facet normal 0 0 -1
    outer loop
      vertex -1.8977774739265456 -0.22354286164045334 0
      vertex 1.5979132154706543 -3.0050230758507666 0
      vertex 1.4885928516484221 -3.327070482733446 0
    endloop
  endfacet
  facet normal 0 0 -1
    outer loop
      vertex -1.8977774739265456 -0.22354286164045334 0
      vertex 1.422243360428093 -3.660631900227866 0
      vertex 1.4 -4 0
    endloop
  endfacet
  facet normal 0 0 -1
    outer loop
      vertex -1.8977774739265456 -0.22354286164045334 0
      vertex 1.4 -4 0
      vertex 1.422243360428093 -4.339368099772134 0
    endloop
  endfacet
  facet normal 0 0 -1
    outer loop
      vertex -1.8977774739265456 -0.22354286164045334 0
      vertex 1.4885928516484221 -3.327070482733446 0
      vertex 1.422243360428093 -3.660631900227866 0
    endloop
  endfacet
  facet normal 0 0 -1
    outer loop
      vertex -1.8977774739265456 -0.22354286164045334 0
      vertex 1.7483339501604598 -2.7 0
      vertex 1.5979132154706543 -3.0050230758507666 0
    endloop
  endfacet
  facet normal 0 0 -1
    outer loop
      vertex -1.8977774739265456 -0.22354286164045334 0
      vertex 1.9372813152427883 -2.4172202845773265 0
      vertex 1.7483339501604598 -2.7 0
    endloop
  endfacet
  facet normal 0 0 -1
    outer loop
      vertex -1.8977774739265456 -0.22354286164045334 0
      vertex 2.1615223689149765 -2.1615223689149765 0
      vertex 1.9372813152427883 -2.4172202845773265 0
    endloop
  endfacet
  facet normal 0 0 -1
    outer loop
      vertex -1.8977774739265456 -0.22354286164045334 0
      vertex 2.4172202845773265 -1.9372813152427883 0
      vertex 2.1615223689149765 -2.1615223689149765 0
    endloop
  endfacet
  facet normal 0 0 -1
    outer loop
      vertex -1.8977774739265456 -0.22354286164045334 0
      vertex 2.7 -1.7483339501604598 0
      vertex 2.4172202845773265 -1.9372813152427883 0
    endloop
  endfacet
  facet normal 0 0 -1
    outer loop
      vertex -1.8977774739265456 -0.22354286164045334 0
      vertex 3.0050230758507666 -1.5979132154706543 0
      vertex 2.7 -1.7483339501604598 0
    endloop
  endfacet
  facet normal 0 0 -1
    outer loop
      vertex -1.8977774739265456 -0.22354286164045334 0
      vertex 3.327070482733446 -1.4885928516484221 0
      vertex 3.0050230758507666 -1.5979132154706543 0
    endloop
  endfacet
  facet normal 0 0 -1
    outer loop
      vertex -1.8977774739265456 -0.22354286164045334 0
      vertex 1.422243360428093 -4.339368099772134 0
      vertex 1.4885928516484221 -4.672929517266554 0
    endloop
  endfacet
  facet normal 0 0 -1
    outer loop
      vertex -1.8977774739265456 -0.22354286164045334 0
      vertex 1.4885928516484221 -4.672929517266554 0
      vertex 1.5979132154706543 -4.994976924149233 0
    endloop
  endfacet
  facet normal 0 0 -1
    outer loop
      vertex -1.8977774739265456 -0.22354286164045334 0
      vertex 1.5979132154706543 -4.994976924149233 0
      vertex 1.7483339501604598 -5.3 0
    endloop
  endfacet
  facet normal 0 0 -1
    outer loop
      vertex -1.8977774739265456 -0.22354286164045334 0
      vertex 1.7483339501604598 -5.3 0
      vertex 1.9372813152427883 -5.5827797154226735 0
    endloop
  endfacet
  facet normal 0 0 -1
    outer loop
      vertex -1.8977774739265456 -0.22354286164045334 0
      vertex 3.660631900227866 -1.422243360428093 0
      vertex 3.327070482733446 -1.4885928516484221 0
    endloop
  endfacet
  facet normal 0 0 -1
    outer loop
      vertex -1.8977774739265456 -0.22354286164045334 0
      vertex 4 -1.4 0
      vertex 3.660631900227866 -1.422243360428093 0
    endloop
  endfacet
  facet normal 0 0 -1
    outer loop
      vertex -1.8977774739265456 -0.22354286164045334 0
      vertex 10.13895902186632 -32.82140157550573 0
      vertex -1.9743345811963096 -0.6084214225411415 0
    endloop
  endfacet
  facet normal 0 0 -1
    outer loop
      vertex -1.8977774739265456 -0.22354286164045334 0
      vertex 1.9372813152427883 -5.5827797154226735 0
      vertex 10.13895902186632 -19.338598424494265 0
    endloop
  endfacet
  facet normal 0 0 -1
    outer loop
      vertex 1.9372813152427883 -5.5827797154226735 0
      vertex 2.1615223689149765 -5.8384776310850235 0
      vertex 10.13895902186632 -19.338598424494265 0
    endloop
  endfacet
  facet normal 0 0 -1
    outer loop
      vertex 2.1615223689149765 -5.8384776310850235 0
      vertex 2.4172202845773265 -6.062718684757211 0
      vertex 10.13895902186632 -19.338598424494265 0
    endloop
  endfacet
  facet normal 0 0 -1
    outer loop
      vertex 2.4172202845773265 -6.062718684757211 0
      vertex 2.7 -6.251666049839541 0
      vertex 10.13895902186632 -19.338598424494265 0
    endloop
  endfacet
  facet normal 0 0 -1
    outer loop
      vertex -1.9743345811963096 -0.6084214225411415 0
      vertex 6 -77.7100000014901 0
      vertex -1.9999999985098853 -1 0
    endloop
  endfacet
  facet normal 0 0 -1
    outer loop
      vertex -1.9743345811963096 -0.6084214225411415 0
      vertex 10.13895902186632 -32.82140157550573 0
      vertex 6 -77.7100000014901 0
    endloop
  endfacet
  facet normal 0 0 1
    outer loop
      vertex 4.55489097692938 -2.660374677858634 2.3999999999999986
      vertex 4.725 -2.744263164512564 2.3999999999999986
      vertex 8.25 -0.25 2.3999999999999986
    endloop
  endfacet
  facet normal 0 0 1
    outer loop
      vertex 4.725 -2.744263164512564 2.3999999999999986
      vertex 4.882704072062645 -2.849637656577709 2.3999999999999986
      vertex 8.25 -0.25 2.3999999999999986
    endloop
  endfacet
  facet normal 0 0 1
    outer loop
      vertex 4.882704072062645 -2.849637656577709 2.3999999999999986
      vertex 5.025304832720494 -2.9746951672795063 2.3999999999999986
      vertex 8.25 -0.25 2.3999999999999986
    endloop
  endfacet
  facet normal 0 0 1
    outer loop
      vertex 5.025304832720494 -2.9746951672795063 2.3999999999999986
      vertex 5.150362343422291 -3.117295927937355 2.3999999999999986
      vertex 8.25 -0.25 2.3999999999999986
    endloop
  endfacet
  facet normal 0 0 1
    outer loop
      vertex 5.150362343422291 -3.117295927937355 2.3999999999999986
      vertex 5.255736835487436 -3.275 2.3999999999999986
      vertex 8.25 -0.25 2.3999999999999986
    endloop
  endfacet
  facet normal 0 0 1
    outer loop
      vertex 5.255736835487436 -3.275 2.3999999999999986
      vertex 5.339625322141366 -3.4451090230706196 2.3999999999999986
      vertex 8.25 -0.25 2.3999999999999986
    endloop
  endfacet
  facet normal 0 0 1
    outer loop
      vertex 5.339625322141366 -3.4451090230706196 2.3999999999999986
      vertex 5.4005924481191485 -3.624712384601345 2.3999999999999986
      vertex 8.25 -0.25 2.3999999999999986
    endloop
  endfacet
  facet normal 0 0 1
    outer loop
      vertex 5.4005924481191485 -3.624712384601345 2.3999999999999986
      vertex 5.437595048992025 -3.810737021280925 2.3999999999999986
      vertex 8.25 -1.4500000029802322 2.3999999999999986
    endloop
  endfacet
  facet normal 0 0 1
    outer loop
      vertex 5.437595048992025 -3.810737021280925 2.3999999999999986
      vertex 5.45 -4 2.3999999999999986
      vertex 8.25 -1.4500000029802322 2.3999999999999986
    endloop
  endfacet
  facet normal 0 0 1
    outer loop
      vertex 5.45 -4 2.3999999999999986
      vertex 5.437595048992025 -4.189262978719075 2.3999999999999986
      vertex 8.25 -1.4500000029802322 2.3999999999999986
    endloop
  endfacet
  facet normal 0 0 1
    outer loop
      vertex 5.4005924481191485 -4.375287615398655 2.3999999999999986
      vertex 8.25 -1.4500000029802322 2.3999999999999986
      vertex 5.437595048992025 -4.189262978719075 2.3999999999999986
    endloop
  endfacet
  facet normal 0 0 1
    outer loop
      vertex 5.4005924481191485 -4.375287615398655 2.3999999999999986
      vertex 5.339625322141366 -4.55489097692938 2.3999999999999986
      vertex 8.25 -1.4500000029802322 2.3999999999999986
    endloop
  endfacet
  facet normal 0 0 1
    outer loop
      vertex 5.255736835487436 -4.725 2.3999999999999986
      vertex 8.25 -1.4500000029802322 2.3999999999999986
      vertex 5.339625322141366 -4.55489097692938 2.3999999999999986
    endloop
  endfacet
  facet normal 0 0 1
    outer loop
      vertex 5.4005924481191485 -3.624712384601345 2.3999999999999986
      vertex 8.25 -1.4500000029802322 2.3999999999999986
      vertex 8.25 -0.25 2.3999999999999986
    endloop
  endfacet
  facet normal 0 0 1
    outer loop
      vertex 1.4499999955296516 -8.25 2.3999999999999986
      vertex 10.13895902186632 -19.338598424494265 2.3999999999999986
      vertex 11.15661315023899 -17.27500000029802 2.3999999999999986
    endloop
  endfacet
  facet normal 0 0 1
    outer loop
      vertex 1.4499999955296516 -8.25 2.3999999999999986
      vertex 9.399364718794821 -21.517372997403143 2.3999999999999986
      vertex 10.13895902186632 -19.338598424494265 2.3999999999999986
    endloop
  endfacet
  facet normal 0 0 1
    outer loop
      vertex 1.4499999955296516 -8.25 2.3999999999999986
      vertex 11.15661315023899 -17.27500000029802 2.3999999999999986
      vertex 12.43491474688053 -15.36188646584749 2.3999999999999986
    endloop
  endfacet
  facet normal 0 0 1
    outer loop
      vertex 1.4499999955296516 -8.25 2.3999999999999986
      vertex 12.43491474688053 -15.36188646584749 2.3999999999999986
      vertex 13.951991723477839 -13.631991723477839 2.3999999999999986
    endloop
  endfacet
  facet normal 0 0 1
    outer loop
      vertex 1.4499999955296516 -8.25 2.3999999999999986
      vertex 13.951991723477839 -13.631991723477839 2.3999999999999986
      vertex 15.68188646584749 -12.11491474688053 2.3999999999999986
    endloop
  endfacet
  facet normal 0 0 1
    outer loop
      vertex 1.4499999955296516 -8.25 2.3999999999999986
      vertex 15.68188646584749 -12.11491474688053 2.3999999999999986
      vertex 17.595000000298022 -10.836613150238989 2.3999999999999986
    endloop
  endfacet
  facet normal 0 0 -1
    outer loop
      vertex 2.7 -6.251666049839541 0
      vertex 3.0050230758507666 -6.402086784529345 0
      vertex 10.13895902186632 -19.338598424494265 0
    endloop
  endfacet
  facet normal 0 0 -1
    outer loop
      vertex 3.0050230758507666 -6.402086784529345 0
      vertex 3.327070482733446 -6.511407148351578 0
      vertex 10.13895902186632 -19.338598424494265 0
    endloop
  endfacet
  facet normal 0 0 -1
    outer loop
      vertex 3.327070482733446 -6.511407148351578 0
      vertex 3.660631900227866 -6.577756639571907 0
      vertex 10.13895902186632 -19.338598424494265 0
    endloop
  endfacet
  facet normal 0 0 -1
    outer loop
      vertex 3.660631900227866 -6.577756639571907 0
      vertex 4 -6.6 0
      vertex 10.13895902186632 -19.338598424494265 0
    endloop
  endfacet
  facet normal 0 0 -1
    outer loop
      vertex 4 -6.6 0
      vertex 4.339368099772134 -6.577756639571907 0
      vertex 11.15661315023899 -17.27500000029802 0
    endloop
  endfacet
  facet normal 0 0 -1
    outer loop
      vertex 4.339368099772134 -6.577756639571907 0
      vertex 4.672929517266554 -6.511407148351578 0
      vertex 11.15661315023899 -17.27500000029802 0
    endloop
  endfacet
  facet normal 0 0 -1
    outer loop
      vertex -1.8977774739265456 -0.22354286164045334 0
      vertex 9.399364718794821 -21.517372997403143 0
      vertex 8.950484888255595 -23.77404428452253 0
    endloop
  endfacet
  facet normal 0 0 -1
    outer loop
      vertex -1.8977774739265456 -0.22354286164045334 0
      vertex 10.13895902186632 -19.338598424494265 0
      vertex 9.399364718794821 -21.517372997403143 0
    endloop
  endfacet
  facet normal 0 0 -1
    outer loop
      vertex -1.8977774739265456 -0.22354286164045334 0
      vertex 8.950484888255595 -23.77404428452253 0
      vertex 8.799999998509882 -26.07000000208616 0
    endloop
  endfacet
  facet normal 0 0 -1
    outer loop
      vertex -1.8977774739265456 -0.22354286164045334 0
      vertex 8.799999998509882 -26.07000000208616 0
      vertex 8.799999998509882 -26.089999997913836 0
    endloop
  endfacet
  facet normal 0 0 -1
    outer loop
      vertex 4.672929517266554 -6.511407148351578 0
      vertex 4.994976924149233 -6.402086784529345 0
      vertex 11.15661315023899 -17.27500000029802 0
    endloop
  endfacet
  facet normal 0 0 -1
    outer loop
      vertex 4.994976924149233 -6.402086784529345 0
      vertex 5.3 -6.251666049839541 0
      vertex 12.43491474688053 -15.36188646584749 0
    endloop
  endfacet
  facet normal 0 0 -1
    outer loop
      vertex 5.5827797154226735 -6.062718684757211 0
      vertex 5.8384776310850235 -5.8384776310850235 0
      vertex 12.43491474688053 -15.36188646584749 0
    endloop
  endfacet
  facet normal 0 0 -1
    outer loop
      vertex 5.3 -6.251666049839541 0
      vertex 5.5827797154226735 -6.062718684757211 0
      vertex 12.43491474688053 -15.36188646584749 0
    endloop
  endfacet
  facet normal 0 0 -1
    outer loop
      vertex 5.8384776310850235 -5.8384776310850235 0
      vertex 6.062718684757211 -5.5827797154226735 0
      vertex 13.951991723477839 -13.631991723477839 0
    endloop
  endfacet
  facet normal 0 0 -1
    outer loop
      vertex 4 -6.6 0
      vertex 11.15661315023899 -17.27500000029802 0
      vertex 10.13895902186632 -19.338598424494265 0
    endloop
  endfacet
  facet normal 0 0 -1
    outer loop
      vertex 6.402086784529345 -4.994976924149233 0
      vertex 6.511407148351578 -4.672929517266554 0
      vertex 15.68188646584749 -12.11491474688053 0
    endloop
  endfacet
  facet normal 0 0 -1
    outer loop
      vertex 6.6 -4 0
      vertex 15.68188646584749 -12.11491474688053 0
      vertex 6.577756639571907 -4.339368099772134 0
    endloop
  endfacet
  facet normal 0 0 -1
    outer loop
      vertex 6.511407148351578 -4.672929517266554 0
      vertex 6.577756639571907 -4.339368099772134 0
      vertex 15.68188646584749 -12.11491474688053 0
    endloop
  endfacet
  facet normal 0 0 -1
    outer loop
      vertex 6.251666049839541 -5.3 0
      vertex 13.951991723477839 -13.631991723477839 0
      vertex 6.062718684757211 -5.5827797154226735 0
    endloop
  endfacet
  facet normal 0 0 -1
    outer loop
      vertex 6.251666049839541 -5.3 0
      vertex 6.402086784529345 -4.994976924149233 0
      vertex 13.951991723477839 -13.631991723477839 0
    endloop
  endfacet
  facet normal 0 0 -1
    outer loop
      vertex 4.994976924149233 -6.402086784529345 0
      vertex 12.43491474688053 -15.36188646584749 0
      vertex 11.15661315023899 -17.27500000029802 0
    endloop
  endfacet
  facet normal 0 0 -1
    outer loop
      vertex 5.8384776310850235 -5.8384776310850235 0
      vertex 13.951991723477839 -13.631991723477839 0
      vertex 12.43491474688053 -15.36188646584749 0
    endloop
  endfacet
  facet normal 0 0 -1
    outer loop
      vertex 6.402086784529345 -4.994976924149233 0
      vertex 15.68188646584749 -12.11491474688053 0
      vertex 13.951991723477839 -13.631991723477839 0
    endloop
  endfacet
  facet normal 0 0 1
    outer loop
      vertex 1.4499999955296516 -8.25 2.3999999999999986
      vertex 8.799999998509882 -26.07000000208616 2.3999999999999986
      vertex 8.950484888255595 -23.77404428452253 2.3999999999999986
    endloop
  endfacet
  facet normal 0 0 1
    outer loop
      vertex 1.4499999955296516 -8.25 2.3999999999999986
      vertex 8.799999998509882 -26.089999997913836 2.3999999999999986
      vertex 8.799999998509882 -26.07000000208616 2.3999999999999986
    endloop
  endfacet
  facet normal 0 0 1
    outer loop
      vertex 1.4499999955296516 -8.25 2.3999999999999986
      vertex 8.950484888255595 -23.77404428452253 2.3999999999999986
      vertex 9.399364718794821 -21.517372997403143 2.3999999999999986
    endloop
  endfacet
  facet normal 0 0 1
    outer loop
      vertex 1.4499999955296516 -8.25 2.3999999999999986
      vertex 8.950484888255595 -28.385955715477465 2.3999999999999986
      vertex 8.799999998509882 -26.089999997913836 2.3999999999999986
    endloop
  endfacet
  facet normal 0 0 -1
    outer loop
      vertex -1.8977774739265456 -0.22354286164045334 0
      vertex 8.799999998509882 -26.089999997913836 0
      vertex 8.950484888255595 -28.385955715477465 0
    endloop
  endfacet
  facet normal 0 0 -1
    outer loop
      vertex -1.8977774739265456 -0.22354286164045334 0
      vertex 8.950484888255595 -28.385955715477465 0
      vertex 9.399364718794821 -30.642627002596853 0
    endloop
  endfacet
  facet normal 0 0 -1
    outer loop
      vertex -1.8977774739265456 -0.22354286164045334 0
      vertex 9.399364718794821 -30.642627002596853 0
      vertex 10.13895902186632 -32.82140157550573 0
    endloop
  endfacet
  facet normal 0 0 1
    outer loop
      vertex -1.9999999985098853 -1 2.3999999999999986
      vertex -1.9999999985098853 -153 2.3999999999999986
      vertex 0.25 -8.25 2.3999999999999986
    endloop
  endfacet
  facet normal 0 0 1
    outer loop
      vertex 1.4499999955296516 -8.25 2.3999999999999986
      vertex 3.8266668915748596 -79.37765715330838 2.3999999999999986
      vertex 8.950484888255595 -28.385955715477465 2.3999999999999986
    endloop
  endfacet
  facet normal 0 0 1
    outer loop
      vertex 1.4499999955296516 -8.25 2.3999999999999986
      vertex 3.75 -79.9600000014901 2.3999999999999986
      vertex 3.7692490592598915 -79.6663160702586 2.3999999999999986
    endloop
  endfacet
  facet normal 0 0 1
    outer loop
      vertex 1.4499999955296516 -8.25 2.3999999999999986
      vertex 3.7692490592598915 -79.6663160702586 2.3999999999999986
      vertex 3.8266668915748596 -79.37765715330838 2.3999999999999986
    endloop
  endfacet
  facet normal -1 0 0
    outer loop
      vertex -1.9999999985098853 -1 2.3999999999999986
      vertex -1.9999999985098853 -1 0
      vertex -1.9999999985098853 -153 0
    endloop
  endfacet
  facet normal 0 0 -1
    outer loop
      vertex -1.9999999985098853 -1 0
      vertex 5.138962276279926 -77.88127104997633 0
      vertex 4.875 -78.01144284069537 0
    endloop
  endfacet
  facet normal 0 0 -1
    outer loop
      vertex -1.9999999985098853 -1 0
      vertex 5.4176571518182755 -77.78666689306496 0
      vertex 5.138962276279926 -77.88127104997633 0
    endloop
  endfacet
  facet normal 0 0 -1
    outer loop
      vertex -1.9999999985098853 -1 0
      vertex 5.706316068768501 -77.72924906074999 0
      vertex 5.4176571518182755 -77.78666689306496 0
    endloop
  endfacet
  facet normal 0 0 -1
    outer loop
      vertex -1.9999999985098853 -1 0
      vertex 6 -77.7100000014901 0
      vertex 5.706316068768501 -77.72924906074999 0
    endloop
  endfacet
  facet normal 0 0 -1
    outer loop
      vertex -1.9999999985098853 -1 0
      vertex 3.8266668915748596 -79.37765715330838 0
      vertex 3.7692490592598915 -79.6663160702586 0
    endloop
  endfacet
  facet normal 0 0 -1
    outer loop
      vertex -1.9999999985098853 -1 0
      vertex 3.9212710484862328 -79.09896227777003 0
      vertex 3.8266668915748596 -79.37765715330838 0
    endloop
  endfacet
  facet normal 0 0 -1
    outer loop
      vertex -1.9999999985098853 -1 0
      vertex 4.051442839205265 -78.8350000014901 0
      vertex 3.9212710484862328 -79.09896227777003 0
    endloop
  endfacet
  facet normal 0 0 -1
    outer loop
      vertex -1.9999999985098853 -1 0
      vertex 4.214954987168312 -78.59028678447007 0
      vertex 4.051442839205265 -78.8350000014901 0
    endloop
  endfacet
  facet normal 0 0 -1
    outer loop
      vertex -1.9999999985098853 -1 0
      vertex 4.409009739756584 -78.36900974124669 0
      vertex 4.214954987168312 -78.59028678447007 0
    endloop
  endfacet
  facet normal 0 0 -1
    outer loop
      vertex -1.9999999985098853 -1 0
      vertex 4.630286782979965 -78.17495498865841 0
      vertex 4.409009739756584 -78.36900974124669 0
    endloop
  endfacet
  facet normal 0 0 -1
    outer loop
      vertex -1.9999999985098853 -1 0
      vertex 4.875 -78.01144284069537 0
      vertex 4.630286782979965 -78.17495498865841 0
    endloop
  endfacet
  facet normal 0 0 1
    outer loop
      vertex 8.950484888255595 -28.385955715477465 2.3999999999999986
      vertex 3.9212710484862328 -79.09896227777003 2.3999999999999986
      vertex 9.399364718794821 -30.642627002596853 2.3999999999999986
    endloop
  endfacet
  facet normal 0 0 1
    outer loop
      vertex 9.399364718794821 -30.642627002596853 2.3999999999999986
      vertex 4.051442839205265 -78.8350000014901 2.3999999999999986
      vertex 10.13895902186632 -32.82140157550573 2.3999999999999986
    endloop
  endfacet
  facet normal 0 0 1
    outer loop
      vertex 10.13895902186632 -32.82140157550573 2.3999999999999986
      vertex 4.409009739756584 -78.36900974124669 2.3999999999999986
      vertex 11.15661315023899 -34.884999999701975 2.3999999999999986
    endloop
  endfacet
  facet normal 0 0 1
    outer loop
      vertex 11.15661315023899 -34.884999999701975 2.3999999999999986
      vertex 4.630286782979965 -78.17495498865841 2.3999999999999986
      vertex 12.43491474688053 -36.798113534152506 2.3999999999999986
    endloop
  endfacet
  facet normal 0 0 1
    outer loop
      vertex 12.43491474688053 -36.798113534152506 2.3999999999999986
      vertex 5.138962276279926 -77.88127104997633 2.3999999999999986
      vertex 13.951991723477839 -38.52800827652216 2.3999999999999986
    endloop
  endfacet
  facet normal 0 0 1
    outer loop
      vertex 13.951991723477839 -38.52800827652216 2.3999999999999986
      vertex 5.4176571518182755 -77.78666689306496 2.3999999999999986
      vertex 15.68188646584749 -40.04508525311947 2.3999999999999986
    endloop
  endfacet
  facet normal 0 0 -1
    outer loop
      vertex 10.13895902186632 -32.82140157550573 0
      vertex 11.15661315023899 -34.884999999701975 0
      vertex 6 -77.7100000014901 0
    endloop
  endfacet
  facet normal 0 0 -1
    outer loop
      vertex 11.15661315023899 -34.884999999701975 0
      vertex 12.43491474688053 -36.798113534152506 0
      vertex 6 -77.7100000014901 0
    endloop
  endfacet
  facet normal 0 0 -1
    outer loop
      vertex 12.43491474688053 -36.798113534152506 0
      vertex 13.951991723477839 -38.52800827652216 0
      vertex 6 -77.7100000014901 0
    endloop
  endfacet
  facet normal 0 0 -1
    outer loop
      vertex 13.951991723477839 -38.52800827652216 0
      vertex 15.68188646584749 -40.04508525311947 0
      vertex 6 -77.7100000014901 0
    endloop
  endfacet
  facet normal 0 0 1
    outer loop
      vertex 8.950484888255595 -28.385955715477465 2.3999999999999986
      vertex 3.8266668915748596 -79.37765715330838 2.3999999999999986
      vertex 3.9212710484862328 -79.09896227777003 2.3999999999999986
    endloop
  endfacet
  facet normal 0 0 1
    outer loop
      vertex 9.399364718794821 -30.642627002596853 2.3999999999999986
      vertex 3.9212710484862328 -79.09896227777003 2.3999999999999986
      vertex 4.051442839205265 -78.8350000014901 2.3999999999999986
    endloop
  endfacet
  facet normal 0 0 1
    outer loop
      vertex 10.13895902186632 -32.82140157550573 2.3999999999999986
      vertex 4.051442839205265 -78.8350000014901 2.3999999999999986
      vertex 4.214954987168312 -78.59028678447007 2.3999999999999986
    endloop
  endfacet
  facet normal 0 0 1
    outer loop
      vertex 10.13895902186632 -32.82140157550573 2.3999999999999986
      vertex 4.214954987168312 -78.59028678447007 2.3999999999999986
      vertex 4.409009739756584 -78.36900974124669 2.3999999999999986
    endloop
  endfacet
  facet normal 0 0 1
    outer loop
      vertex 11.15661315023899 -34.884999999701975 2.3999999999999986
      vertex 4.409009739756584 -78.36900974124669 2.3999999999999986
      vertex 4.630286782979965 -78.17495498865841 2.3999999999999986
    endloop
  endfacet
  facet normal 0 0 1
    outer loop
      vertex 12.43491474688053 -36.798113534152506 2.3999999999999986
      vertex 4.630286782979965 -78.17495498865841 2.3999999999999986
      vertex 4.875 -78.01144284069537 2.3999999999999986
    endloop
  endfacet
  facet normal 0 0 1
    outer loop
      vertex 12.43491474688053 -36.798113534152506 2.3999999999999986
      vertex 4.875 -78.01144284069537 2.3999999999999986
      vertex 5.138962276279926 -77.88127104997633 2.3999999999999986
    endloop
  endfacet
  facet normal 0 0 1
    outer loop
      vertex 13.951991723477839 -38.52800827652216 2.3999999999999986
      vertex 5.138962276279926 -77.88127104997633 2.3999999999999986
      vertex 5.4176571518182755 -77.78666689306496 2.3999999999999986
    endloop
  endfacet
  facet normal 0 0 1
    outer loop
      vertex 15.68188646584749 -40.04508525311947 2.3999999999999986
      vertex 5.4176571518182755 -77.78666689306496 2.3999999999999986
      vertex 5.706316068768501 -77.72924906074999 2.3999999999999986
    endloop
  endfacet
  facet normal 0 0 1
    outer loop
      vertex 15.68188646584749 -40.04508525311947 2.3999999999999986
      vertex 5.706316068768501 -77.72924906074999 2.3999999999999986
      vertex 6 -77.7100000014901 2.3999999999999986
    endloop
  endfacet
  facet normal 0 0 1
    outer loop
      vertex -1.5980762079358115 0.5 2.3999999999999986
      vertex -1.771638593077661 0.14805030077695847 2.3999999999999986
      vertex 44.54999999701977 -0.25 2.3999999999999986
    endloop
  endfacet
  facet normal 0 0 1
    outer loop
      vertex 1.4499999955296516 -8.25 2.3999999999999986
      vertex 17.595000000298022 -10.836613150238989 2.3999999999999986
      vertex 19.658598424494265 -9.81895902186632 2.3999999999999986
    endloop
  endfacet
  facet normal 0 0 1
    outer loop
      vertex 1.4499999955296516 -8.25 2.3999999999999986
      vertex 19.658598424494265 -9.81895902186632 2.3999999999999986
      vertex 21.837372997403143 -9.079364718794821 2.3999999999999986
    endloop
  endfacet
  facet normal 0 0 1
    outer loop
      vertex -1.771638593077661 0.14805030077695847 2.3999999999999986
      vertex 8.25 -0.25 2.3999999999999986
      vertex 44.54999999701977 -0.25 2.3999999999999986
    endloop
  endfacet
  facet normal 0 0 1
    outer loop
      vertex -1.1213203430175795 1.1213203445076942 2.3999999999999986
      vertex 54.39807620793581 0.5 2.3999999999999986
      vertex -0.8262842878699317 1.3800600245594978 2.3999999999999986
    endloop
  endfacet
  facet normal 0 0 1
    outer loop
      vertex -1.5980762079358115 0.5 2.3999999999999986
      vertex 54.69777747392654 -0.22354286164045334 2.3999999999999986
      vertex -1.3800600230693831 0.8262842893600464 2.3999999999999986
    endloop
  endfacet
  facet normal 0 0 1
    outer loop
      vertex -1.3800600230693831 0.8262842893600464 2.3999999999999986
      vertex 54.57163859307766 0.14805030077695847 2.3999999999999986
      vertex -1.1213203430175795 1.1213203445076942 2.3999999999999986
    endloop
  endfacet
  facet normal 0 0 1
    outer loop
      vertex 1.4499999955296516 -8.25 2.3999999999999986
      vertex 44.54999999701977 -1.4500000029802322 2.3999999999999986
      vertex 4.189262978719075 -5.437595048992025 2.3999999999999986
    endloop
  endfacet
  facet normal 0 0 1
    outer loop
      vertex -0.8262842878699317 1.3800600245594978 2.3999999999999986
      vertex 54.18006002306938 0.8262842893600464 2.3999999999999986
      vertex -0.4999999985098853 1.5980762094259262 2.3999999999999986
    endloop
  endfacet
  facet normal 0 0 1
    outer loop
      vertex -0.4999999985098853 1.5980762094259262 2.3999999999999986
      vertex 53.92132034301758 1.1213203445076942 2.3999999999999986
      vertex -0.14805029928684377 1.7716385945677757 2.3999999999999986
    endloop
  endfacet
  facet normal 0 0 1
    outer loop
      vertex -0.14805029928684377 1.7716385945677757 2.3999999999999986
      vertex 53.62628428786993 1.3800600245594978 2.3999999999999986
      vertex 0.22354286313056804 1.8977774754166603 2.3999999999999986
    endloop
  endfacet
  facet normal 0 0 1
    outer loop
      vertex 0.22354286313056804 1.8977774754166603 2.3999999999999986
      vertex 53.29999999850988 1.5980762094259262 2.3999999999999986
      vertex 0.6084214240312562 1.9743345826864243 2.3999999999999986
    endloop
  endfacet
  facet normal 0 0 1
    outer loop
      vertex 0.6084214240312562 1.9743345826864243 2.3999999999999986
      vertex 52.94805029928684 1.7716385945677757 2.3999999999999986
      vertex 1.0000000014901147 2 2.3999999999999986
    endloop
  endfacet
  facet normal 0 0 1
    outer loop
      vertex 4.189262978719075 -5.437595048992025 2.3999999999999986
      vertex 44.54999999701977 -1.4500000029802322 2.3999999999999986
      vertex 4.375287615398655 -5.4005924481191485 2.3999999999999986
    endloop
  endfacet
  facet normal 0 0 1
    outer loop
      vertex 4.375287615398655 -5.4005924481191485 2.3999999999999986
      vertex 44.54999999701977 -1.4500000029802322 2.3999999999999986
      vertex 4.55489097692938 -5.339625322141366 2.3999999999999986
    endloop
  endfacet
  facet normal 0 0 1
    outer loop
      vertex 4.55489097692938 -5.339625322141366 2.3999999999999986
      vertex 44.54999999701977 -1.4500000029802322 2.3999999999999986
      vertex 4.725 -5.255736835487436 2.3999999999999986
    endloop
  endfacet
  facet normal 0 0 1
    outer loop
      vertex 4.725 -5.255736835487436 2.3999999999999986
      vertex 44.54999999701977 -1.4500000029802322 2.3999999999999986
      vertex 4.882704072062645 -5.150362343422291 2.3999999999999986
    endloop
  endfacet
  facet normal 0 0 1
    outer loop
      vertex 4.882704072062645 -5.150362343422291 2.3999999999999986
      vertex 44.54999999701977 -1.4500000029802322 2.3999999999999986
      vertex 5.025304832720494 -5.025304832720494 2.3999999999999986
    endloop
  endfacet
  facet normal 0 0 1
    outer loop
      vertex 5.025304832720494 -5.025304832720494 2.3999999999999986
      vertex 44.54999999701977 -1.4500000029802322 2.3999999999999986
      vertex 5.150362343422291 -4.882704072062645 2.3999999999999986
    endloop
  endfacet
  facet normal 0 0 1
    outer loop
      vertex 5.255736835487436 -4.725 2.3999999999999986
      vertex 5.150362343422291 -4.882704072062645 2.3999999999999986
      vertex 44.54999999701977 -1.4500000029802322 2.3999999999999986
    endloop
  endfacet
  facet normal 0 0 1
    outer loop
      vertex 1.4499999955296516 -8.25 2.3999999999999986
      vertex 21.837372997403143 -9.079364718794821 2.3999999999999986
      vertex 24.094044284522532 -8.630484888255594 2.3999999999999986
    endloop
  endfacet
  facet normal 0 0 1
    outer loop
      vertex 1.4499999955296516 -8.25 2.3999999999999986
      vertex 24.094044284522532 -8.630484888255594 2.3999999999999986
      vertex 26.39000000208616 -8.479999998509882 2.3999999999999986
    endloop
  endfacet
  facet normal 0 0 1
    outer loop
      vertex 1.4499999955296516 -8.25 2.3999999999999986
      vertex 26.39000000208616 -8.479999998509882 2.3999999999999986
      vertex 26.409999997913836 -8.479999998509882 2.3999999999999986
    endloop
  endfacet
  facet normal 0 0 -1
    outer loop
      vertex 6.6 -4 0
      vertex 17.595000000298022 -10.836613150238989 0
      vertex 15.68188646584749 -12.11491474688053 0
    endloop
  endfacet
  facet normal 0 0 -1
    outer loop
      vertex 6.6 -4 0
      vertex 19.658598424494265 -9.81895902186632 0
      vertex 17.595000000298022 -10.836613150238989 0
    endloop
  endfacet
  facet normal 0 1 0
    outer loop
      vertex 1.0000000014901147 2 2.3999999999999986
      vertex 51.79999999850988 2 2.3999999999999986
      vertex 1.0000000014901147 2 0
    endloop
  endfacet
  facet normal 0 0 -1
    outer loop
      vertex -1.8977774739265456 -0.22354286164045334 0
      vertex -1.771638593077661 0.14805030077695847 0
      vertex 54.79999999850988 -1 0
    endloop
  endfacet
  facet normal 0 0 -1
    outer loop
      vertex -1.1213203430175795 1.1213203445076942 0
      vertex -0.8262842878699317 1.3800600245594978 0
      vertex 54.39807620793581 0.5 0
    endloop
  endfacet
  facet normal 0 0 -1
    outer loop
      vertex -1.5980762079358115 0.5 0
      vertex -1.3800600230693831 0.8262842893600464 0
      vertex 54.69777747392654 -0.22354286164045334 0
    endloop
  endfacet
  facet normal 0 0 -1
    outer loop
      vertex -1.5980762079358115 0.5 0
      vertex 54.77433458119631 -0.6084214225411415 0
      vertex -1.771638593077661 0.14805030077695847 0
    endloop
  endfacet
  facet normal 0 0 -1
    outer loop
      vertex -1.3800600230693831 0.8262842893600464 0
      vertex -1.1213203430175795 1.1213203445076942 0
      vertex 54.57163859307766 0.14805030077695847 0
    endloop
  endfacet
  facet normal 0 0 -1
    outer loop
      vertex 6.6 -4 0
      vertex 21.837372997403143 -9.079364718794821 0
      vertex 19.658598424494265 -9.81895902186632 0
    endloop
  endfacet
  facet normal 0 0 -1
    outer loop
      vertex 6.6 -4 0
      vertex 24.094044284522532 -8.630484888255594 0
      vertex 21.837372997403143 -9.079364718794821 0
    endloop
  endfacet
  facet normal 0 0 -1
    outer loop
      vertex -0.8262842878699317 1.3800600245594978 0
      vertex -0.4999999985098853 1.5980762094259262 0
      vertex 54.18006002306938 0.8262842893600464 0
    endloop
  endfacet
  facet normal 0 0 -1
    outer loop
      vertex -0.4999999985098853 1.5980762094259262 0
      vertex -0.14805029928684377 1.7716385945677757 0
      vertex 53.92132034301758 1.1213203445076942 0
    endloop
  endfacet
  facet normal 0 0 -1
    outer loop
      vertex -0.14805029928684377 1.7716385945677757 0
      vertex 0.22354286313056804 1.8977774754166603 0
      vertex 53.62628428786993 1.3800600245594978 0
    endloop
  endfacet
  facet normal 0 0 -1
    outer loop
      vertex 0.22354286313056804 1.8977774754166603 0
      vertex 0.6084214240312562 1.9743345826864243 0
      vertex 53.29999999850988 1.5980762094259262 0
    endloop
  endfacet
  facet normal 0 0 -1
    outer loop
      vertex 0.6084214240312562 1.9743345826864243 0
      vertex 1.0000000014901147 2 0
      vertex 52.94805029928684 1.7716385945677757 0
    endloop
  endfacet
  facet normal 0 0 -1
    outer loop
      vertex -1.8977774739265456 -0.22354286164045334 0
      vertex 54.79999999850988 -1 0
      vertex 4 -1.4 0
    endloop
  endfacet
  facet normal 0 0 -1
    outer loop
      vertex 4.339368099772134 -1.422243360428093 0
      vertex 48.127070482733444 -1.4885928516484221 0
      vertex 4.672929517266554 -1.4885928516484221 0
    endloop
  endfacet
  facet normal 0 0 -1
    outer loop
      vertex 4.672929517266554 -1.4885928516484221 0
      vertex 47.80502307585076 -1.5979132154706543 0
      vertex 4.994976924149233 -1.5979132154706543 0
    endloop
  endfacet
  facet normal 0 0 -1
    outer loop
      vertex 4.994976924149233 -1.5979132154706543 0
      vertex 47.5 -1.7483339501604598 0
      vertex 5.3 -1.7483339501604598 0
    endloop
  endfacet
  facet normal 0 0 -1
    outer loop
      vertex 6.6 -4 0
      vertex 26.39000000208616 -8.479999998509882 0
      vertex 24.094044284522532 -8.630484888255594 0
    endloop
  endfacet
  facet normal 0 0 1
    outer loop
      vertex 5.255736835487436 -4.725 2.3999999999999986
      vertex 44.54999999701977 -1.4500000029802322 2.3999999999999986
      vertex 8.25 -1.4500000029802322 2.3999999999999986
    endloop
  endfacet
  facet normal 0 0 -1
    outer loop
      vertex 5.3 -1.7483339501604598 0
      vertex 47.5 -1.7483339501604598 0
      vertex 5.5827797154226735 -1.9372813152427883 0
    endloop
  endfacet
  facet normal 0 0 -1
    outer loop
      vertex 5.8384776310850235 -2.1615223689149765 0
      vertex 46.548333950160455 -2.7 0
      vertex 6.062718684757211 -2.4172202845773265 0
    endloop
  endfacet
  facet normal 0 0 -1
    outer loop
      vertex 5.5827797154226735 -1.9372813152427883 0
      vertex 47.21722028457732 -1.9372813152427883 0
      vertex 5.8384776310850235 -2.1615223689149765 0
    endloop
  endfacet
  facet normal 0 0 -1
    outer loop
      vertex 6.062718684757211 -2.4172202845773265 0
      vertex 46.39791321547065 -3.0050230758507666 0
      vertex 6.251666049839541 -2.7 0
    endloop
  endfacet
  facet normal 0 0 -1
    outer loop
      vertex 4 -1.4 0
      vertex 54.79999999850988 -1 0
      vertex 4.339368099772134 -1.422243360428093 0
    endloop
  endfacet
  facet normal 0 0 -1
    outer loop
      vertex 6.251666049839541 -2.7 0
      vertex 46.28859285164842 -3.327070482733446 0
      vertex 6.402086784529345 -3.0050230758507666 0
    endloop
  endfacet
  facet normal 0 0 -1
    outer loop
      vertex 6.402086784529345 -3.0050230758507666 0
      vertex 46.28859285164842 -3.327070482733446 0
      vertex 6.511407148351578 -3.327070482733446 0
    endloop
  endfacet
  facet normal 0 0 -1
    outer loop
      vertex 6.511407148351578 -3.327070482733446 0
      vertex 46.22224336042809 -3.660631900227866 0
      vertex 6.577756639571907 -3.660631900227866 0
    endloop
  endfacet
  facet normal 0 0 -1
    outer loop
      vertex 6.577756639571907 -3.660631900227866 0
      vertex 46.199999999999996 -4 0
      vertex 6.6 -4 0
    endloop
  endfacet
  facet normal 0 0 -1
    outer loop
      vertex 6.6 -4 0
      vertex 26.409999997913836 -8.479999998509882 0
      vertex 26.39000000208616 -8.479999998509882 0
    endloop
  endfacet
  facet normal 0 0 -1
    outer loop
      vertex 6.6 -4 0
      vertex 28.705955715477465 -8.630484888255594 0
      vertex 26.409999997913836 -8.479999998509882 0
    endloop
  endfacet
  facet normal 0 0 1
    outer loop
      vertex 15.68188646584749 -40.04508525311947 2.3999999999999986
      vertex 6 -77.7100000014901 2.3999999999999986
      vertex 17.595000000298022 -41.32338684976101 2.3999999999999986
    endloop
  endfacet
  facet normal 0 0 1
    outer loop
      vertex 17.595000000298022 -41.32338684976101 2.3999999999999986
      vertex 6 -77.7100000014901 2.3999999999999986
      vertex 19.658598424494265 -42.34104097813368 2.3999999999999986
    endloop
  endfacet
  facet normal 0 0 1
    outer loop
      vertex 19.658598424494265 -42.34104097813368 2.3999999999999986
      vertex 6 -77.7100000014901 2.3999999999999986
      vertex 21.837372997403143 -43.080635281205176 2.3999999999999986
    endloop
  endfacet
  facet normal 0 0 1
    outer loop
      vertex 21.837372997403143 -43.080635281205176 2.3999999999999986
      vertex 6 -77.7100000014901 2.3999999999999986
      vertex 24.094044284522532 -43.5295151117444 2.3999999999999986
    endloop
  endfacet
  facet normal 0 0 -1
    outer loop
      vertex 15.68188646584749 -40.04508525311947 0
      vertex 17.595000000298022 -41.32338684976101 0
      vertex 6 -77.7100000014901 0
    endloop
  endfacet
  facet normal 0 0 -1
    outer loop
      vertex 17.595000000298022 -41.32338684976101 0
      vertex 19.658598424494265 -42.34104097813368 0
      vertex 6 -77.7100000014901 0
    endloop
  endfacet
  facet normal 0 0 -1
    outer loop
      vertex 19.658598424494265 -42.34104097813368 0
      vertex 21.837372997403143 -43.080635281205176 0
      vertex 6 -77.7100000014901 0
    endloop
  endfacet
  facet normal 0 0 -1
    outer loop
      vertex 21.837372997403143 -43.080635281205176 0
      vertex 24.094044284522532 -43.5295151117444 0
      vertex 6 -77.7100000014901 0
    endloop
  endfacet
  facet normal 0 0 -1
    outer loop
      vertex 24.094044284522532 -43.5295151117444 0
      vertex 26.39000000208616 -43.680000001490114 0
      vertex 6 -77.7100000014901 0
    endloop
  endfacet
  facet normal 0 0 1
    outer loop
      vertex 24.094044284522532 -43.5295151117444 2.3999999999999986
      vertex 27.91134456098646 -46.10077988116189 2.3999999999999986
      vertex 26.39000000208616 -43.680000001490114 2.3999999999999986
    endloop
  endfacet
  facet normal 0 0 -1
    outer loop
      vertex 26.39000000208616 -43.680000001490114 0
      vertex 26.409999997913836 -43.680000001490114 0
      vertex 6 -77.7100000014901 0
    endloop
  endfacet
  facet normal 0 0 -1
    outer loop
      vertex 6 -77.7100000014901 0
      vertex 26.409999997913836 -43.680000001490114 0
      vertex 28.705955715477465 -43.5295151117444 0
    endloop
  endfacet
  facet normal 0 0 -1
    outer loop
      vertex 6 -77.7100000014901 0
      vertex 28.705955715477465 -43.5295151117444 0
      vertex 30.962627002596854 -43.080635281205176 0
    endloop
  endfacet
  facet normal 0 0 -1
    outer loop
      vertex 6 -77.7100000014901 0
      vertex 30.962627002596854 -43.080635281205176 0
      vertex 33.14140157550573 -42.34104097813368 0
    endloop
  endfacet
  facet normal 0 0 -1
    outer loop
      vertex 6 -77.7100000014901 0
      vertex 33.14140157550573 -42.34104097813368 0
      vertex 35.204999999701975 -41.32338684976101 0
    endloop
  endfacet
  facet normal 0 0 1
    outer loop
      vertex 24.094044284522532 -43.5295151117444 2.3999999999999986
      vertex 6 -77.7100000014901 2.3999999999999986
      vertex 27.820000000000004 -62.34 2.3999999999999986
    endloop
  endfacet
  facet normal 0 0 1
    outer loop
      vertex 6 -77.7100000014901 2.3999999999999986
      vertex 27.830266166351432 -62.49663143066407 2.3999999999999986
      vertex 27.820000000000004 -62.34 2.3999999999999986
    endloop
  endfacet
  facet normal 0 0 1
    outer loop
      vertex 6 -77.7100000014901 2.3999999999999986
      vertex 27.86088900845312 -62.65058285412303 2.3999999999999986
      vertex 27.830266166351432 -62.49663143066407 2.3999999999999986
    endloop
  endfacet
  facet normal 0 0 1
    outer loop
      vertex 6 -77.7100000014901 2.3999999999999986
      vertex 27.91134456098646 -62.799220118838115 2.3999999999999986
      vertex 27.86088900845312 -62.65058285412303 2.3999999999999986
    endloop
  endfacet
  facet normal 0 0 1
    outer loop
      vertex 6 -77.7100000014901 2.3999999999999986
      vertex 27.980769515458675 -62.940000000000005 2.3999999999999986
      vertex 27.91134456098646 -62.799220118838115 2.3999999999999986
    endloop
  endfacet
  facet normal 0 0 1
    outer loop
      vertex 6 -77.7100000014901 2.3999999999999986
      vertex 28.06797599165052 -63.07051371481047 2.3999999999999986
      vertex 27.980769515458675 -62.940000000000005 2.3999999999999986
    endloop
  endfacet
  facet normal 0 0 1
    outer loop
      vertex 6 -77.7100000014901 2.3999999999999986
      vertex 28.171471862576148 -63.18852813742386 2.3999999999999986
      vertex 28.06797599165052 -63.07051371481047 2.3999999999999986
    endloop
  endfacet
  facet normal 0 0 1
    outer loop
      vertex 6 -77.7100000014901 2.3999999999999986
      vertex 28.28948628518954 -63.292024008349486 2.3999999999999986
      vertex 28.171471862576148 -63.18852813742386 2.3999999999999986
    endloop
  endfacet
  facet normal 0 0 1
    outer loop
      vertex 1.4499999955296516 -8.25 2.3999999999999986
      vertex 1.4499999955296516 -145.75 2.3999999999999986
      vertex 3.75 -79.9600000014901 2.3999999999999986
    endloop
  endfacet
  facet normal 0 0 -1
    outer loop
      vertex -1.9999999985098853 -1 0
      vertex 3.7692490592598915 -79.6663160702586 0
      vertex -1.9999999985098853 -153 0
    endloop
  endfacet
  facet normal 0 0 1
    outer loop
      vertex 0.25 -8.25 2.3999999999999986
      vertex -1.9999999985098853 -153 2.3999999999999986
      vertex 0.25 -145.75 2.3999999999999986
    endloop
  endfacet
  facet normal -1 0 0
    outer loop
      vertex -1.9999999985098853 -1 2.3999999999999986
      vertex -1.9999999985098853 -153 0
      vertex -1.9999999985098853 -153 2.3999999999999986
    endloop
  endfacet
  facet normal 0 0 -1
    outer loop
      vertex 3.75 -79.9600000014901 0
      vertex -1.9999999985098853 -153 0
      vertex 3.7692490592598915 -79.6663160702586 0
    endloop
  endfacet
  facet normal 0 0 1
    outer loop
      vertex 3.75 -79.9600000014901 2.3999999999999986
      vertex 1.4499999955296516 -145.75 2.3999999999999986
      vertex 3.75 -135.25999999850987 2.3999999999999986
    endloop
  endfacet
  facet normal 0 0 -1
    outer loop
      vertex 3.75 -79.9600000014901 0
      vertex 3.75 -135.25999999850987 0
      vertex -1.9999999985098853 -153 0
    endloop
  endfacet
  facet normal 0 0 1
    outer loop
      vertex 0.25 -145.75 2.3999999999999986
      vertex -1.9999999985098853 -153 2.3999999999999986
      vertex 2.744263164512564 -149.275 2.3999999999999986
    endloop
  endfacet
  facet normal 0 0 1
    outer loop
      vertex -1.9999999985098853 -153 2.3999999999999986
      vertex 2.599407551880851 -149.62471238460134 2.3999999999999986
      vertex 2.660374677858634 -149.44510902307061 2.3999999999999986
    endloop
  endfacet
  facet normal 0 0 1
    outer loop
      vertex -1.9999999985098853 -153 2.3999999999999986
      vertex 2.55 -150 2.3999999999999986
      vertex 2.562404951007975 -149.81073702128091 2.3999999999999986
    endloop
  endfacet
  facet normal 0 0 1
    outer loop
      vertex -1.9999999985098853 -153 2.3999999999999986
      vertex 2.562404951007975 -149.81073702128091 2.3999999999999986
      vertex 2.599407551880851 -149.62471238460134 2.3999999999999986
    endloop
  endfacet
  facet normal 0 0 1
    outer loop
      vertex -1.9999999985098853 -153 2.3999999999999986
      vertex 2.660374677858634 -149.44510902307061 2.3999999999999986
      vertex 2.744263164512564 -149.275 2.3999999999999986
    endloop
  endfacet
  facet normal 0 0 1
    outer loop
      vertex 0.22354286313056804 -155.89777747541666 2.3999999999999986
      vertex 0.6084214240312562 -155.97433458268642 2.3999999999999986
      vertex 1.0000000014901147 -156 2.3999999999999986
    endloop
  endfacet
  facet normal 0 0 1
    outer loop
      vertex -1.9999999985098853 -153 2.3999999999999986
      vertex 2.562404951007975 -150.18926297871909 2.3999999999999986
      vertex 2.55 -150 2.3999999999999986
    endloop
  endfacet
  facet normal 0 0 1
    outer loop
      vertex -1.9999999985098853 -153 2.3999999999999986
      vertex 2.599407551880851 -150.37528761539866 2.3999999999999986
      vertex 2.562404951007975 -150.18926297871909 2.3999999999999986
    endloop
  endfacet
  facet normal 0 0 1
    outer loop
      vertex -1.9999999985098853 -153 2.3999999999999986
      vertex 2.660374677858634 -150.55489097692939 2.3999999999999986
      vertex 2.599407551880851 -150.37528761539866 2.3999999999999986
    endloop
  endfacet
  facet normal 0 0 1
    outer loop
      vertex -1.9999999985098853 -153 2.3999999999999986
      vertex 2.744263164512564 -150.725 2.3999999999999986
      vertex 2.660374677858634 -150.55489097692939 2.3999999999999986
    endloop
  endfacet
  facet normal 0 0 1
    outer loop
      vertex -1.9999999985098853 -153 2.3999999999999986
      vertex 2.849637656577709 -150.88270407206264 2.3999999999999986
      vertex 2.744263164512564 -150.725 2.3999999999999986
    endloop
  endfacet
  facet normal 0 0 1
    outer loop
      vertex -1.9999999985098853 -153 2.3999999999999986
      vertex 2.9746951672795063 -151.0253048327205 2.3999999999999986
      vertex 2.849637656577709 -150.88270407206264 2.3999999999999986
    endloop
  endfacet
  facet normal 0 0 1
    outer loop
      vertex -1.9999999985098853 -153 2.3999999999999986
      vertex 3.117295927937355 -151.1503623434223 2.3999999999999986
      vertex 2.9746951672795063 -151.0253048327205 2.3999999999999986
    endloop
  endfacet
  facet normal 0 0 1
    outer loop
      vertex -1.9999999985098853 -153 2.3999999999999986
      vertex 3.275 -151.25573683548743 2.3999999999999986
      vertex 3.117295927937355 -151.1503623434223 2.3999999999999986
    endloop
  endfacet
  facet normal 0 0 1
    outer loop
      vertex -1.9999999985098853 -153 2.3999999999999986
      vertex -1.9743345811963096 -153.39157857745886 2.3999999999999986
      vertex 8.25 -152.54999999701977 2.3999999999999986
    endloop
  endfacet
  facet normal 0 0 1
    outer loop
      vertex -1.9743345811963096 -153.39157857745886 2.3999999999999986
      vertex -1.8977774739265456 -153.77645713835955 2.3999999999999986
      vertex 8.25 -152.54999999701977 2.3999999999999986
    endloop
  endfacet
  facet normal 0 0 1
    outer loop
      vertex 3.75 -135.25999999850987 2.3999999999999986
      vertex 1.4499999955296516 -145.75 2.3999999999999986
      vertex 3.7692490592598915 -135.55368392974137 2.3999999999999986
    endloop
  endfacet
  facet normal 0 0 1
    outer loop
      vertex 3.7692490592598915 -135.55368392974137 2.3999999999999986
      vertex 1.4499999955296516 -145.75 2.3999999999999986
      vertex 3.8266668915748596 -135.8423428466916 2.3999999999999986
    endloop
  endfacet
  facet normal 0 0 1
    outer loop
      vertex 3.8266668915748596 -135.8423428466916 2.3999999999999986
      vertex 1.4499999955296516 -145.75 2.3999999999999986
      vertex 3.9212710484862328 -136.12103772222994 2.3999999999999986
    endloop
  endfacet
  facet normal 0 0 1
    outer loop
      vertex 3.9212710484862328 -136.12103772222994 2.3999999999999986
      vertex 1.4499999955296516 -145.75 2.3999999999999986
      vertex 4.051442839205265 -136.38499999850987 2.3999999999999986
    endloop
  endfacet
  facet normal 0 0 1
    outer loop
      vertex 1.4499999955296516 -145.75 2.3999999999999986
      vertex 4.214954987168312 -136.6297132155299 2.3999999999999986
      vertex 4.051442839205265 -136.38499999850987 2.3999999999999986
    endloop
  endfacet
  facet normal 0 0 1
    outer loop
      vertex 1.4499999955296516 -145.75 2.3999999999999986
      vertex 4.409009739756584 -136.85099025875328 2.3999999999999986
      vertex 4.214954987168312 -136.6297132155299 2.3999999999999986
    endloop
  endfacet
  facet normal 0 0 1
    outer loop
      vertex 1.4499999955296516 -145.75 2.3999999999999986
      vertex 4.630286782979965 -137.04504501134156 2.3999999999999986
      vertex 4.409009739756584 -136.85099025875328 2.3999999999999986
    endloop
  endfacet
  facet normal 0 0 1
    outer loop
      vertex 1.4499999955296516 -145.75 2.3999999999999986
      vertex 4.875 -137.2085571593046 2.3999999999999986
      vertex 4.630286782979965 -137.04504501134156 2.3999999999999986
    endloop
  endfacet
  facet normal 0 0 1
    outer loop
      vertex 1.4499999955296516 -145.75 2.3999999999999986
      vertex 5.138962276279926 -137.33872895002364 2.3999999999999986
      vertex 4.875 -137.2085571593046 2.3999999999999986
    endloop
  endfacet
  facet normal 0 0 1
    outer loop
      vertex 1.4499999955296516 -145.75 2.3999999999999986
      vertex 5.4176571518182755 -137.433333106935 2.3999999999999986
      vertex 5.138962276279926 -137.33872895002364 2.3999999999999986
    endloop
  endfacet
  facet normal 0 0 1
    outer loop
      vertex 1.4499999955296516 -145.75 2.3999999999999986
      vertex 5.706316068768501 -137.49075093924998 2.3999999999999986
      vertex 5.4176571518182755 -137.433333106935 2.3999999999999986
    endloop
  endfacet
  facet normal 0 0 1
    outer loop
      vertex 0.25 -145.75 2.3999999999999986
      vertex 3.624712384601345 -148.59940755188086 2.3999999999999986
      vertex 1.4499999955296516 -145.75 2.3999999999999986
    endloop
  endfacet
  facet normal 0 0 1
    outer loop
      vertex 0.25 -145.75 2.3999999999999986
      vertex 2.744263164512564 -149.275 2.3999999999999986
      vertex 2.849637656577709 -149.11729592793736 2.3999999999999986
    endloop
  endfacet
  facet normal 0 0 1
    outer loop
      vertex 0.25 -145.75 2.3999999999999986
      vertex 2.849637656577709 -149.11729592793736 2.3999999999999986
      vertex 2.9746951672795063 -148.9746951672795 2.3999999999999986
    endloop
  endfacet
  facet normal 0 0 1
    outer loop
      vertex 0.25 -145.75 2.3999999999999986
      vertex 2.9746951672795063 -148.9746951672795 2.3999999999999986
      vertex 3.117295927937355 -148.8496376565777 2.3999999999999986
    endloop
  endfacet
  facet normal 0 0 1
    outer loop
      vertex 0.25 -145.75 2.3999999999999986
      vertex 3.117295927937355 -148.8496376565777 2.3999999999999986
      vertex 3.275 -148.74426316451257 2.3999999999999986
    endloop
  endfacet
  facet normal 0 0 1
    outer loop
      vertex 0.25 -145.75 2.3999999999999986
      vertex 3.275 -148.74426316451257 2.3999999999999986
      vertex 3.4451090230706196 -148.66037467785864 2.3999999999999986
    endloop
  endfacet
  facet normal 0 0 1
    outer loop
      vertex 0.25 -145.75 2.3999999999999986
      vertex 3.4451090230706196 -148.66037467785864 2.3999999999999986
      vertex 3.624712384601345 -148.59940755188086 2.3999999999999986
    endloop
  endfacet
  facet normal 0 0 1
    outer loop
      vertex 1.4499999955296516 -145.75 2.3999999999999986
      vertex 3.624712384601345 -148.59940755188086 2.3999999999999986
      vertex 3.810737021280925 -148.56240495100798 2.3999999999999986
    endloop
  endfacet
  facet normal 0 0 1
    outer loop
      vertex 1.4499999955296516 -145.75 2.3999999999999986
      vertex 3.810737021280925 -148.56240495100798 2.3999999999999986
      vertex 4 -148.55 2.3999999999999986
    endloop
  endfacet
  facet normal 0 0 1
    outer loop
      vertex 1.4499999955296516 -145.75 2.3999999999999986
      vertex 4 -148.55 2.3999999999999986
      vertex 4.189262978719075 -148.56240495100798 2.3999999999999986
    endloop
  endfacet
  facet normal 0 0 1
    outer loop
      vertex -1.9999999985098853 -153 2.3999999999999986
      vertex 3.4451090230706196 -151.33962532214136 2.3999999999999986
      vertex 3.275 -151.25573683548743 2.3999999999999986
    endloop
  endfacet
  facet normal 0 0 1
    outer loop
      vertex -1.9999999985098853 -153 2.3999999999999986
      vertex 3.624712384601345 -151.40059244811914 2.3999999999999986
      vertex 3.4451090230706196 -151.33962532214136 2.3999999999999986
    endloop
  endfacet
  facet normal 0 0 1
    outer loop
      vertex -1.9999999985098853 -153 2.3999999999999986
      vertex 3.810737021280925 -151.43759504899202 2.3999999999999986
      vertex 3.624712384601345 -151.40059244811914 2.3999999999999986
    endloop
  endfacet
  facet normal 0 0 1
    outer loop
      vertex -1.9999999985098853 -153 2.3999999999999986
      vertex 4 -151.45 2.3999999999999986
      vertex 3.810737021280925 -151.43759504899202 2.3999999999999986
    endloop
  endfacet
  facet normal 0 0 1
    outer loop
      vertex -1.9999999985098853 -153 2.3999999999999986
      vertex 4.189262978719075 -151.43759504899202 2.3999999999999986
      vertex 4 -151.45 2.3999999999999986
    endloop
  endfacet
  facet normal 0 0 1
    outer loop
      vertex -1.9999999985098853 -153 2.3999999999999986
      vertex 4.375287615398655 -151.40059244811914 2.3999999999999986
      vertex 4.189262978719075 -151.43759504899202 2.3999999999999986
    endloop
  endfacet
  facet normal 0 0 1
    outer loop
      vertex 1.4499999955296516 -145.75 2.3999999999999986
      vertex 4.189262978719075 -148.56240495100798 2.3999999999999986
      vertex 4.375287615398655 -148.59940755188086 2.3999999999999986
    endloop
  endfacet
  facet normal 0 0 1
    outer loop
      vertex -1.9999999985098853 -153 2.3999999999999986
      vertex 8.25 -152.54999999701977 2.3999999999999986
      vertex 4.375287615398655 -151.40059244811914 2.3999999999999986
    endloop
  endfacet
  facet normal 0 0 1
    outer loop
      vertex -1.8977774739265456 -153.77645713835955 2.3999999999999986
      vertex 8.25 -153.75 2.3999999999999986
      vertex 8.25 -152.54999999701977 2.3999999999999986
    endloop
  endfacet
  facet normal 0 0 -1
    outer loop
      vertex 3.7692490592598915 -135.55368392974137 0
      vertex 1.5979132154706543 -149.00502307585077 0
      vertex -1.9999999985098853 -153 0
    endloop
  endfacet
  facet normal -0.9978589230086541 -0.06540313273849395 0
    outer loop
      vertex -1.9999999985098853 -153 2.3999999999999986
      vertex -1.9743345811963096 -153.39157857745886 0
      vertex -1.9743345811963096 -153.39157857745886 2.3999999999999986
    endloop
  endfacet
  facet normal -0.980785279639006 -0.19509032585814406 0
    outer loop
      vertex -1.9743345811963096 -153.39157857745886 2.3999999999999986
      vertex -1.8977774739265456 -153.77645713835955 0
      vertex -1.8977774739265456 -153.77645713835955 2.3999999999999986
    endloop
  endfacet
  facet normal -0.9469301300366788 -0.3214394637077385 0
    outer loop
      vertex -1.8977774739265456 -153.77645713835955 2.3999999999999986
      vertex -1.771638593077661 -154.14805030077696 0
      vertex -1.771638593077661 -154.14805030077696 2.3999999999999986
    endloop
  endfacet
  facet normal -0.8968727407473451 -0.4422886918115197 0
    outer loop
      vertex -1.771638593077661 -154.14805030077696 2.3999999999999986
      vertex -1.5980762079358115 -154.5 0
      vertex -1.5980762079358115 -154.5 2.3999999999999986
    endloop
  endfacet
  facet normal -0.8314696207458844 -0.5555702203832522 0
    outer loop
      vertex -1.5980762079358115 -154.5 2.3999999999999986
      vertex -1.3800600230693831 -154.82628428936005 0
      vertex -1.3800600230693831 -154.82628428936005 2.3999999999999986
    endloop
  endfacet
  facet normal -0.7518398024852507 -0.6593458207943228 0
    outer loop
      vertex -1.3800600230693831 -154.82628428936005 2.3999999999999986
      vertex -1.1213203430175795 -155.1213203445077 0
      vertex -1.1213203430175795 -155.1213203445077 2.3999999999999986
    endloop
  endfacet
  facet normal -0.6593458207943228 -0.7518398024852507 0
    outer loop
      vertex -1.1213203430175795 -155.1213203445077 2.3999999999999986
      vertex -0.8262842878699317 -155.3800600245595 0
      vertex -0.8262842878699317 -155.3800600245595 2.3999999999999986
    endloop
  endfacet
  facet normal -0.5555702203832522 -0.8314696207458844 0
    outer loop
      vertex -0.8262842878699317 -155.3800600245595 2.3999999999999986
      vertex -0.4999999985098853 -155.59807620942593 0
      vertex -0.4999999985098853 -155.59807620942593 2.3999999999999986
    endloop
  endfacet
  facet normal -0.4422886918115197 -0.8968727407473451 0
    outer loop
      vertex -0.4999999985098853 -155.59807620942593 2.3999999999999986
      vertex -0.14805029928684377 -155.77163859456778 0
      vertex -0.14805029928684377 -155.77163859456778 2.3999999999999986
    endloop
  endfacet
  facet normal -0.3214394637077385 -0.9469301300366788 0
    outer loop
      vertex -0.14805029928684377 -155.77163859456778 2.3999999999999986
      vertex 0.22354286313056804 -155.89777747541666 0
      vertex 0.22354286313056804 -155.89777747541666 2.3999999999999986
    endloop
  endfacet
  facet normal -0.19509032585814406 -0.980785279639006 0
    outer loop
      vertex 0.22354286313056804 -155.89777747541666 2.3999999999999986
      vertex 0.6084214240312562 -155.97433458268642 0
      vertex 0.6084214240312562 -155.97433458268642 2.3999999999999986
    endloop
  endfacet
  facet normal -0.06540313273849395 -0.9978589230086541 0
    outer loop
      vertex 0.6084214240312562 -155.97433458268642 2.3999999999999986
      vertex 1.0000000014901147 -156 0
      vertex 1.0000000014901147 -156 2.3999999999999986
    endloop
  endfacet
  facet normal -0.9978589230086541 -0.06540313273849395 0
    outer loop
      vertex -1.9999999985098853 -153 2.3999999999999986
      vertex -1.9999999985098853 -153 0
      vertex -1.9743345811963096 -153.39157857745886 0
    endloop
  endfacet
  facet normal -0.980785279639006 -0.19509032585814406 0
    outer loop
      vertex -1.9743345811963096 -153.39157857745886 2.3999999999999986
      vertex -1.9743345811963096 -153.39157857745886 0
      vertex -1.8977774739265456 -153.77645713835955 0
    endloop
  endfacet
  facet normal -0.9469301300366788 -0.3214394637077385 0
    outer loop
      vertex -1.8977774739265456 -153.77645713835955 2.3999999999999986
      vertex -1.8977774739265456 -153.77645713835955 0
      vertex -1.771638593077661 -154.14805030077696 0
    endloop
  endfacet
  facet normal -0.8968727407473451 -0.4422886918115197 0
    outer loop
      vertex -1.771638593077661 -154.14805030077696 2.3999999999999986
      vertex -1.771638593077661 -154.14805030077696 0
      vertex -1.5980762079358115 -154.5 0
    endloop
  endfacet
  facet normal -0.8314696207458844 -0.5555702203832522 0
    outer loop
      vertex -1.5980762079358115 -154.5 2.3999999999999986
      vertex -1.5980762079358115 -154.5 0
      vertex -1.3800600230693831 -154.82628428936005 0
    endloop
  endfacet
  facet normal -0.7518398024852507 -0.6593458207943228 0
    outer loop
      vertex -1.3800600230693831 -154.82628428936005 2.3999999999999986
      vertex -1.3800600230693831 -154.82628428936005 0
      vertex -1.1213203430175795 -155.1213203445077 0
    endloop
  endfacet
  facet normal -0.6593458207943228 -0.7518398024852507 0
    outer loop
      vertex -1.1213203430175795 -155.1213203445077 2.3999999999999986
      vertex -1.1213203430175795 -155.1213203445077 0
      vertex -0.8262842878699317 -155.3800600245595 0
    endloop
  endfacet
  facet normal -0.5555702203832522 -0.8314696207458844 0
    outer loop
      vertex -0.8262842878699317 -155.3800600245595 2.3999999999999986
      vertex -0.8262842878699317 -155.3800600245595 0
      vertex -0.4999999985098853 -155.59807620942593 0
    endloop
  endfacet
  facet normal -0.4422886918115197 -0.8968727407473451 0
    outer loop
      vertex -0.4999999985098853 -155.59807620942593 2.3999999999999986
      vertex -0.4999999985098853 -155.59807620942593 0
      vertex -0.14805029928684377 -155.77163859456778 0
    endloop
  endfacet
  facet normal 0 0 -1
    outer loop
      vertex -1.9999999985098853 -153 0
      vertex 1.5979132154706543 -149.00502307585077 0
      vertex 1.4885928516484221 -149.32707048273343 0
    endloop
  endfacet
  facet normal 0 0 -1
    outer loop
      vertex -1.9999999985098853 -153 0
      vertex 1.4885928516484221 -149.32707048273343 0
      vertex 1.422243360428093 -149.66063190022786 0
    endloop
  endfacet
  facet normal 0 0 -1
    outer loop
      vertex -1.9999999985098853 -153 0
      vertex 1.422243360428093 -149.66063190022786 0
      vertex 1.4 -150 0
    endloop
  endfacet
  facet normal -0.3214394637077385 -0.9469301300366788 0
    outer loop
      vertex -0.14805029928684377 -155.77163859456778 2.3999999999999986
      vertex -0.14805029928684377 -155.77163859456778 0
      vertex 0.22354286313056804 -155.89777747541666 0
    endloop
  endfacet
  facet normal -0.19509032585814406 -0.980785279639006 0
    outer loop
      vertex 0.22354286313056804 -155.89777747541666 2.3999999999999986
      vertex 0.22354286313056804 -155.89777747541666 0
      vertex 0.6084214240312562 -155.97433458268642 0
    endloop
  endfacet
  facet normal -0.06540313273849395 -0.9978589230086541 0
    outer loop
      vertex 0.6084214240312562 -155.97433458268642 2.3999999999999986
      vertex 0.6084214240312562 -155.97433458268642 0
      vertex 1.0000000014901147 -156 0
    endloop
  endfacet
  facet normal 0 0 -1
    outer loop
      vertex -1.9999999985098853 -153 0
      vertex 1.4 -150 0
      vertex 1.422243360428093 -150.33936809977214 0
    endloop
  endfacet
  facet normal 0 0 -1
    outer loop
      vertex -1.9999999985098853 -153 0
      vertex 1.422243360428093 -150.33936809977214 0
      vertex 1.4885928516484221 -150.67292951726657 0
    endloop
  endfacet
  facet normal 0 0 -1
    outer loop
      vertex -1.9999999985098853 -153 0
      vertex 1.4885928516484221 -150.67292951726657 0
      vertex 1.5979132154706543 -150.99497692414923 0
    endloop
  endfacet
  facet normal 0 0 -1
    outer loop
      vertex -1.9999999985098853 -153 0
      vertex 1.5979132154706543 -150.99497692414923 0
      vertex 1.7483339501604598 -151.3 0
    endloop
  endfacet
  facet normal 0 0 -1
    outer loop
      vertex -1.9999999985098853 -153 0
      vertex 1.7483339501604598 -151.3 0
      vertex 1.9372813152427883 -151.58277971542267 0
    endloop
  endfacet
  facet normal 0 0 -1
    outer loop
      vertex 0.22354286313056804 -155.89777747541666 0
      vertex 1.0000000014901147 -156 0
      vertex 0.6084214240312562 -155.97433458268642 0
    endloop
  endfacet
  facet normal 0 0 -1
    outer loop
      vertex -1.9999999985098853 -153 0
      vertex 1.9372813152427883 -151.58277971542267 0
      vertex 2.1615223689149765 -151.83847763108503 0
    endloop
  endfacet
  facet normal 0 0 -1
    outer loop
      vertex -1.9999999985098853 -153 0
      vertex 2.1615223689149765 -151.83847763108503 0
      vertex 2.4172202845773265 -152.06271868475721 0
    endloop
  endfacet
  facet normal 0 0 -1
    outer loop
      vertex -1.9999999985098853 -153 0
      vertex 2.4172202845773265 -152.06271868475721 0
      vertex 2.7 -152.25166604983954 0
    endloop
  endfacet
  facet normal 0 0 -1
    outer loop
      vertex -1.9999999985098853 -153 0
      vertex 2.7 -152.25166604983954 0
      vertex 3.0050230758507666 -152.40208678452936 0
    endloop
  endfacet
  facet normal 0 0 -1
    outer loop
      vertex -1.9999999985098853 -153 0
      vertex 3.0050230758507666 -152.40208678452936 0
      vertex 3.327070482733446 -152.51140714835157 0
    endloop
  endfacet
  facet normal 0 0 -1
    outer loop
      vertex 3.7692490592598915 -135.55368392974137 0
      vertex 3.8266668915748596 -135.8423428466916 0
      vertex 1.7483339501604598 -148.7 0
    endloop
  endfacet
  facet normal 0 0 -1
    outer loop
      vertex 3.8266668915748596 -135.8423428466916 0
      vertex 3.9212710484862328 -136.12103772222994 0
      vertex 1.9372813152427883 -148.41722028457733 0
    endloop
  endfacet
  facet normal 0 0 -1
    outer loop
      vertex 3.75 -135.25999999850987 0
      vertex 3.7692490592598915 -135.55368392974137 0
      vertex -1.9999999985098853 -153 0
    endloop
  endfacet
  facet normal 0 0 -1
    outer loop
      vertex 3.7692490592598915 -135.55368392974137 0
      vertex 1.7483339501604598 -148.7 0
      vertex 1.5979132154706543 -149.00502307585077 0
    endloop
  endfacet
  facet normal 0 0 -1
    outer loop
      vertex 3.8266668915748596 -135.8423428466916 0
      vertex 1.9372813152427883 -148.41722028457733 0
      vertex 1.7483339501604598 -148.7 0
    endloop
  endfacet
  facet normal 0 0 -1
    outer loop
      vertex 3.9212710484862328 -136.12103772222994 0
      vertex 2.1615223689149765 -148.16152236891497 0
      vertex 1.9372813152427883 -148.41722028457733 0
    endloop
  endfacet
  facet normal 0 0 -1
    outer loop
      vertex 4.051442839205265 -136.38499999850987 0
      vertex 2.4172202845773265 -147.93728131524279 0
      vertex 2.1615223689149765 -148.16152236891497 0
    endloop
  endfacet
  facet normal 0 0 -1
    outer loop
      vertex 4.214954987168312 -136.6297132155299 0
      vertex 2.7 -147.74833395016046 0
      vertex 2.4172202845773265 -147.93728131524279 0
    endloop
  endfacet
  facet normal 0 0 -1
    outer loop
      vertex 3.9212710484862328 -136.12103772222994 0
      vertex 4.051442839205265 -136.38499999850987 0
      vertex 2.1615223689149765 -148.16152236891497 0
    endloop
  endfacet
  facet normal 0 0 -1
    outer loop
      vertex 4.051442839205265 -136.38499999850987 0
      vertex 4.214954987168312 -136.6297132155299 0
      vertex 2.4172202845773265 -147.93728131524279 0
    endloop
  endfacet
  facet normal 0 0 -1
    outer loop
      vertex 4.214954987168312 -136.6297132155299 0
      vertex 4.409009739756584 -136.85099025875328 0
      vertex 2.7 -147.74833395016046 0
    endloop
  endfacet
  facet normal 0 0 -1
    outer loop
      vertex 4.409009739756584 -136.85099025875328 0
      vertex 4.630286782979965 -137.04504501134156 0
      vertex 3.0050230758507666 -147.59791321547064 0
    endloop
  endfacet
  facet normal 0 0 -1
    outer loop
      vertex 4.630286782979965 -137.04504501134156 0
      vertex 4.875 -137.2085571593046 0
      vertex 3.0050230758507666 -147.59791321547064 0
    endloop
  endfacet
  facet normal 0 0 -1
    outer loop
      vertex 4.875 -137.2085571593046 0
      vertex 5.138962276279926 -137.33872895002364 0
      vertex 3.327070482733446 -147.48859285164843 0
    endloop
  endfacet
  facet normal 0 0 -1
    outer loop
      vertex 3.660631900227866 -147.4222433604281 0
      vertex 5.138962276279926 -137.33872895002364 0
      vertex 5.4176571518182755 -137.433333106935 0
    endloop
  endfacet
  facet normal 0 0 -1
    outer loop
      vertex 4 -147.4 0
      vertex 5.4176571518182755 -137.433333106935 0
      vertex 5.706316068768501 -137.49075093924998 0
    endloop
  endfacet
  facet normal 0 0 -1
    outer loop
      vertex 4.409009739756584 -136.85099025875328 0
      vertex 3.0050230758507666 -147.59791321547064 0
      vertex 2.7 -147.74833395016046 0
    endloop
  endfacet
  facet normal 0 0 -1
    outer loop
      vertex 4.875 -137.2085571593046 0
      vertex 3.327070482733446 -147.48859285164843 0
      vertex 3.0050230758507666 -147.59791321547064 0
    endloop
  endfacet
  facet normal 0 0 -1
    outer loop
      vertex 3.327070482733446 -147.48859285164843 0
      vertex 5.138962276279926 -137.33872895002364 0
      vertex 3.660631900227866 -147.4222433604281 0
    endloop
  endfacet
  facet normal 0 0 -1
    outer loop
      vertex 3.660631900227866 -147.4222433604281 0
      vertex 5.4176571518182755 -137.433333106935 0
      vertex 4 -147.4 0
    endloop
  endfacet
  facet normal 0 0 -1
    outer loop
      vertex 4 -147.4 0
      vertex 5.706316068768501 -137.49075093924998 0
      vertex 4.339368099772134 -147.4222433604281 0
    endloop
  endfacet
  facet normal 0 0 -1
    outer loop
      vertex 4.339368099772134 -147.4222433604281 0
      vertex 6 -137.50999999850987 0
      vertex 4.672929517266554 -147.48859285164843 0
    endloop
  endfacet
  facet normal 0 0 -1
    outer loop
      vertex -1.9999999985098853 -153 0
      vertex 3.327070482733446 -152.51140714835157 0
      vertex 3.660631900227866 -152.5777566395719 0
    endloop
  endfacet
  facet normal 0 0 -1
    outer loop
      vertex -1.9999999985098853 -153 0
      vertex 3.660631900227866 -152.5777566395719 0
      vertex 4 -152.6 0
    endloop
  endfacet
  facet normal 0 0 -1
    outer loop
      vertex -1.9999999985098853 -153 0
      vertex 4 -152.6 0
      vertex 4.339368099772134 -152.5777566395719 0
    endloop
  endfacet
  facet normal 0 0 1
    outer loop
      vertex 5.4005924481191485 -149.62471238460134 2.3999999999999986
      vertex 5.437595048992025 -149.81073702128091 2.3999999999999986
      vertex 8.25 -152.54999999701977 2.3999999999999986
    endloop
  endfacet
  facet normal 0 0 1
    outer loop
      vertex 5.4005924481191485 -150.37528761539866 2.3999999999999986
      vertex 8.25 -152.54999999701977 2.3999999999999986
      vertex 5.437595048992025 -150.18926297871909 2.3999999999999986
    endloop
  endfacet
  facet normal 0 0 1
    outer loop
      vertex 5.437595048992025 -149.81073702128091 2.3999999999999986
      vertex 5.45 -150 2.3999999999999986
      vertex 8.25 -152.54999999701977 2.3999999999999986
    endloop
  endfacet
  facet normal 0 0 1
    outer loop
      vertex 5.45 -150 2.3999999999999986
      vertex 5.437595048992025 -150.18926297871909 2.3999999999999986
      vertex 8.25 -152.54999999701977 2.3999999999999986
    endloop
  endfacet
  facet normal 0 0 1
    outer loop
      vertex 4.375287615398655 -151.40059244811914 2.3999999999999986
      vertex 8.25 -152.54999999701977 2.3999999999999986
      vertex 4.55489097692938 -151.33962532214136 2.3999999999999986
    endloop
  endfacet
  facet normal 0 0 1
    outer loop
      vertex 4.725 -151.25573683548743 2.3999999999999986
      vertex 8.25 -152.54999999701977 2.3999999999999986
      vertex 4.882704072062645 -151.1503623434223 2.3999999999999986
    endloop
  endfacet
  facet normal 0 0 1
    outer loop
      vertex 4.55489097692938 -151.33962532214136 2.3999999999999986
      vertex 8.25 -152.54999999701977 2.3999999999999986
      vertex 4.725 -151.25573683548743 2.3999999999999986
    endloop
  endfacet
  facet normal 0 0 1
    outer loop
      vertex 5.025304832720494 -151.0253048327205 2.3999999999999986
      vertex 4.882704072062645 -151.1503623434223 2.3999999999999986
      vertex 8.25 -152.54999999701977 2.3999999999999986
    endloop
  endfacet
  facet normal 0 0 1
    outer loop
      vertex 5.025304832720494 -151.0253048327205 2.3999999999999986
      vertex 8.25 -152.54999999701977 2.3999999999999986
      vertex 5.150362343422291 -150.88270407206264 2.3999999999999986
    endloop
  endfacet
  facet normal 0 0 1
    outer loop
      vertex 5.255736835487436 -150.725 2.3999999999999986
      vertex 8.25 -152.54999999701977 2.3999999999999986
      vertex 5.339625322141366 -150.55489097692939 2.3999999999999986
    endloop
  endfacet
  facet normal 0 0 1
    outer loop
      vertex 5.150362343422291 -150.88270407206264 2.3999999999999986
      vertex 8.25 -152.54999999701977 2.3999999999999986
      vertex 5.255736835487436 -150.725 2.3999999999999986
    endloop
  endfacet
  facet normal 0 0 1
    outer loop
      vertex 5.4005924481191485 -150.37528761539866 2.3999999999999986
      vertex 5.339625322141366 -150.55489097692939 2.3999999999999986
      vertex 8.25 -152.54999999701977 2.3999999999999986
    endloop
  endfacet
  facet normal 0 0 -1
    outer loop
      vertex 4.339368099772134 -147.4222433604281 0
      vertex 5.706316068768501 -137.49075093924998 0
      vertex 6 -137.50999999850987 0
    endloop
  endfacet
  facet normal 0 0 -1
    outer loop
      vertex 4.672929517266554 -147.48859285164843 0
      vertex 6 -137.50999999850987 0
      vertex 4.994976924149233 -147.59791321547064 0
    endloop
  endfacet
  facet normal 0 0 -1
    outer loop
      vertex 4.994976924149233 -147.59791321547064 0
      vertex 6 -137.50999999850987 0
      vertex 5.3 -147.74833395016046 0
    endloop
  endfacet
  facet normal 0 0 1
    outer loop
      vertex -1.8977774739265456 -153.77645713835955 2.3999999999999986
      vertex -1.771638593077661 -154.14805030077696 2.3999999999999986
      vertex 54.18006002306938 -154.82628428936005 2.3999999999999986
    endloop
  endfacet
  facet normal 0 0 1
    outer loop
      vertex -1.771638593077661 -154.14805030077696 2.3999999999999986
      vertex -1.5980762079358115 -154.5 2.3999999999999986
      vertex 53.92132034301758 -155.1213203445077 2.3999999999999986
    endloop
  endfacet
  facet normal 0 0 1
    outer loop
      vertex -1.5980762079358115 -154.5 2.3999999999999986
      vertex -1.3800600230693831 -154.82628428936005 2.3999999999999986
      vertex 53.62628428786993 -155.3800600245595 2.3999999999999986
    endloop
  endfacet
  facet normal 0 0 1
    outer loop
      vertex -1.3800600230693831 -154.82628428936005 2.3999999999999986
      vertex -1.1213203430175795 -155.1213203445077 2.3999999999999986
      vertex 53.29999999850988 -155.59807620942593 2.3999999999999986
    endloop
  endfacet
  facet normal 0 0 1
    outer loop
      vertex -1.1213203430175795 -155.1213203445077 2.3999999999999986
      vertex -0.8262842878699317 -155.3800600245595 2.3999999999999986
      vertex 52.94805029928684 -155.77163859456778 2.3999999999999986
    endloop
  endfacet
  facet normal 0 0 1
    outer loop
      vertex -0.8262842878699317 -155.3800600245595 2.3999999999999986
      vertex -0.4999999985098853 -155.59807620942593 2.3999999999999986
      vertex 52.57645713686943 -155.89777747541666 2.3999999999999986
    endloop
  endfacet
  facet normal 0 0 1
    outer loop
      vertex -0.4999999985098853 -155.59807620942593 2.3999999999999986
      vertex -0.14805029928684377 -155.77163859456778 2.3999999999999986
      vertex 52.19157857596874 -155.97433458268642 2.3999999999999986
    endloop
  endfacet
  facet normal 0 0 1
    outer loop
      vertex -0.14805029928684377 -155.77163859456778 2.3999999999999986
      vertex 0.22354286313056804 -155.89777747541666 2.3999999999999986
      vertex 51.79999999850988 -156 2.3999999999999986
    endloop
  endfacet
  facet normal 0 0 1
    outer loop
      vertex 1.4499999955296516 -145.75 2.3999999999999986
      vertex 4.375287615398655 -148.59940755188086 2.3999999999999986
      vertex 51.350000001490116 -145.75 2.3999999999999986
    endloop
  endfacet
  facet normal 0 0 1
    outer loop
      vertex 0.22354286313056804 -155.89777747541666 2.3999999999999986
      vertex 1.0000000014901147 -156 2.3999999999999986
      vertex 51.79999999850988 -156 2.3999999999999986
    endloop
  endfacet
  facet normal 0 0 -1
    outer loop
      vertex -1.9999999985098853 -153 0
      vertex 4.339368099772134 -152.5777566395719 0
      vertex 48.127070482733444 -152.51140714835157 0
    endloop
  endfacet
  facet normal 0 0 -1
    outer loop
      vertex -1.9999999985098853 -153 0
      vertex 54.57163859307766 -154.14805030077696 0
      vertex -1.9743345811963096 -153.39157857745886 0
    endloop
  endfacet
  facet normal 0 0 -1
    outer loop
      vertex -1.9743345811963096 -153.39157857745886 0
      vertex 54.39807620793581 -154.5 0
      vertex -1.8977774739265456 -153.77645713835955 0
    endloop
  endfacet
  facet normal 0 0 -1
    outer loop
      vertex -1.8977774739265456 -153.77645713835955 0
      vertex 54.18006002306938 -154.82628428936005 0
      vertex -1.771638593077661 -154.14805030077696 0
    endloop
  endfacet
  facet normal 0 0 -1
    outer loop
      vertex -1.771638593077661 -154.14805030077696 0
      vertex 53.92132034301758 -155.1213203445077 0
      vertex -1.5980762079358115 -154.5 0
    endloop
  endfacet
  facet normal 0 0 -1
    outer loop
      vertex -1.5980762079358115 -154.5 0
      vertex 53.62628428786993 -155.3800600245595 0
      vertex -1.3800600230693831 -154.82628428936005 0
    endloop
  endfacet
  facet normal 0 0 -1
    outer loop
      vertex -1.3800600230693831 -154.82628428936005 0
      vertex 53.29999999850988 -155.59807620942593 0
      vertex -1.1213203430175795 -155.1213203445077 0
    endloop
  endfacet
  facet normal 0 0 -1
    outer loop
      vertex -1.1213203430175795 -155.1213203445077 0
      vertex 52.94805029928684 -155.77163859456778 0
      vertex -0.8262842878699317 -155.3800600245595 0
    endloop
  endfacet
  facet normal 0 0 -1
    outer loop
      vertex -0.8262842878699317 -155.3800600245595 0
      vertex 52.57645713686943 -155.89777747541666 0
      vertex -0.4999999985098853 -155.59807620942593 0
    endloop
  endfacet
  facet normal 0 0 -1
    outer loop
      vertex -0.4999999985098853 -155.59807620942593 0
      vertex 52.19157857596874 -155.97433458268642 0
      vertex -0.14805029928684377 -155.77163859456778 0
    endloop
  endfacet
  facet normal 0 0 -1
    outer loop
      vertex -0.14805029928684377 -155.77163859456778 0
      vertex 51.79999999850988 -156 0
      vertex 0.22354286313056804 -155.89777747541666 0
    endloop
  endfacet
  facet normal 0 -1 0
    outer loop
      vertex 1.0000000014901147 -156 2.3999999999999986
      vertex 1.0000000014901147 -156 0
      vertex 51.79999999850988 -156 0
    endloop
  endfacet
  facet normal 0 0 -1
    outer loop
      vertex 0.22354286313056804 -155.89777747541666 0
      vertex 51.79999999850988 -156 0
      vertex 1.0000000014901147 -156 0
    endloop
  endfacet
  facet normal 0 0 -1
    outer loop
      vertex 4.339368099772134 -152.5777566395719 0
      vertex 4.672929517266554 -152.51140714835157 0
      vertex 48.127070482733444 -152.51140714835157 0
    endloop
  endfacet
  facet normal 0 0 -1
    outer loop
      vertex 4.672929517266554 -152.51140714835157 0
      vertex 4.994976924149233 -152.40208678452936 0
      vertex 48.127070482733444 -152.51140714835157 0
    endloop
  endfacet
  facet normal 0 0 1
    outer loop
      vertex 5.706316068768501 -137.49075093924998 2.3999999999999986
      vertex 51.350000001490116 -145.75 2.3999999999999986
      vertex 6 -137.50999999850987 2.3999999999999986
    endloop
  endfacet
  facet normal 0 0 1
    outer loop
      vertex 1.4499999955296516 -145.75 2.3999999999999986
      vertex 51.350000001490116 -145.75 2.3999999999999986
      vertex 5.706316068768501 -137.49075093924998 2.3999999999999986
    endloop
  endfacet
  facet normal 0 0 1
    outer loop
      vertex 4.375287615398655 -148.59940755188086 2.3999999999999986
      vertex 4.55489097692938 -148.66037467785864 2.3999999999999986
      vertex 51.350000001490116 -145.75 2.3999999999999986
    endloop
  endfacet
  facet normal 0 0 1
    outer loop
      vertex 4.55489097692938 -148.66037467785864 2.3999999999999986
      vertex 4.725 -148.74426316451257 2.3999999999999986
      vertex 51.350000001490116 -145.75 2.3999999999999986
    endloop
  endfacet
  facet normal 0 0 1
    outer loop
      vertex 4.725 -148.74426316451257 2.3999999999999986
      vertex 4.882704072062645 -148.8496376565777 2.3999999999999986
      vertex 51.350000001490116 -145.75 2.3999999999999986
    endloop
  endfacet
  facet normal 0 0 1
    outer loop
      vertex 4.882704072062645 -148.8496376565777 2.3999999999999986
      vertex 5.025304832720494 -148.9746951672795 2.3999999999999986
      vertex 51.350000001490116 -145.75 2.3999999999999986
    endloop
  endfacet
  facet normal 0 0 1
    outer loop
      vertex 5.025304832720494 -148.9746951672795 2.3999999999999986
      vertex 5.150362343422291 -149.11729592793736 2.3999999999999986
      vertex 51.350000001490116 -145.75 2.3999999999999986
    endloop
  endfacet
  facet normal 0 0 1
    outer loop
      vertex 5.150362343422291 -149.11729592793736 2.3999999999999986
      vertex 5.255736835487436 -149.275 2.3999999999999986
      vertex 51.350000001490116 -145.75 2.3999999999999986
    endloop
  endfacet
  facet normal 0 0 1
    outer loop
      vertex 5.255736835487436 -149.275 2.3999999999999986
      vertex 5.339625322141366 -149.44510902307061 2.3999999999999986
      vertex 51.350000001490116 -145.75 2.3999999999999986
    endloop
  endfacet
  facet normal 0 0 1
    outer loop
      vertex 5.339625322141366 -149.44510902307061 2.3999999999999986
      vertex 5.4005924481191485 -149.62471238460134 2.3999999999999986
      vertex 51.350000001490116 -145.75 2.3999999999999986
    endloop
  endfacet
  facet normal 0 0 1
    outer loop
      vertex -1.8977774739265456 -153.77645713835955 2.3999999999999986
      vertex 54.39807620793581 -154.5 2.3999999999999986
      vertex 8.25 -153.75 2.3999999999999986
    endloop
  endfacet
  facet normal 0 0 1
    outer loop
      vertex 5.4005924481191485 -149.62471238460134 2.3999999999999986
      vertex 8.25 -152.54999999701977 2.3999999999999986
      vertex 51.350000001490116 -145.75 2.3999999999999986
    endloop
  endfacet
  facet normal 0 0 -1
    outer loop
      vertex 6 -137.50999999850987 0
      vertex 47 -137.50999999850987 0
      vertex 5.3 -147.74833395016046 0
    endloop
  endfacet
  facet normal 0 0 -1
    outer loop
      vertex 5.3 -147.74833395016046 0
      vertex 47.21722028457732 -147.93728131524279 0
      vertex 5.5827797154226735 -147.93728131524279 0
    endloop
  endfacet
  facet normal 0 0 -1
    outer loop
      vertex 5.5827797154226735 -147.93728131524279 0
      vertex 46.96152236891497 -148.16152236891497 0
      vertex 5.8384776310850235 -148.16152236891497 0
    endloop
  endfacet
  facet normal 0 0 -1
    outer loop
      vertex 5.8384776310850235 -148.16152236891497 0
      vertex 46.73728131524278 -148.41722028457733 0
      vertex 6.062718684757211 -148.41722028457733 0
    endloop
  endfacet
  facet normal 0 0 -1
    outer loop
      vertex 6.062718684757211 -148.41722028457733 0
      vertex 46.548333950160455 -148.7 0
      vertex 6.251666049839541 -148.7 0
    endloop
  endfacet
  facet normal 0 0 -1
    outer loop
      vertex 6.251666049839541 -148.7 0
      vertex 46.39791321547065 -149.00502307585077 0
      vertex 6.402086784529345 -149.00502307585077 0
    endloop
  endfacet
  facet normal 0 0 -1
    outer loop
      vertex 6.402086784529345 -149.00502307585077 0
      vertex 46.28859285164842 -149.32707048273343 0
      vertex 6.511407148351578 -149.32707048273343 0
    endloop
  endfacet
  facet normal 0 0 -1
    outer loop
      vertex 6.511407148351578 -149.32707048273343 0
      vertex 46.22224336042809 -149.66063190022786 0
      vertex 6.577756639571907 -149.66063190022786 0
    endloop
  endfacet
  facet normal 0 0 -1
    outer loop
      vertex 6.577756639571907 -149.66063190022786 0
      vertex 46.199999999999996 -150 0
      vertex 6.6 -150 0
    endloop
  endfacet
  facet normal 0 0 -1
    outer loop
      vertex 6.6 -150 0
      vertex 46.22224336042809 -150.33936809977214 0
      vertex 6.577756639571907 -150.33936809977214 0
    endloop
  endfacet
  facet normal 0 0 -1
    outer loop
      vertex 6.577756639571907 -150.33936809977214 0
      vertex 46.28859285164842 -150.67292951726657 0
      vertex 6.511407148351578 -150.67292951726657 0
    endloop
  endfacet
  facet normal 0 0 -1
    outer loop
      vertex 6.402086784529345 -150.99497692414923 0
      vertex 6.511407148351578 -150.67292951726657 0
      vertex 46.39791321547065 -150.99497692414923 0
    endloop
  endfacet
  facet normal 0 0 -1
    outer loop
      vertex 5.3 -152.25166604983954 0
      vertex 5.5827797154226735 -152.06271868475721 0
      vertex 47.5 -152.25166604983954 0
    endloop
  endfacet
  facet normal 0 0 -1
    outer loop
      vertex 6.402086784529345 -150.99497692414923 0
      vertex 46.548333950160455 -151.3 0
      vertex 6.251666049839541 -151.3 0
    endloop
  endfacet
  facet normal 0 0 -1
    outer loop
      vertex 6.062718684757211 -151.58277971542267 0
      vertex 6.251666049839541 -151.3 0
      vertex 46.73728131524278 -151.58277971542267 0
    endloop
  endfacet
  facet normal 0 0 -1
    outer loop
      vertex 5.5827797154226735 -152.06271868475721 0
      vertex 5.8384776310850235 -151.83847763108503 0
      vertex 47.21722028457732 -152.06271868475721 0
    endloop
  endfacet
  facet normal 0 0 -1
    outer loop
      vertex 5.8384776310850235 -151.83847763108503 0
      vertex 6.062718684757211 -151.58277971542267 0
      vertex 46.96152236891497 -151.83847763108503 0
    endloop
  endfacet
  facet normal 0 0 -1
    outer loop
      vertex 4.994976924149233 -152.40208678452936 0
      vertex 5.3 -152.25166604983954 0
      vertex 47.80502307585076 -152.40208678452936 0
    endloop
  endfacet
  facet normal 0 0 1
    outer loop
      vertex 1.4499999955296516 -8.25 2.3999999999999986
      vertex 26.409999997913836 -8.479999998509882 2.3999999999999986
      vertex 51.350000001490116 -8.25 2.3999999999999986
    endloop
  endfacet
  facet normal 0 0 1
    outer loop
      vertex 1.4499999955296516 -8.25 2.3999999999999986
      vertex 47.39940755188085 -4.375287615398655 2.3999999999999986
      vertex 44.54999999701977 -1.4500000029802322 2.3999999999999986
    endloop
  endfacet
  facet normal 0 0 1
    outer loop
      vertex -1.5980762079358115 0.5 2.3999999999999986
      vertex 44.54999999701977 -0.25 2.3999999999999986
      vertex 54.69777747392654 -0.22354286164045334 2.3999999999999986
    endloop
  endfacet
  facet normal 0 0 1
    outer loop
      vertex 1.4499999955296516 -8.25 2.3999999999999986
      vertex 47.46037467785863 -4.55489097692938 2.3999999999999986
      vertex 47.39940755188085 -4.375287615398655 2.3999999999999986
    endloop
  endfacet
  facet normal 0 0 1
    outer loop
      vertex 1.4499999955296516 -8.25 2.3999999999999986
      vertex 47.544263164512564 -4.725 2.3999999999999986
      vertex 47.46037467785863 -4.55489097692938 2.3999999999999986
    endloop
  endfacet
  facet normal 0 0 1
    outer loop
      vertex 1.4499999955296516 -8.25 2.3999999999999986
      vertex 47.64963765657771 -4.882704072062645 2.3999999999999986
      vertex 47.544263164512564 -4.725 2.3999999999999986
    endloop
  endfacet
  facet normal 0 0 1
    outer loop
      vertex 1.4499999955296516 -8.25 2.3999999999999986
      vertex 47.7746951672795 -5.025304832720494 2.3999999999999986
      vertex 47.64963765657771 -4.882704072062645 2.3999999999999986
    endloop
  endfacet
  facet normal 0 0 1
    outer loop
      vertex 1.4499999955296516 -8.25 2.3999999999999986
      vertex 47.91729592793735 -5.150362343422291 2.3999999999999986
      vertex 47.7746951672795 -5.025304832720494 2.3999999999999986
    endloop
  endfacet
  facet normal 0 0 1
    outer loop
      vertex 1.4499999955296516 -8.25 2.3999999999999986
      vertex 48.074999999999996 -5.255736835487436 2.3999999999999986
      vertex 47.91729592793735 -5.150362343422291 2.3999999999999986
    endloop
  endfacet
  facet normal 0 0 1
    outer loop
      vertex 1.4499999955296516 -8.25 2.3999999999999986
      vertex 48.24510902307062 -5.339625322141366 2.3999999999999986
      vertex 48.074999999999996 -5.255736835487436 2.3999999999999986
    endloop
  endfacet
  facet normal 0 0 1
    outer loop
      vertex 1.4499999955296516 -8.25 2.3999999999999986
      vertex 48.42471238460134 -5.4005924481191485 2.3999999999999986
      vertex 48.24510902307062 -5.339625322141366 2.3999999999999986
    endloop
  endfacet
  facet normal 0 0 -1
    outer loop
      vertex 6.6 -4 0
      vertex 46.22224336042809 -4.339368099772134 0
      vertex 28.705955715477465 -8.630484888255594 0
    endloop
  endfacet
  facet normal 0 0 -1
    outer loop
      vertex 5.8384776310850235 -2.1615223689149765 0
      vertex 46.73728131524278 -2.4172202845773265 0
      vertex 46.548333950160455 -2.7 0
    endloop
  endfacet
  facet normal 0 0 -1
    outer loop
      vertex 6.062718684757211 -2.4172202845773265 0
      vertex 46.548333950160455 -2.7 0
      vertex 46.39791321547065 -3.0050230758507666 0
    endloop
  endfacet
  facet normal 0 0 -1
    outer loop
      vertex 4.994976924149233 -1.5979132154706543 0
      vertex 47.80502307585076 -1.5979132154706543 0
      vertex 47.5 -1.7483339501604598 0
    endloop
  endfacet
  facet normal 0 0 -1
    outer loop
      vertex 5.8384776310850235 -2.1615223689149765 0
      vertex 46.96152236891497 -2.1615223689149765 0
      vertex 46.73728131524278 -2.4172202845773265 0
    endloop
  endfacet
  facet normal 0 0 -1
    outer loop
      vertex 5.8384776310850235 -2.1615223689149765 0
      vertex 47.21722028457732 -1.9372813152427883 0
      vertex 46.96152236891497 -2.1615223689149765 0
    endloop
  endfacet
  facet normal 0 0 -1
    outer loop
      vertex 5.5827797154226735 -1.9372813152427883 0
      vertex 47.5 -1.7483339501604598 0
      vertex 47.21722028457732 -1.9372813152427883 0
    endloop
  endfacet
  facet normal 0 0 -1
    outer loop
      vertex 6.251666049839541 -2.7 0
      vertex 46.39791321547065 -3.0050230758507666 0
      vertex 46.28859285164842 -3.327070482733446 0
    endloop
  endfacet
  facet normal 0 0 -1
    outer loop
      vertex 6.511407148351578 -3.327070482733446 0
      vertex 46.28859285164842 -3.327070482733446 0
      vertex 46.22224336042809 -3.660631900227866 0
    endloop
  endfacet
  facet normal 0 0 -1
    outer loop
      vertex 6.577756639571907 -3.660631900227866 0
      vertex 46.22224336042809 -3.660631900227866 0
      vertex 46.199999999999996 -4 0
    endloop
  endfacet
  facet normal 0 0 -1
    outer loop
      vertex 6.6 -4 0
      vertex 46.199999999999996 -4 0
      vertex 46.22224336042809 -4.339368099772134 0
    endloop
  endfacet
  facet normal 0 0 1
    outer loop
      vertex 1.0000000014901147 2 2.3999999999999986
      vertex 52.57645713686943 1.8977774754166603 2.3999999999999986
      vertex 51.79999999850988 2 2.3999999999999986
    endloop
  endfacet
  facet normal 0 0 1
    outer loop
      vertex 1.4499999955296516 -8.25 2.3999999999999986
      vertex 51.350000001490116 -8.25 2.3999999999999986
      vertex 48.42471238460134 -5.4005924481191485 2.3999999999999986
    endloop
  endfacet
  facet normal 0 0 1
    outer loop
      vertex 1.0000000014901147 2 2.3999999999999986
      vertex 52.94805029928684 1.7716385945677757 2.3999999999999986
      vertex 52.57645713686943 1.8977774754166603 2.3999999999999986
    endloop
  endfacet
  facet normal 0 0 1
    outer loop
      vertex 0.6084214240312562 1.9743345826864243 2.3999999999999986
      vertex 53.29999999850988 1.5980762094259262 2.3999999999999986
      vertex 52.94805029928684 1.7716385945677757 2.3999999999999986
    endloop
  endfacet
  facet normal 0 0 1
    outer loop
      vertex 0.22354286313056804 1.8977774754166603 2.3999999999999986
      vertex 53.62628428786993 1.3800600245594978 2.3999999999999986
      vertex 53.29999999850988 1.5980762094259262 2.3999999999999986
    endloop
  endfacet
  facet normal 0 0 1
    outer loop
      vertex -0.14805029928684377 1.7716385945677757 2.3999999999999986
      vertex 53.92132034301758 1.1213203445076942 2.3999999999999986
      vertex 53.62628428786993 1.3800600245594978 2.3999999999999986
    endloop
  endfacet
  facet normal 0 0 1
    outer loop
      vertex -0.4999999985098853 1.5980762094259262 2.3999999999999986
      vertex 54.18006002306938 0.8262842893600464 2.3999999999999986
      vertex 53.92132034301758 1.1213203445076942 2.3999999999999986
    endloop
  endfacet
  facet normal 0 0 1
    outer loop
      vertex -0.8262842878699317 1.3800600245594978 2.3999999999999986
      vertex 54.39807620793581 0.5 2.3999999999999986
      vertex 54.18006002306938 0.8262842893600464 2.3999999999999986
    endloop
  endfacet
  facet normal 0 0 1
    outer loop
      vertex -1.1213203430175795 1.1213203445076942 2.3999999999999986
      vertex 54.57163859307766 0.14805030077695847 2.3999999999999986
      vertex 54.39807620793581 0.5 2.3999999999999986
    endloop
  endfacet
  facet normal 0 0 1
    outer loop
      vertex -1.3800600230693831 0.8262842893600464 2.3999999999999986
      vertex 54.69777747392654 -0.22354286164045334 2.3999999999999986
      vertex 54.57163859307766 0.14805030077695847 2.3999999999999986
    endloop
  endfacet
  facet normal 0 0 1
    outer loop
      vertex 26.409999997913836 -8.479999998509882 2.3999999999999986
      vertex 28.705955715477465 -8.630484888255594 2.3999999999999986
      vertex 51.350000001490116 -8.25 2.3999999999999986
    endloop
  endfacet
  facet normal 0 0 1
    outer loop
      vertex 28.705955715477465 -8.630484888255594 2.3999999999999986
      vertex 30.962627002596854 -9.079364718794821 2.3999999999999986
      vertex 51.350000001490116 -8.25 2.3999999999999986
    endloop
  endfacet
  facet normal 0 0 1
    outer loop
      vertex 30.962627002596854 -9.079364718794821 2.3999999999999986
      vertex 33.14140157550573 -9.81895902186632 2.3999999999999986
      vertex 51.350000001490116 -8.25 2.3999999999999986
    endloop
  endfacet
  facet normal 0 0 1
    outer loop
      vertex 33.14140157550573 -9.81895902186632 2.3999999999999986
      vertex 35.204999999701975 -10.836613150238989 2.3999999999999986
      vertex 51.350000001490116 -8.25 2.3999999999999986
    endloop
  endfacet
  facet normal 0 1 0
    outer loop
      vertex 1.0000000014901147 2 0
      vertex 51.79999999850988 2 2.3999999999999986
      vertex 51.79999999850988 2 0
    endloop
  endfacet
  facet normal 0 0 -1
    outer loop
      vertex 4.672929517266554 -1.4885928516484221 0
      vertex 48.127070482733444 -1.4885928516484221 0
      vertex 47.80502307585076 -1.5979132154706543 0
    endloop
  endfacet
  facet normal 0 0 -1
    outer loop
      vertex 4.339368099772134 -1.422243360428093 0
      vertex 48.46063190022786 -1.422243360428093 0
      vertex 48.127070482733444 -1.4885928516484221 0
    endloop
  endfacet
  facet normal 0 0 -1
    outer loop
      vertex 1.0000000014901147 2 0
      vertex 51.79999999850988 2 0
      vertex 52.57645713686943 1.8977774754166603 0
    endloop
  endfacet
  facet normal 0 0 -1
    outer loop
      vertex 1.0000000014901147 2 0
      vertex 52.57645713686943 1.8977774754166603 0
      vertex 52.94805029928684 1.7716385945677757 0
    endloop
  endfacet
  facet normal 0 0 -1
    outer loop
      vertex 0.6084214240312562 1.9743345826864243 0
      vertex 52.94805029928684 1.7716385945677757 0
      vertex 53.29999999850988 1.5980762094259262 0
    endloop
  endfacet
  facet normal 0 0 -1
    outer loop
      vertex 0.22354286313056804 1.8977774754166603 0
      vertex 53.29999999850988 1.5980762094259262 0
      vertex 53.62628428786993 1.3800600245594978 0
    endloop
  endfacet
  facet normal 0 0 -1
    outer loop
      vertex -0.14805029928684377 1.7716385945677757 0
      vertex 53.62628428786993 1.3800600245594978 0
      vertex 53.92132034301758 1.1213203445076942 0
    endloop
  endfacet
  facet normal 0 0 -1
    outer loop
      vertex -0.4999999985098853 1.5980762094259262 0
      vertex 53.92132034301758 1.1213203445076942 0
      vertex 54.18006002306938 0.8262842893600464 0
    endloop
  endfacet
  facet normal 0 0 -1
    outer loop
      vertex -0.8262842878699317 1.3800600245594978 0
      vertex 54.18006002306938 0.8262842893600464 0
      vertex 54.39807620793581 0.5 0
    endloop
  endfacet
  facet normal 0 0 -1
    outer loop
      vertex -1.1213203430175795 1.1213203445076942 0
      vertex 54.39807620793581 0.5 0
      vertex 54.57163859307766 0.14805030077695847 0
    endloop
  endfacet
  facet normal 0 0 -1
    outer loop
      vertex -1.3800600230693831 0.8262842893600464 0
      vertex 54.57163859307766 0.14805030077695847 0
      vertex 54.69777747392654 -0.22354286164045334 0
    endloop
  endfacet
  facet normal 0 0 -1
    outer loop
      vertex -1.5980762079358115 0.5 0
      vertex 54.69777747392654 -0.22354286164045334 0
      vertex 54.77433458119631 -0.6084214225411415 0
    endloop
  endfacet
  facet normal 0 0 -1
    outer loop
      vertex -1.771638593077661 0.14805030077695847 0
      vertex 54.77433458119631 -0.6084214225411415 0
      vertex 54.79999999850988 -1 0
    endloop
  endfacet
  facet normal 0 0 -1
    outer loop
      vertex 4.339368099772134 -1.422243360428093 0
      vertex 54.79999999850988 -1 0
      vertex 48.46063190022786 -1.422243360428093 0
    endloop
  endfacet
  facet normal 0 0 -1
    outer loop
      vertex 28.705955715477465 -8.630484888255594 0
      vertex 46.22224336042809 -4.339368099772134 0
      vertex 30.962627002596854 -9.079364718794821 0
    endloop
  endfacet
  facet normal 0 0 -1
    outer loop
      vertex 30.962627002596854 -9.079364718794821 0
      vertex 46.22224336042809 -4.339368099772134 0
      vertex 33.14140157550573 -9.81895902186632 0
    endloop
  endfacet
  facet normal 0 0 -1
    outer loop
      vertex 33.14140157550573 -9.81895902186632 0
      vertex 46.22224336042809 -4.339368099772134 0
      vertex 35.204999999701975 -10.836613150238989 0
    endloop
  endfacet
  facet normal 0 0 -1
    outer loop
      vertex 35.204999999701975 -10.836613150238989 0
      vertex 46.39791321547065 -4.994976924149233 0
      vertex 37.118113534152506 -12.11491474688053 0
    endloop
  endfacet
  facet normal 0 0 1
    outer loop
      vertex 26.39000000208616 -43.680000001490114 2.3999999999999986
      vertex 27.91134456098646 -46.10077988116189 2.3999999999999986
      vertex 26.409999997913836 -43.680000001490114 2.3999999999999986
    endloop
  endfacet
  facet normal 0 0 1
    outer loop
      vertex 24.094044284522532 -43.5295151117444 2.3999999999999986
      vertex 27.830266166351432 -46.40336856933594 2.3999999999999986
      vertex 27.86088900845312 -46.249417145876976 2.3999999999999986
    endloop
  endfacet
  facet normal 0 0 1
    outer loop
      vertex 24.094044284522532 -43.5295151117444 2.3999999999999986
      vertex 27.820000000000004 -46.56 2.3999999999999986
      vertex 27.830266166351432 -46.40336856933594 2.3999999999999986
    endloop
  endfacet
  facet normal 0 0 1
    outer loop
      vertex 24.094044284522532 -43.5295151117444 2.3999999999999986
      vertex 27.830266166351432 -46.716631430664066 2.3999999999999986
      vertex 27.820000000000004 -46.56 2.3999999999999986
    endloop
  endfacet
  facet normal 0 0 1
    outer loop
      vertex 24.094044284522532 -43.5295151117444 2.3999999999999986
      vertex 27.86088900845312 -46.87058285412303 2.3999999999999986
      vertex 27.830266166351432 -46.716631430664066 2.3999999999999986
    endloop
  endfacet
  facet normal 0 0 1
    outer loop
      vertex 24.094044284522532 -43.5295151117444 2.3999999999999986
      vertex 27.86088900845312 -46.249417145876976 2.3999999999999986
      vertex 27.91134456098646 -46.10077988116189 2.3999999999999986
    endloop
  endfacet
  facet normal 0 0 1
    outer loop
      vertex 24.094044284522532 -43.5295151117444 2.3999999999999986
      vertex 27.91134456098646 -47.01922011883811 2.3999999999999986
      vertex 27.86088900845312 -46.87058285412303 2.3999999999999986
    endloop
  endfacet
  facet normal 0 0 1
    outer loop
      vertex 24.094044284522532 -43.5295151117444 2.3999999999999986
      vertex 27.980769515458675 -47.160000000000004 2.3999999999999986
      vertex 27.91134456098646 -47.01922011883811 2.3999999999999986
    endloop
  endfacet
  facet normal 0 0 1
    outer loop
      vertex 26.409999997913836 -43.680000001490114 2.3999999999999986
      vertex 28.42 -45.520769515458674 2.3999999999999986
      vertex 28.705955715477465 -43.5295151117444 2.3999999999999986
    endloop
  endfacet
  facet normal 0 0 1
    outer loop
      vertex 26.409999997913836 -43.680000001490114 2.3999999999999986
      vertex 27.980769515458675 -45.96 2.3999999999999986
      vertex 28.06797599165052 -45.82948628518954 2.3999999999999986
    endloop
  endfacet
  facet normal 0 0 1
    outer loop
      vertex 26.409999997913836 -43.680000001490114 2.3999999999999986
      vertex 27.91134456098646 -46.10077988116189 2.3999999999999986
      vertex 27.980769515458675 -45.96 2.3999999999999986
    endloop
  endfacet
  facet normal 0 0 1
    outer loop
      vertex 26.409999997913836 -43.680000001490114 2.3999999999999986
      vertex 28.06797599165052 -45.82948628518954 2.3999999999999986
      vertex 28.171471862576148 -45.71147186257615 2.3999999999999986
    endloop
  endfacet
  facet normal 0 0 1
    outer loop
      vertex 26.409999997913836 -43.680000001490114 2.3999999999999986
      vertex 28.171471862576148 -45.71147186257615 2.3999999999999986
      vertex 28.28948628518954 -45.60797599165052 2.3999999999999986
    endloop
  endfacet
  facet normal 0 0 1
    outer loop
      vertex 26.409999997913836 -43.680000001490114 2.3999999999999986
      vertex 28.28948628518954 -45.60797599165052 2.3999999999999986
      vertex 28.42 -45.520769515458674 2.3999999999999986
    endloop
  endfacet
  facet normal 0 0 1
    outer loop
      vertex 28.705955715477465 -43.5295151117444 2.3999999999999986
      vertex 28.42 -45.520769515458674 2.3999999999999986
      vertex 28.560779881161896 -45.451344560986456 2.3999999999999986
    endloop
  endfacet
  facet normal 0 0 1
    outer loop
      vertex 28.705955715477465 -43.5295151117444 2.3999999999999986
      vertex 28.560779881161896 -45.451344560986456 2.3999999999999986
      vertex 28.709417145876976 -45.40088900845312 2.3999999999999986
    endloop
  endfacet
  facet normal 0 0 1
    outer loop
      vertex 28.705955715477465 -43.5295151117444 2.3999999999999986
      vertex 28.709417145876976 -45.40088900845312 2.3999999999999986
      vertex 28.86336856933594 -45.37026616635143 2.3999999999999986
    endloop
  endfacet
  facet normal 0 0 1
    outer loop
      vertex 28.705955715477465 -43.5295151117444 2.3999999999999986
      vertex 28.86336856933594 -45.37026616635143 2.3999999999999986
      vertex 29.020000000000003 -45.36 2.3999999999999986
    endloop
  endfacet
  facet normal 0 0 1
    outer loop
      vertex 28.705955715477465 -43.5295151117444 2.3999999999999986
      vertex 29.020000000000003 -45.36 2.3999999999999986
      vertex 29.176631430664067 -45.37026616635143 2.3999999999999986
    endloop
  endfacet
  facet normal 0 0 1
    outer loop
      vertex 28.705955715477465 -43.5295151117444 2.3999999999999986
      vertex 29.176631430664067 -45.37026616635143 2.3999999999999986
      vertex 29.33058285412303 -45.40088900845312 2.3999999999999986
    endloop
  endfacet
  facet normal 0 0 1
    outer loop
      vertex 28.705955715477465 -43.5295151117444 2.3999999999999986
      vertex 29.33058285412303 -45.40088900845312 2.3999999999999986
      vertex 29.47922011883811 -45.451344560986456 2.3999999999999986
    endloop
  endfacet
  facet normal 0 0 1
    outer loop
      vertex 28.705955715477465 -43.5295151117444 2.3999999999999986
      vertex 29.47922011883811 -45.451344560986456 2.3999999999999986
      vertex 29.620000000000005 -45.520769515458674 2.3999999999999986
    endloop
  endfacet
  facet normal 0 0 1
    outer loop
      vertex 28.705955715477465 -43.5295151117444 2.3999999999999986
      vertex 29.620000000000005 -45.520769515458674 2.3999999999999986
      vertex 29.750513714810467 -45.60797599165052 2.3999999999999986
    endloop
  endfacet
  facet normal 0 0 1
    outer loop
      vertex 28.705955715477465 -43.5295151117444 2.3999999999999986
      vertex 29.972024008349486 -45.82948628518954 2.3999999999999986
      vertex 30.962627002596854 -43.080635281205176 2.3999999999999986
    endloop
  endfacet
  facet normal 0 0 1
    outer loop
      vertex 28.705955715477465 -43.5295151117444 2.3999999999999986
      vertex 29.750513714810467 -45.60797599165052 2.3999999999999986
      vertex 29.86852813742386 -45.71147186257615 2.3999999999999986
    endloop
  endfacet
  facet normal 0 0 1
    outer loop
      vertex 28.705955715477465 -43.5295151117444 2.3999999999999986
      vertex 29.86852813742386 -45.71147186257615 2.3999999999999986
      vertex 29.972024008349486 -45.82948628518954 2.3999999999999986
    endloop
  endfacet
  facet normal 0 0 1
    outer loop
      vertex 24.094044284522532 -43.5295151117444 2.3999999999999986
      vertex 27.830266166351432 -62.18336856933594 2.3999999999999986
      vertex 27.86088900845312 -62.02941714587698 2.3999999999999986
    endloop
  endfacet
  facet normal 0 0 1
    outer loop
      vertex 24.094044284522532 -43.5295151117444 2.3999999999999986
      vertex 27.980769515458675 -61.74 2.3999999999999986
      vertex 28.06797599165052 -61.60948628518954 2.3999999999999986
    endloop
  endfacet
  facet normal 0 0 1
    outer loop
      vertex 24.094044284522532 -43.5295151117444 2.3999999999999986
      vertex 27.86088900845312 -62.02941714587698 2.3999999999999986
      vertex 27.91134456098646 -61.88077988116189 2.3999999999999986
    endloop
  endfacet
  facet normal 0 0 1
    outer loop
      vertex 24.094044284522532 -43.5295151117444 2.3999999999999986
      vertex 27.91134456098646 -61.88077988116189 2.3999999999999986
      vertex 27.980769515458675 -61.74 2.3999999999999986
    endloop
  endfacet
  facet normal 0 0 1
    outer loop
      vertex 24.094044284522532 -43.5295151117444 2.3999999999999986
      vertex 28.06797599165052 -61.60948628518954 2.3999999999999986
      vertex 28.171471862576148 -61.49147186257615 2.3999999999999986
    endloop
  endfacet
  facet normal 0 0 1
    outer loop
      vertex 24.094044284522532 -43.5295151117444 2.3999999999999986
      vertex 27.820000000000004 -62.34 2.3999999999999986
      vertex 27.830266166351432 -62.18336856933594 2.3999999999999986
    endloop
  endfacet
  facet normal 0 0 1
    outer loop
      vertex 24.094044284522532 -43.5295151117444 2.3999999999999986
      vertex 28.42 -61.300769515458676 2.3999999999999986
      vertex 28.560779881161896 -61.23134456098646 2.3999999999999986
    endloop
  endfacet
  facet normal 0 0 1
    outer loop
      vertex 24.094044284522532 -43.5295151117444 2.3999999999999986
      vertex 28.171471862576148 -61.49147186257615 2.3999999999999986
      vertex 28.28948628518954 -61.38797599165052 2.3999999999999986
    endloop
  endfacet
  facet normal 0 0 1
    outer loop
      vertex 24.094044284522532 -43.5295151117444 2.3999999999999986
      vertex 28.28948628518954 -61.38797599165052 2.3999999999999986
      vertex 28.42 -61.300769515458676 2.3999999999999986
    endloop
  endfacet
  facet normal 0 0 1
    outer loop
      vertex 24.094044284522532 -43.5295151117444 2.3999999999999986
      vertex 28.560779881161896 -61.23134456098646 2.3999999999999986
      vertex 28.709417145876976 -61.18088900845312 2.3999999999999986
    endloop
  endfacet
  facet normal 0 0 1
    outer loop
      vertex 24.094044284522532 -43.5295151117444 2.3999999999999986
      vertex 28.709417145876976 -61.18088900845312 2.3999999999999986
      vertex 28.86336856933594 -61.15026616635143 2.3999999999999986
    endloop
  endfacet
  facet normal 0 0 1
    outer loop
      vertex 24.094044284522532 -43.5295151117444 2.3999999999999986
      vertex 28.86336856933594 -61.15026616635143 2.3999999999999986
      vertex 29.020000000000003 -61.14 2.3999999999999986
    endloop
  endfacet
  facet normal 0 0 1
    outer loop
      vertex 24.094044284522532 -43.5295151117444 2.3999999999999986
      vertex 29.020000000000003 -61.14 2.3999999999999986
      vertex 29.176631430664067 -61.15026616635143 2.3999999999999986
    endloop
  endfacet
  facet normal 0 0 1
    outer loop
      vertex 24.094044284522532 -43.5295151117444 2.3999999999999986
      vertex 29.176631430664067 -61.15026616635143 2.3999999999999986
      vertex 29.33058285412303 -61.18088900845312 2.3999999999999986
    endloop
  endfacet
  facet normal 0 0 1
    outer loop
      vertex 24.094044284522532 -43.5295151117444 2.3999999999999986
      vertex 29.33058285412303 -61.18088900845312 2.3999999999999986
      vertex 29.47922011883811 -61.23134456098646 2.3999999999999986
    endloop
  endfacet
  facet normal 0 0 1
    outer loop
      vertex 24.094044284522532 -43.5295151117444 2.3999999999999986
      vertex 29.47922011883811 -61.23134456098646 2.3999999999999986
      vertex 29.620000000000005 -61.300769515458676 2.3999999999999986
    endloop
  endfacet
  facet normal 0 0 1
    outer loop
      vertex 24.094044284522532 -43.5295151117444 2.3999999999999986
      vertex 29.620000000000005 -61.300769515458676 2.3999999999999986
      vertex 29.750513714810467 -61.38797599165052 2.3999999999999986
    endloop
  endfacet
  facet normal 0 0 1
    outer loop
      vertex 24.094044284522532 -43.5295151117444 2.3999999999999986
      vertex 29.750513714810467 -61.38797599165052 2.3999999999999986
      vertex 29.86852813742386 -61.49147186257615 2.3999999999999986
    endloop
  endfacet
  facet normal 0 0 1
    outer loop
      vertex 24.094044284522532 -43.5295151117444 2.3999999999999986
      vertex 29.86852813742386 -61.49147186257615 2.3999999999999986
      vertex 29.972024008349486 -61.60948628518954 2.3999999999999986
    endloop
  endfacet
  facet normal 0 0 1
    outer loop
      vertex 24.094044284522532 -43.5295151117444 2.3999999999999986
      vertex 29.972024008349486 -61.60948628518954 2.3999999999999986
      vertex 30.05923048454133 -61.74 2.3999999999999986
    endloop
  endfacet
  facet normal 0 0 1
    outer loop
      vertex 24.094044284522532 -43.5295151117444 2.3999999999999986
      vertex 30.05923048454133 -61.74 2.3999999999999986
      vertex 30.128655439013546 -61.88077988116189 2.3999999999999986
    endloop
  endfacet
  facet normal 0 0 1
    outer loop
      vertex 24.094044284522532 -43.5295151117444 2.3999999999999986
      vertex 30.128655439013546 -61.88077988116189 2.3999999999999986
      vertex 30.179110991546885 -62.02941714587698 2.3999999999999986
    endloop
  endfacet
  facet normal 0 0 1
    outer loop
      vertex 30.962627002596854 -43.080635281205176 2.3999999999999986
      vertex 29.972024008349486 -45.82948628518954 2.3999999999999986
      vertex 30.05923048454133 -45.96 2.3999999999999986
    endloop
  endfacet
  facet normal 0 0 1
    outer loop
      vertex 30.962627002596854 -43.080635281205176 2.3999999999999986
      vertex 30.05923048454133 -45.96 2.3999999999999986
      vertex 30.128655439013546 -46.10077988116189 2.3999999999999986
    endloop
  endfacet
  facet normal 0 0 1
    outer loop
      vertex 30.962627002596854 -43.080635281205176 2.3999999999999986
      vertex 30.128655439013546 -46.10077988116189 2.3999999999999986
      vertex 30.179110991546885 -46.249417145876976 2.3999999999999986
    endloop
  endfacet
  facet normal 0 0 1
    outer loop
      vertex 30.962627002596854 -43.080635281205176 2.3999999999999986
      vertex 30.179110991546885 -46.249417145876976 2.3999999999999986
      vertex 30.209733833648574 -46.40336856933594 2.3999999999999986
    endloop
  endfacet
  facet normal 0 0 1
    outer loop
      vertex 24.094044284522532 -43.5295151117444 2.3999999999999986
      vertex 47 -77.7100000014901 2.3999999999999986
      vertex 27.980769515458675 -47.160000000000004 2.3999999999999986
    endloop
  endfacet
  facet normal 0 0 1
    outer loop
      vertex 6 -77.7100000014901 2.3999999999999986
      vertex 47 -77.7100000014901 2.3999999999999986
      vertex 28.28948628518954 -63.292024008349486 2.3999999999999986
    endloop
  endfacet
  facet normal 0 0 -1
    outer loop
      vertex 6 -77.7100000014901 0
      vertex 35.204999999701975 -41.32338684976101 0
      vertex 47 -77.7100000014901 0
    endloop
  endfacet
  facet normal 0 0 1
    outer loop
      vertex 30.962627002596854 -43.080635281205176 2.3999999999999986
      vertex 30.209733833648574 -46.40336856933594 2.3999999999999986
      vertex 47 -77.7100000014901 2.3999999999999986
    endloop
  endfacet
  facet normal 0 0 1
    outer loop
      vertex 47 -77.7100000014901 2.3999999999999986
      vertex 30.209733833648574 -46.40336856933594 2.3999999999999986
      vertex 30.220000000000002 -46.56 2.3999999999999986
    endloop
  endfacet
  facet normal 0 0 1
    outer loop
      vertex 47 -77.7100000014901 2.3999999999999986
      vertex 30.179110991546885 -46.87058285412303 2.3999999999999986
      vertex 30.128655439013546 -47.01922011883811 2.3999999999999986
    endloop
  endfacet
  facet normal 0 0 1
    outer loop
      vertex 47 -77.7100000014901 2.3999999999999986
      vertex 30.220000000000002 -46.56 2.3999999999999986
      vertex 30.209733833648574 -46.716631430664066 2.3999999999999986
    endloop
  endfacet
  facet normal 0 0 1
    outer loop
      vertex 47 -77.7100000014901 2.3999999999999986
      vertex 30.209733833648574 -46.716631430664066 2.3999999999999986
      vertex 30.179110991546885 -46.87058285412303 2.3999999999999986
    endloop
  endfacet
  facet normal 0 0 1
    outer loop
      vertex 30.962627002596854 -43.080635281205176 2.3999999999999986
      vertex 47 -77.7100000014901 2.3999999999999986
      vertex 33.14140157550573 -42.34104097813368 2.3999999999999986
    endloop
  endfacet
  facet normal 0 0 1
    outer loop
      vertex 33.14140157550573 -42.34104097813368 2.3999999999999986
      vertex 47 -77.7100000014901 2.3999999999999986
      vertex 35.204999999701975 -41.32338684976101 2.3999999999999986
    endloop
  endfacet
  facet normal 0 0 1
    outer loop
      vertex 35.204999999701975 -41.32338684976101 2.3999999999999986
      vertex 47 -77.7100000014901 2.3999999999999986
      vertex 37.118113534152506 -40.04508525311947 2.3999999999999986
    endloop
  endfacet
  facet normal 0 0 -1
    outer loop
      vertex 35.204999999701975 -41.32338684976101 0
      vertex 37.118113534152506 -40.04508525311947 0
      vertex 47 -77.7100000014901 0
    endloop
  endfacet
  facet normal 0 0 1
    outer loop
      vertex 47 -77.7100000014901 2.3999999999999986
      vertex 28.06797599165052 -47.290513714810466 2.3999999999999986
      vertex 27.980769515458675 -47.160000000000004 2.3999999999999986
    endloop
  endfacet
  facet normal 0 0 1
    outer loop
      vertex 24.094044284522532 -43.5295151117444 2.3999999999999986
      vertex 30.179110991546885 -62.02941714587698 2.3999999999999986
      vertex 47 -77.7100000014901 2.3999999999999986
    endloop
  endfacet
  facet normal 0 0 1
    outer loop
      vertex 47 -77.7100000014901 2.3999999999999986
      vertex 28.171471862576148 -47.40852813742386 2.3999999999999986
      vertex 28.06797599165052 -47.290513714810466 2.3999999999999986
    endloop
  endfacet
  facet normal 0 0 1
    outer loop
      vertex 47 -77.7100000014901 2.3999999999999986
      vertex 28.28948628518954 -47.512024008349485 2.3999999999999986
      vertex 28.171471862576148 -47.40852813742386 2.3999999999999986
    endloop
  endfacet
  facet normal 0 0 1
    outer loop
      vertex 47 -77.7100000014901 2.3999999999999986
      vertex 28.42 -47.59923048454133 2.3999999999999986
      vertex 28.28948628518954 -47.512024008349485 2.3999999999999986
    endloop
  endfacet
  facet normal 0 0 1
    outer loop
      vertex 47 -77.7100000014901 2.3999999999999986
      vertex 28.560779881161896 -47.66865543901355 2.3999999999999986
      vertex 28.42 -47.59923048454133 2.3999999999999986
    endloop
  endfacet
  facet normal 0 0 1
    outer loop
      vertex 47 -77.7100000014901 2.3999999999999986
      vertex 28.709417145876976 -47.719110991546884 2.3999999999999986
      vertex 28.560779881161896 -47.66865543901355 2.3999999999999986
    endloop
  endfacet
  facet normal 0 0 1
    outer loop
      vertex 47 -77.7100000014901 2.3999999999999986
      vertex 28.86336856933594 -47.74973383364858 2.3999999999999986
      vertex 28.709417145876976 -47.719110991546884 2.3999999999999986
    endloop
  endfacet
  facet normal 0 0 1
    outer loop
      vertex 47 -77.7100000014901 2.3999999999999986
      vertex 29.020000000000003 -47.760000000000005 2.3999999999999986
      vertex 28.86336856933594 -47.74973383364858 2.3999999999999986
    endloop
  endfacet
  facet normal 0 0 1
    outer loop
      vertex 47 -77.7100000014901 2.3999999999999986
      vertex 29.176631430664067 -47.74973383364858 2.3999999999999986
      vertex 29.020000000000003 -47.760000000000005 2.3999999999999986
    endloop
  endfacet
  facet normal 0 0 1
    outer loop
      vertex 47 -77.7100000014901 2.3999999999999986
      vertex 29.33058285412303 -47.719110991546884 2.3999999999999986
      vertex 29.176631430664067 -47.74973383364858 2.3999999999999986
    endloop
  endfacet
  facet normal 0 0 1
    outer loop
      vertex 47 -77.7100000014901 2.3999999999999986
      vertex 29.47922011883811 -47.66865543901355 2.3999999999999986
      vertex 29.33058285412303 -47.719110991546884 2.3999999999999986
    endloop
  endfacet
  facet normal 0 0 1
    outer loop
      vertex 47 -77.7100000014901 2.3999999999999986
      vertex 29.620000000000005 -47.59923048454133 2.3999999999999986
      vertex 29.47922011883811 -47.66865543901355 2.3999999999999986
    endloop
  endfacet
  facet normal 0 0 1
    outer loop
      vertex 47 -77.7100000014901 2.3999999999999986
      vertex 29.750513714810467 -47.512024008349485 2.3999999999999986
      vertex 29.620000000000005 -47.59923048454133 2.3999999999999986
    endloop
  endfacet
  facet normal 0 0 1
    outer loop
      vertex 47 -77.7100000014901 2.3999999999999986
      vertex 29.86852813742386 -47.40852813742386 2.3999999999999986
      vertex 29.750513714810467 -47.512024008349485 2.3999999999999986
    endloop
  endfacet
  facet normal 0 0 1
    outer loop
      vertex 47 -77.7100000014901 2.3999999999999986
      vertex 29.972024008349486 -47.290513714810466 2.3999999999999986
      vertex 29.86852813742386 -47.40852813742386 2.3999999999999986
    endloop
  endfacet
  facet normal 0 0 1
    outer loop
      vertex 47 -77.7100000014901 2.3999999999999986
      vertex 30.05923048454133 -47.160000000000004 2.3999999999999986
      vertex 29.972024008349486 -47.290513714810466 2.3999999999999986
    endloop
  endfacet
  facet normal 0 0 1
    outer loop
      vertex 47 -77.7100000014901 2.3999999999999986
      vertex 30.128655439013546 -47.01922011883811 2.3999999999999986
      vertex 30.05923048454133 -47.160000000000004 2.3999999999999986
    endloop
  endfacet
  facet normal 0 0 1
    outer loop
      vertex 47 -77.7100000014901 2.3999999999999986
      vertex 28.42 -63.37923048454133 2.3999999999999986
      vertex 28.28948628518954 -63.292024008349486 2.3999999999999986
    endloop
  endfacet
  facet normal 0 0 1
    outer loop
      vertex 47 -77.7100000014901 2.3999999999999986
      vertex 28.560779881161896 -63.44865543901355 2.3999999999999986
      vertex 28.42 -63.37923048454133 2.3999999999999986
    endloop
  endfacet
  facet normal 0 0 1
    outer loop
      vertex 47 -77.7100000014901 2.3999999999999986
      vertex 28.709417145876976 -63.499110991546885 2.3999999999999986
      vertex 28.560779881161896 -63.44865543901355 2.3999999999999986
    endloop
  endfacet
  facet normal 0 0 1
    outer loop
      vertex 47 -77.7100000014901 2.3999999999999986
      vertex 28.86336856933594 -63.52973383364858 2.3999999999999986
      vertex 28.709417145876976 -63.499110991546885 2.3999999999999986
    endloop
  endfacet
  facet normal 0 0 1
    outer loop
      vertex 47 -77.7100000014901 2.3999999999999986
      vertex 29.020000000000003 -63.540000000000006 2.3999999999999986
      vertex 28.86336856933594 -63.52973383364858 2.3999999999999986
    endloop
  endfacet
  facet normal 0 0 1
    outer loop
      vertex 47 -77.7100000014901 2.3999999999999986
      vertex 29.176631430664067 -63.52973383364858 2.3999999999999986
      vertex 29.020000000000003 -63.540000000000006 2.3999999999999986
    endloop
  endfacet
  facet normal 0 0 1
    outer loop
      vertex 47 -77.7100000014901 2.3999999999999986
      vertex 29.33058285412303 -63.499110991546885 2.3999999999999986
      vertex 29.176631430664067 -63.52973383364858 2.3999999999999986
    endloop
  endfacet
  facet normal 0 0 1
    outer loop
      vertex 47 -77.7100000014901 2.3999999999999986
      vertex 29.47922011883811 -63.44865543901355 2.3999999999999986
      vertex 29.33058285412303 -63.499110991546885 2.3999999999999986
    endloop
  endfacet
  facet normal 0 0 1
    outer loop
      vertex 47 -77.7100000014901 2.3999999999999986
      vertex 29.620000000000005 -63.37923048454133 2.3999999999999986
      vertex 29.47922011883811 -63.44865543901355 2.3999999999999986
    endloop
  endfacet
  facet normal 0 0 1
    outer loop
      vertex 47 -77.7100000014901 2.3999999999999986
      vertex 29.750513714810467 -63.292024008349486 2.3999999999999986
      vertex 29.620000000000005 -63.37923048454133 2.3999999999999986
    endloop
  endfacet
  facet normal 0 0 1
    outer loop
      vertex 47 -77.7100000014901 2.3999999999999986
      vertex 29.86852813742386 -63.18852813742386 2.3999999999999986
      vertex 29.750513714810467 -63.292024008349486 2.3999999999999986
    endloop
  endfacet
  facet normal 0 0 1
    outer loop
      vertex 47 -77.7100000014901 2.3999999999999986
      vertex 29.972024008349486 -63.07051371481047 2.3999999999999986
      vertex 29.86852813742386 -63.18852813742386 2.3999999999999986
    endloop
  endfacet
  facet normal 0 0 1
    outer loop
      vertex 47 -77.7100000014901 2.3999999999999986
      vertex 30.05923048454133 -62.940000000000005 2.3999999999999986
      vertex 29.972024008349486 -63.07051371481047 2.3999999999999986
    endloop
  endfacet
  facet normal 0 0 1
    outer loop
      vertex 47 -77.7100000014901 2.3999999999999986
      vertex 30.209733833648574 -62.18336856933594 2.3999999999999986
      vertex 30.220000000000002 -62.34 2.3999999999999986
    endloop
  endfacet
  facet normal 0 0 1
    outer loop
      vertex 47 -77.7100000014901 2.3999999999999986
      vertex 30.179110991546885 -62.02941714587698 2.3999999999999986
      vertex 30.209733833648574 -62.18336856933594 2.3999999999999986
    endloop
  endfacet
  facet normal 0 0 1
    outer loop
      vertex 47 -77.7100000014901 2.3999999999999986
      vertex 30.179110991546885 -62.65058285412303 2.3999999999999986
      vertex 30.128655439013546 -62.799220118838115 2.3999999999999986
    endloop
  endfacet
  facet normal 0 0 1
    outer loop
      vertex 47 -77.7100000014901 2.3999999999999986
      vertex 30.220000000000002 -62.34 2.3999999999999986
      vertex 30.209733833648574 -62.49663143066407 2.3999999999999986
    endloop
  endfacet
  facet normal 0 0 1
    outer loop
      vertex 47 -77.7100000014901 2.3999999999999986
      vertex 30.209733833648574 -62.49663143066407 2.3999999999999986
      vertex 30.179110991546885 -62.65058285412303 2.3999999999999986
    endloop
  endfacet
  facet normal 0 0 1
    outer loop
      vertex 47 -77.7100000014901 2.3999999999999986
      vertex 30.128655439013546 -62.799220118838115 2.3999999999999986
      vertex 30.05923048454133 -62.940000000000005 2.3999999999999986
    endloop
  endfacet
  facet normal 0 0 1
    outer loop
      vertex 35.204999999701975 -10.836613150238989 2.3999999999999986
      vertex 37.118113534152506 -12.11491474688053 2.3999999999999986
      vertex 51.350000001490116 -8.25 2.3999999999999986
    endloop
  endfacet
  facet normal 0 0 1
    outer loop
      vertex 37.118113534152506 -12.11491474688053 2.3999999999999986
      vertex 38.84800827652216 -13.631991723477839 2.3999999999999986
      vertex 51.350000001490116 -8.25 2.3999999999999986
    endloop
  endfacet
  facet normal 0 0 1
    outer loop
      vertex 38.84800827652216 -13.631991723477839 2.3999999999999986
      vertex 40.36508525311947 -15.36188646584749 2.3999999999999986
      vertex 51.350000001490116 -8.25 2.3999999999999986
    endloop
  endfacet
  facet normal 0 0 1
    outer loop
      vertex 44.54999999701977 -1.4500000029802322 2.3999999999999986
      vertex 47.39940755188085 -3.624712384601345 2.3999999999999986
      vertex 47.46037467785863 -3.4451090230706196 2.3999999999999986
    endloop
  endfacet
  facet normal 0 0 1
    outer loop
      vertex 44.54999999701977 -1.4500000029802322 2.3999999999999986
      vertex 47.544263164512564 -3.275 2.3999999999999986
      vertex 47.64963765657771 -3.117295927937355 2.3999999999999986
    endloop
  endfacet
  facet normal 0 0 1
    outer loop
      vertex 44.54999999701977 -1.4500000029802322 2.3999999999999986
      vertex 47.46037467785863 -3.4451090230706196 2.3999999999999986
      vertex 47.544263164512564 -3.275 2.3999999999999986
    endloop
  endfacet
  facet normal 0 0 1
    outer loop
      vertex 44.54999999701977 -1.4500000029802322 2.3999999999999986
      vertex 47.64963765657771 -3.117295927937355 2.3999999999999986
      vertex 47.7746951672795 -2.9746951672795063 2.3999999999999986
    endloop
  endfacet
  facet normal 0 0 1
    outer loop
      vertex 44.54999999701977 -1.4500000029802322 2.3999999999999986
      vertex 47.7746951672795 -2.9746951672795063 2.3999999999999986
      vertex 47.91729592793735 -2.849637656577709 2.3999999999999986
    endloop
  endfacet
  facet normal 0 0 1
    outer loop
      vertex 44.54999999701977 -1.4500000029802322 2.3999999999999986
      vertex 48.074999999999996 -2.744263164512564 2.3999999999999986
      vertex 48.24510902307062 -2.660374677858634 2.3999999999999986
    endloop
  endfacet
  facet normal 0 0 1
    outer loop
      vertex 44.54999999701977 -1.4500000029802322 2.3999999999999986
      vertex 47.91729592793735 -2.849637656577709 2.3999999999999986
      vertex 48.074999999999996 -2.744263164512564 2.3999999999999986
    endloop
  endfacet
  facet normal 0 0 1
    outer loop
      vertex 44.54999999701977 -1.4500000029802322 2.3999999999999986
      vertex 48.24510902307062 -2.660374677858634 2.3999999999999986
      vertex 48.42471238460134 -2.599407551880851 2.3999999999999986
    endloop
  endfacet
  facet normal 0 0 1
    outer loop
      vertex 44.54999999701977 -1.4500000029802322 2.3999999999999986
      vertex 47.349999999999994 -4 2.3999999999999986
      vertex 47.362404951007974 -3.810737021280925 2.3999999999999986
    endloop
  endfacet
  facet normal 0 0 1
    outer loop
      vertex 44.54999999701977 -1.4500000029802322 2.3999999999999986
      vertex 47.362404951007974 -4.189262978719075 2.3999999999999986
      vertex 47.349999999999994 -4 2.3999999999999986
    endloop
  endfacet
  facet normal 0 0 1
    outer loop
      vertex 44.54999999701977 -1.4500000029802322 2.3999999999999986
      vertex 47.362404951007974 -3.810737021280925 2.3999999999999986
      vertex 47.39940755188085 -3.624712384601345 2.3999999999999986
    endloop
  endfacet
  facet normal 0 0 1
    outer loop
      vertex 44.54999999701977 -1.4500000029802322 2.3999999999999986
      vertex 47.39940755188085 -4.375287615398655 2.3999999999999986
      vertex 47.362404951007974 -4.189262978719075 2.3999999999999986
    endloop
  endfacet
  facet normal 0 0 1
    outer loop
      vertex 40.36508525311947 -15.36188646584749 2.3999999999999986
      vertex 41.64338684976101 -17.27500000029802 2.3999999999999986
      vertex 51.350000001490116 -8.25 2.3999999999999986
    endloop
  endfacet
  facet normal 0 0 1
    outer loop
      vertex 41.64338684976101 -17.27500000029802 2.3999999999999986
      vertex 42.66104097813368 -19.338598424494265 2.3999999999999986
      vertex 51.350000001490116 -8.25 2.3999999999999986
    endloop
  endfacet
  facet normal 0 0 1
    outer loop
      vertex 42.66104097813368 -19.338598424494265 2.3999999999999986
      vertex 43.400635281205176 -21.517372997403143 2.3999999999999986
      vertex 51.350000001490116 -8.25 2.3999999999999986
    endloop
  endfacet
  facet normal 0 0 -1
    outer loop
      vertex 35.204999999701975 -10.836613150238989 0
      vertex 46.22224336042809 -4.339368099772134 0
      vertex 46.28859285164842 -4.672929517266554 0
    endloop
  endfacet
  facet normal 0 0 -1
    outer loop
      vertex 35.204999999701975 -10.836613150238989 0
      vertex 46.28859285164842 -4.672929517266554 0
      vertex 46.39791321547065 -4.994976924149233 0
    endloop
  endfacet
  facet normal 0 0 -1
    outer loop
      vertex 37.118113534152506 -12.11491474688053 0
      vertex 46.39791321547065 -4.994976924149233 0
      vertex 46.548333950160455 -5.3 0
    endloop
  endfacet
  facet normal 0 0 -1
    outer loop
      vertex 37.118113534152506 -12.11491474688053 0
      vertex 46.548333950160455 -5.3 0
      vertex 38.84800827652216 -13.631991723477839 0
    endloop
  endfacet
  facet normal 0 0 -1
    outer loop
      vertex 38.84800827652216 -13.631991723477839 0
      vertex 46.548333950160455 -5.3 0
      vertex 40.36508525311947 -15.36188646584749 0
    endloop
  endfacet
  facet normal 0 0 -1
    outer loop
      vertex 40.36508525311947 -15.36188646584749 0
      vertex 46.548333950160455 -5.3 0
      vertex 41.64338684976101 -17.27500000029802 0
    endloop
  endfacet
  facet normal 0 0 -1
    outer loop
      vertex 41.64338684976101 -17.27500000029802 0
      vertex 46.548333950160455 -5.3 0
      vertex 42.66104097813368 -19.338598424494265 0
    endloop
  endfacet
  facet normal 0 0 -1
    outer loop
      vertex 46.548333950160455 -5.3 0
      vertex 43.400635281205176 -21.517372997403143 0
      vertex 42.66104097813368 -19.338598424494265 0
    endloop
  endfacet
  facet normal 0 0 -1
    outer loop
      vertex 46.548333950160455 -5.3 0
      vertex 43.8495151117444 -23.77404428452253 0
      vertex 43.400635281205176 -21.517372997403143 0
    endloop
  endfacet
  facet normal 0 0 1
    outer loop
      vertex 43.400635281205176 -21.517372997403143 2.3999999999999986
      vertex 43.8495151117444 -23.77404428452253 2.3999999999999986
      vertex 51.350000001490116 -8.25 2.3999999999999986
    endloop
  endfacet
  facet normal 0 0 1
    outer loop
      vertex 43.8495151117444 -23.77404428452253 2.3999999999999986
      vertex 44.000000001490115 -26.07000000208616 2.3999999999999986
      vertex 51.350000001490116 -8.25 2.3999999999999986
    endloop
  endfacet
  facet normal 0 0 1
    outer loop
      vertex 44.000000001490115 -26.07000000208616 2.3999999999999986
      vertex 44.000000001490115 -26.089999997913836 2.3999999999999986
      vertex 51.350000001490116 -8.25 2.3999999999999986
    endloop
  endfacet
  facet normal 0 0 1
    outer loop
      vertex 43.8495151117444 -28.385955715477465 2.3999999999999986
      vertex 43.400635281205176 -30.642627002596853 2.3999999999999986
      vertex 51.350000001490116 -8.25 2.3999999999999986
    endloop
  endfacet
  facet normal 0 0 1
    outer loop
      vertex 44.000000001490115 -26.089999997913836 2.3999999999999986
      vertex 43.8495151117444 -28.385955715477465 2.3999999999999986
      vertex 51.350000001490116 -8.25 2.3999999999999986
    endloop
  endfacet
  facet normal 0 0 -1
    outer loop
      vertex 46.548333950160455 -5.3 0
      vertex 44.000000001490115 -26.07000000208616 0
      vertex 43.8495151117444 -23.77404428452253 0
    endloop
  endfacet
  facet normal 0 0 -1
    outer loop
      vertex 46.548333950160455 -5.3 0
      vertex 43.8495151117444 -28.385955715477465 0
      vertex 44.000000001490115 -26.089999997913836 0
    endloop
  endfacet
  facet normal 0 0 -1
    outer loop
      vertex 46.548333950160455 -5.3 0
      vertex 44.000000001490115 -26.089999997913836 0
      vertex 44.000000001490115 -26.07000000208616 0
    endloop
  endfacet
  facet normal 0 0 -1
    outer loop
      vertex 46.548333950160455 -5.3 0
      vertex 46.73728131524278 -5.5827797154226735 0
      vertex 49.07872895151377 -79.09896227777003 0
    endloop
  endfacet
  facet normal 0 0 -1
    outer loop
      vertex 46.73728131524278 -5.5827797154226735 0
      vertex 46.96152236891497 -5.8384776310850235 0
      vertex 49.07872895151377 -79.09896227777003 0
    endloop
  endfacet
  facet normal 0 0 1
    outer loop
      vertex 44.54999999701977 -0.25 2.3999999999999986
      vertex 44.54999999701977 -1.4500000029802322 2.3999999999999986
      vertex 54.69777747392654 -0.22354286164045334 2.3999999999999986
    endloop
  endfacet
  facet normal 0 0 1
    outer loop
      vertex 44.54999999701977 -1.4500000029802322 2.3999999999999986
      vertex 48.42471238460134 -2.599407551880851 2.3999999999999986
      vertex 54.79999999850988 -1 2.3999999999999986
    endloop
  endfacet
  facet normal 0 0 1
    outer loop
      vertex 48.42471238460134 -5.4005924481191485 2.3999999999999986
      vertex 51.350000001490116 -8.25 2.3999999999999986
      vertex 48.610737021280926 -5.437595048992025 2.3999999999999986
    endloop
  endfacet
  facet normal 0 0 1
    outer loop
      vertex 48.42471238460134 -2.599407551880851 2.3999999999999986
      vertex 48.610737021280926 -2.562404951007975 2.3999999999999986
      vertex 54.79999999850988 -1 2.3999999999999986
    endloop
  endfacet
  facet normal 0 0 1
    outer loop
      vertex 48.610737021280926 -2.562404951007975 2.3999999999999986
      vertex 48.8 -2.55 2.3999999999999986
      vertex 54.79999999850988 -1 2.3999999999999986
    endloop
  endfacet
  facet normal 0 0 1
    outer loop
      vertex 48.8 -2.55 2.3999999999999986
      vertex 48.98926297871907 -2.562404951007975 2.3999999999999986
      vertex 54.79999999850988 -1 2.3999999999999986
    endloop
  endfacet
  facet normal 0 0 1
    outer loop
      vertex 48.98926297871907 -2.562404951007975 2.3999999999999986
      vertex 49.17528761539865 -2.599407551880851 2.3999999999999986
      vertex 54.79999999850988 -1 2.3999999999999986
    endloop
  endfacet
  facet normal 0 0 1
    outer loop
      vertex 49.17528761539865 -2.599407551880851 2.3999999999999986
      vertex 49.354890976929376 -2.660374677858634 2.3999999999999986
      vertex 54.79999999850988 -1 2.3999999999999986
    endloop
  endfacet
  facet normal 0 0 1
    outer loop
      vertex 49.354890976929376 -2.660374677858634 2.3999999999999986
      vertex 49.525 -2.744263164512564 2.3999999999999986
      vertex 54.79999999850988 -1 2.3999999999999986
    endloop
  endfacet
  facet normal 0 0 1
    outer loop
      vertex 48.610737021280926 -5.437595048992025 2.3999999999999986
      vertex 51.350000001490116 -8.25 2.3999999999999986
      vertex 48.8 -5.45 2.3999999999999986
    endloop
  endfacet
  facet normal 0 0 1
    outer loop
      vertex 48.8 -5.45 2.3999999999999986
      vertex 51.350000001490116 -8.25 2.3999999999999986
      vertex 48.98926297871907 -5.437595048992025 2.3999999999999986
    endloop
  endfacet
  facet normal 0 0 1
    outer loop
      vertex 49.17528761539865 -5.4005924481191485 2.3999999999999986
      vertex 48.98926297871907 -5.437595048992025 2.3999999999999986
      vertex 51.350000001490116 -8.25 2.3999999999999986
    endloop
  endfacet
  facet normal 0 0 1
    outer loop
      vertex 49.17528761539865 -5.4005924481191485 2.3999999999999986
      vertex 52.54999999701977 -8.25 2.3999999999999986
      vertex 49.354890976929376 -5.339625322141366 2.3999999999999986
    endloop
  endfacet
  facet normal 0 0 1
    outer loop
      vertex 49.354890976929376 -5.339625322141366 2.3999999999999986
      vertex 52.54999999701977 -8.25 2.3999999999999986
      vertex 49.525 -5.255736835487436 2.3999999999999986
    endloop
  endfacet
  facet normal 0 0 1
    outer loop
      vertex 49.525 -5.255736835487436 2.3999999999999986
      vertex 52.54999999701977 -8.25 2.3999999999999986
      vertex 49.68270407206264 -5.150362343422291 2.3999999999999986
    endloop
  endfacet
  facet normal 0 0 1
    outer loop
      vertex 49.68270407206264 -5.150362343422291 2.3999999999999986
      vertex 52.54999999701977 -8.25 2.3999999999999986
      vertex 49.82530483272049 -5.025304832720494 2.3999999999999986
    endloop
  endfacet
  facet normal 0 0 1
    outer loop
      vertex 49.82530483272049 -5.025304832720494 2.3999999999999986
      vertex 52.54999999701977 -8.25 2.3999999999999986
      vertex 49.950362343422285 -4.882704072062645 2.3999999999999986
    endloop
  endfacet
  facet normal 0 0 1
    outer loop
      vertex 50.05573683548743 -4.725 2.3999999999999986
      vertex 49.950362343422285 -4.882704072062645 2.3999999999999986
      vertex 52.54999999701977 -8.25 2.3999999999999986
    endloop
  endfacet
  facet normal 0 0 1
    outer loop
      vertex 49.17528761539865 -5.4005924481191485 2.3999999999999986
      vertex 51.350000001490116 -8.25 2.3999999999999986
      vertex 52.54999999701977 -8.25 2.3999999999999986
    endloop
  endfacet
  facet normal 0 0 1
    outer loop
      vertex 44.54999999701977 -1.4500000029802322 2.3999999999999986
      vertex 54.77433458119631 -0.6084214225411415 2.3999999999999986
      vertex 54.69777747392654 -0.22354286164045334 2.3999999999999986
    endloop
  endfacet
  facet normal 0 0 1
    outer loop
      vertex 44.54999999701977 -1.4500000029802322 2.3999999999999986
      vertex 54.79999999850988 -1 2.3999999999999986
      vertex 54.77433458119631 -0.6084214225411415 2.3999999999999986
    endloop
  endfacet
  facet normal 0 0 1
    outer loop
      vertex 49.525 -2.744263164512564 2.3999999999999986
      vertex 49.68270407206264 -2.849637656577709 2.3999999999999986
      vertex 54.79999999850988 -1 2.3999999999999986
    endloop
  endfacet
  facet normal 0 0 1
    outer loop
      vertex 49.68270407206264 -2.849637656577709 2.3999999999999986
      vertex 49.82530483272049 -2.9746951672795063 2.3999999999999986
      vertex 54.79999999850988 -1 2.3999999999999986
    endloop
  endfacet
  facet normal 0 0 1
    outer loop
      vertex 49.82530483272049 -2.9746951672795063 2.3999999999999986
      vertex 49.950362343422285 -3.117295927937355 2.3999999999999986
      vertex 54.79999999850988 -1 2.3999999999999986
    endloop
  endfacet
  facet normal 0 0 1
    outer loop
      vertex 49.950362343422285 -3.117295927937355 2.3999999999999986
      vertex 50.05573683548743 -3.275 2.3999999999999986
      vertex 54.79999999850988 -1 2.3999999999999986
    endloop
  endfacet
  facet normal 0 0 1
    outer loop
      vertex 50.05573683548743 -3.275 2.3999999999999986
      vertex 50.13962532214136 -3.4451090230706196 2.3999999999999986
      vertex 54.79999999850988 -1 2.3999999999999986
    endloop
  endfacet
  facet normal 0 0 1
    outer loop
      vertex 50.13962532214136 -3.4451090230706196 2.3999999999999986
      vertex 50.200592448119146 -3.624712384601345 2.3999999999999986
      vertex 54.79999999850988 -1 2.3999999999999986
    endloop
  endfacet
  facet normal 0 0 1
    outer loop
      vertex 50.200592448119146 -3.624712384601345 2.3999999999999986
      vertex 50.23759504899202 -3.810737021280925 2.3999999999999986
      vertex 54.79999999850988 -1 2.3999999999999986
    endloop
  endfacet
  facet normal 0 0 1
    outer loop
      vertex 50.23759504899202 -3.810737021280925 2.3999999999999986
      vertex 50.25 -4 2.3999999999999986
      vertex 54.79999999850988 -1 2.3999999999999986
    endloop
  endfacet
  facet normal 0 0 1
    outer loop
      vertex 51.79999999850988 2 2.3999999999999986
      vertex 52.57645713686943 1.8977774754166603 2.3999999999999986
      vertex 52.19157857596874 1.9743345826864243 2.3999999999999986
    endloop
  endfacet
  facet normal 0 0 1
    outer loop
      vertex 50.05573683548743 -4.725 2.3999999999999986
      vertex 54.79999999850988 -1 2.3999999999999986
      vertex 50.13962532214136 -4.55489097692938 2.3999999999999986
    endloop
  endfacet
  facet normal 0 0 1
    outer loop
      vertex 50.23759504899202 -4.189262978719075 2.3999999999999986
      vertex 50.200592448119146 -4.375287615398655 2.3999999999999986
      vertex 54.79999999850988 -1 2.3999999999999986
    endloop
  endfacet
  facet normal 0 0 1
    outer loop
      vertex 50.25 -4 2.3999999999999986
      vertex 50.23759504899202 -4.189262978719075 2.3999999999999986
      vertex 54.79999999850988 -1 2.3999999999999986
    endloop
  endfacet
  facet normal 0 0 1
    outer loop
      vertex 50.13962532214136 -4.55489097692938 2.3999999999999986
      vertex 54.79999999850988 -1 2.3999999999999986
      vertex 50.200592448119146 -4.375287615398655 2.3999999999999986
    endloop
  endfacet
  facet normal 0 0 1
    outer loop
      vertex 50.05573683548743 -4.725 2.3999999999999986
      vertex 52.54999999701977 -8.25 2.3999999999999986
      vertex 54.79999999850988 -1 2.3999999999999986
    endloop
  endfacet
  facet normal 0 0 -1
    outer loop
      vertex 48.46063190022786 -1.422243360428093 0
      vertex 54.79999999850988 -1 0
      vertex 48.8 -1.4 0
    endloop
  endfacet
  facet normal 0 0 -1
    outer loop
      vertex 48.8 -1.4 0
      vertex 54.79999999850988 -1 0
      vertex 49.139368099772135 -1.422243360428093 0
    endloop
  endfacet
  facet normal 0 0 -1
    outer loop
      vertex 49.139368099772135 -1.422243360428093 0
      vertex 54.79999999850988 -1 0
      vertex 49.47292951726655 -1.4885928516484221 0
    endloop
  endfacet
  facet normal 0.06540313273849395 0.9978589230086541 0
    outer loop
      vertex 51.79999999850988 2 2.3999999999999986
      vertex 52.19157857596874 1.9743345826864243 2.3999999999999986
      vertex 51.79999999850988 2 0
    endloop
  endfacet
  facet normal 0.19509032585814406 0.980785279639006 0
    outer loop
      vertex 52.19157857596874 1.9743345826864243 2.3999999999999986
      vertex 52.57645713686943 1.8977774754166603 2.3999999999999986
      vertex 52.19157857596874 1.9743345826864243 0
    endloop
  endfacet
  facet normal 0.3214394637077385 0.9469301300366788 0
    outer loop
      vertex 52.57645713686943 1.8977774754166603 2.3999999999999986
      vertex 52.94805029928684 1.7716385945677757 2.3999999999999986
      vertex 52.57645713686943 1.8977774754166603 0
    endloop
  endfacet
  facet normal 0.4422886918115197 0.8968727407473451 0
    outer loop
      vertex 52.94805029928684 1.7716385945677757 2.3999999999999986
      vertex 53.29999999850988 1.5980762094259262 2.3999999999999986
      vertex 52.94805029928684 1.7716385945677757 0
    endloop
  endfacet
  facet normal 0.5555702203832522 0.8314696207458844 0
    outer loop
      vertex 53.29999999850988 1.5980762094259262 2.3999999999999986
      vertex 53.62628428786993 1.3800600245594978 2.3999999999999986
      vertex 53.29999999850988 1.5980762094259262 0
    endloop
  endfacet
  facet normal 0.6593458207943228 0.7518398024852507 0
    outer loop
      vertex 53.62628428786993 1.3800600245594978 2.3999999999999986
      vertex 53.92132034301758 1.1213203445076942 2.3999999999999986
      vertex 53.62628428786993 1.3800600245594978 0
    endloop
  endfacet
  facet normal 0.7518398024852507 0.6593458207943228 0
    outer loop
      vertex 53.92132034301758 1.1213203445076942 2.3999999999999986
      vertex 54.18006002306938 0.8262842893600464 2.3999999999999986
      vertex 53.92132034301758 1.1213203445076942 0
    endloop
  endfacet
  facet normal 0.8314696207458844 0.5555702203832522 0
    outer loop
      vertex 54.18006002306938 0.8262842893600464 2.3999999999999986
      vertex 54.39807620793581 0.5 2.3999999999999986
      vertex 54.18006002306938 0.8262842893600464 0
    endloop
  endfacet
  facet normal 0.8968727407473451 0.4422886918115197 0
    outer loop
      vertex 54.39807620793581 0.5 2.3999999999999986
      vertex 54.57163859307766 0.14805030077695847 2.3999999999999986
      vertex 54.39807620793581 0.5 0
    endloop
  endfacet
  facet normal 0.9469301300366788 0.3214394637077385 0
    outer loop
      vertex 54.57163859307766 0.14805030077695847 2.3999999999999986
      vertex 54.69777747392654 -0.22354286164045334 2.3999999999999986
      vertex 54.57163859307766 0.14805030077695847 0
    endloop
  endfacet
  facet normal 0.980785279639006 0.19509032585814406 0
    outer loop
      vertex 54.69777747392654 -0.22354286164045334 2.3999999999999986
      vertex 54.77433458119631 -0.6084214225411415 2.3999999999999986
      vertex 54.69777747392654 -0.22354286164045334 0
    endloop
  endfacet
  facet normal 0.9978589230086541 0.06540313273849395 0
    outer loop
      vertex 54.77433458119631 -0.6084214225411415 2.3999999999999986
      vertex 54.79999999850988 -1 2.3999999999999986
      vertex 54.77433458119631 -0.6084214225411415 0
    endloop
  endfacet
  facet normal 0.06540313273849395 0.9978589230086541 0
    outer loop
      vertex 52.19157857596874 1.9743345826864243 2.3999999999999986
      vertex 52.19157857596874 1.9743345826864243 0
      vertex 51.79999999850988 2 0
    endloop
  endfacet
  facet normal 0.19509032585814406 0.980785279639006 0
    outer loop
      vertex 52.57645713686943 1.8977774754166603 2.3999999999999986
      vertex 52.57645713686943 1.8977774754166603 0
      vertex 52.19157857596874 1.9743345826864243 0
    endloop
  endfacet
  facet normal 0.3214394637077385 0.9469301300366788 0
    outer loop
      vertex 52.94805029928684 1.7716385945677757 2.3999999999999986
      vertex 52.94805029928684 1.7716385945677757 0
      vertex 52.57645713686943 1.8977774754166603 0
    endloop
  endfacet
  facet normal 0 0 -1
    outer loop
      vertex 49.47292951726655 -1.4885928516484221 0
      vertex 54.79999999850988 -1 0
      vertex 49.79497692414923 -1.5979132154706543 0
    endloop
  endfacet
  facet normal 0 0 -1
    outer loop
      vertex 49.79497692414923 -1.5979132154706543 0
      vertex 54.79999999850988 -1 0
      vertex 50.099999999999994 -1.7483339501604598 0
    endloop
  endfacet
  facet normal 0 0 -1
    outer loop
      vertex 50.099999999999994 -1.7483339501604598 0
      vertex 54.79999999850988 -1 0
      vertex 50.38277971542267 -1.9372813152427883 0
    endloop
  endfacet
  facet normal 0 0 -1
    outer loop
      vertex 50.38277971542267 -1.9372813152427883 0
      vertex 54.79999999850988 -1 0
      vertex 50.638477631085024 -2.1615223689149765 0
    endloop
  endfacet
  facet normal 0 0 -1
    outer loop
      vertex 50.638477631085024 -2.1615223689149765 0
      vertex 54.79999999850988 -1 0
      vertex 50.86271868475721 -2.4172202845773265 0
    endloop
  endfacet
  facet normal 0 0 -1
    outer loop
      vertex 51.79999999850988 2 0
      vertex 52.19157857596874 1.9743345826864243 0
      vertex 52.57645713686943 1.8977774754166603 0
    endloop
  endfacet
  facet normal 0 0 -1
    outer loop
      vertex 50.86271868475721 -2.4172202845773265 0
      vertex 54.79999999850988 -1 0
      vertex 51.05166604983954 -2.7 0
    endloop
  endfacet
  facet normal 0 0 -1
    outer loop
      vertex 51.05166604983954 -2.7 0
      vertex 54.79999999850988 -1 0
      vertex 51.20208678452934 -3.0050230758507666 0
    endloop
  endfacet
  facet normal 0 0 -1
    outer loop
      vertex 51.20208678452934 -3.0050230758507666 0
      vertex 54.79999999850988 -1 0
      vertex 51.31140714835158 -3.327070482733446 0
    endloop
  endfacet
  facet normal 0 0 -1
    outer loop
      vertex 51.31140714835158 -3.327070482733446 0
      vertex 54.79999999850988 -1 0
      vertex 51.377756639571906 -3.660631900227866 0
    endloop
  endfacet
  facet normal 0 0 -1
    outer loop
      vertex 51.377756639571906 -3.660631900227866 0
      vertex 54.79999999850988 -1 0
      vertex 51.4 -4 0
    endloop
  endfacet
  facet normal 0 0 -1
    outer loop
      vertex 51.4 -4 0
      vertex 54.79999999850988 -1 0
      vertex 51.377756639571906 -4.339368099772134 0
    endloop
  endfacet
  facet normal 0 0 -1
    outer loop
      vertex 51.31140714835158 -4.672929517266554 0
      vertex 51.377756639571906 -4.339368099772134 0
      vertex 54.79999999850988 -1 0
    endloop
  endfacet
  facet normal 0 0 -1
    outer loop
      vertex 51.20208678452934 -4.994976924149233 0
      vertex 51.31140714835158 -4.672929517266554 0
      vertex 54.79999999850988 -1 0
    endloop
  endfacet
  facet normal 0.4422886918115197 0.8968727407473451 0
    outer loop
      vertex 53.29999999850988 1.5980762094259262 2.3999999999999986
      vertex 53.29999999850988 1.5980762094259262 0
      vertex 52.94805029928684 1.7716385945677757 0
    endloop
  endfacet
  facet normal 0.5555702203832522 0.8314696207458844 0
    outer loop
      vertex 53.62628428786993 1.3800600245594978 2.3999999999999986
      vertex 53.62628428786993 1.3800600245594978 0
      vertex 53.29999999850988 1.5980762094259262 0
    endloop
  endfacet
  facet normal 0.6593458207943228 0.7518398024852507 0
    outer loop
      vertex 53.92132034301758 1.1213203445076942 2.3999999999999986
      vertex 53.92132034301758 1.1213203445076942 0
      vertex 53.62628428786993 1.3800600245594978 0
    endloop
  endfacet
  facet normal 0.7518398024852507 0.6593458207943228 0
    outer loop
      vertex 54.18006002306938 0.8262842893600464 2.3999999999999986
      vertex 54.18006002306938 0.8262842893600464 0
      vertex 53.92132034301758 1.1213203445076942 0
    endloop
  endfacet
  facet normal 0.8314696207458844 0.5555702203832522 0
    outer loop
      vertex 54.39807620793581 0.5 2.3999999999999986
      vertex 54.39807620793581 0.5 0
      vertex 54.18006002306938 0.8262842893600464 0
    endloop
  endfacet
  facet normal 0.8968727407473451 0.4422886918115197 0
    outer loop
      vertex 54.57163859307766 0.14805030077695847 2.3999999999999986
      vertex 54.57163859307766 0.14805030077695847 0
      vertex 54.39807620793581 0.5 0
    endloop
  endfacet
  facet normal 0.9469301300366788 0.3214394637077385 0
    outer loop
      vertex 54.69777747392654 -0.22354286164045334 2.3999999999999986
      vertex 54.69777747392654 -0.22354286164045334 0
      vertex 54.57163859307766 0.14805030077695847 0
    endloop
  endfacet
  facet normal 0.980785279639006 0.19509032585814406 0
    outer loop
      vertex 54.77433458119631 -0.6084214225411415 2.3999999999999986
      vertex 54.77433458119631 -0.6084214225411415 0
      vertex 54.69777747392654 -0.22354286164045334 0
    endloop
  endfacet
  facet normal 0.9978589230086541 0.06540313273849395 0
    outer loop
      vertex 54.79999999850988 -1 2.3999999999999986
      vertex 54.79999999850988 -1 0
      vertex 54.77433458119631 -0.6084214225411415 0
    endloop
  endfacet
  facet normal 0 0 -1
    outer loop
      vertex 46.96152236891497 -5.8384776310850235 0
      vertex 47.21722028457732 -6.062718684757211 0
      vertex 49.07872895151377 -79.09896227777003 0
    endloop
  endfacet
  facet normal 0 0 -1
    outer loop
      vertex 47.21722028457732 -6.062718684757211 0
      vertex 47.5 -6.251666049839541 0
      vertex 49.07872895151377 -79.09896227777003 0
    endloop
  endfacet
  facet normal 0 0 -1
    outer loop
      vertex 47.5 -6.251666049839541 0
      vertex 47.80502307585076 -6.402086784529345 0
      vertex 49.07872895151377 -79.09896227777003 0
    endloop
  endfacet
  facet normal 0 0 -1
    outer loop
      vertex 47.80502307585076 -6.402086784529345 0
      vertex 48.127070482733444 -6.511407148351578 0
      vertex 49.23075094074011 -79.6663160702586 0
    endloop
  endfacet
  facet normal 0 0 -1
    outer loop
      vertex 48.127070482733444 -6.511407148351578 0
      vertex 48.46063190022786 -6.577756639571907 0
      vertex 49.23075094074011 -79.6663160702586 0
    endloop
  endfacet
  facet normal 0 0 -1
    outer loop
      vertex 48.46063190022786 -6.577756639571907 0
      vertex 48.8 -6.6 0
      vertex 49.23075094074011 -79.6663160702586 0
    endloop
  endfacet
  facet normal 0 0 -1
    outer loop
      vertex 48.8 -6.6 0
      vertex 49.139368099772135 -6.577756639571907 0
      vertex 49.23075094074011 -79.6663160702586 0
    endloop
  endfacet
  facet normal 0 0 -1
    outer loop
      vertex 49.139368099772135 -6.577756639571907 0
      vertex 49.47292951726655 -6.511407148351578 0
      vertex 49.25 -79.9600000014901 0
    endloop
  endfacet
  facet normal 0 0 -1
    outer loop
      vertex 49.47292951726655 -6.511407148351578 0
      vertex 49.79497692414923 -6.402086784529345 0
      vertex 49.25 -79.9600000014901 0
    endloop
  endfacet
  facet normal 0 0 -1
    outer loop
      vertex 49.79497692414923 -6.402086784529345 0
      vertex 50.099999999999994 -6.251666049839541 0
      vertex 49.25 -79.9600000014901 0
    endloop
  endfacet
  facet normal 0 0 -1
    outer loop
      vertex 50.099999999999994 -6.251666049839541 0
      vertex 50.38277971542267 -6.062718684757211 0
      vertex 49.25 -79.9600000014901 0
    endloop
  endfacet
  facet normal 0 0 -1
    outer loop
      vertex 50.38277971542267 -6.062718684757211 0
      vertex 50.638477631085024 -5.8384776310850235 0
      vertex 49.25 -79.9600000014901 0
    endloop
  endfacet
  facet normal 0 0 -1
    outer loop
      vertex 50.638477631085024 -5.8384776310850235 0
      vertex 50.86271868475721 -5.5827797154226735 0
      vertex 49.25 -79.9600000014901 0
    endloop
  endfacet
  facet normal 0 0 -1
    outer loop
      vertex 51.05166604983954 -5.3 0
      vertex 51.20208678452934 -4.994976924149233 0
      vertex 49.25 -79.9600000014901 0
    endloop
  endfacet
  facet normal 0 0 -1
    outer loop
      vertex 51.05166604983954 -5.3 0
      vertex 49.25 -79.9600000014901 0
      vertex 50.86271868475721 -5.5827797154226735 0
    endloop
  endfacet
  facet normal 0 0 -1
    outer loop
      vertex 51.20208678452934 -4.994976924149233 0
      vertex 54.79999999850988 -1 0
      vertex 49.25 -79.9600000014901 0
    endloop
  endfacet
  facet normal 0 0 1
    outer loop
      vertex 37.118113534152506 -40.04508525311947 2.3999999999999986
      vertex 47 -77.7100000014901 2.3999999999999986
      vertex 38.84800827652216 -38.52800827652216 2.3999999999999986
    endloop
  endfacet
  facet normal 0 0 1
    outer loop
      vertex 40.36508525311947 -36.798113534152506 2.3999999999999986
      vertex 38.84800827652216 -38.52800827652216 2.3999999999999986
      vertex 47 -77.7100000014901 2.3999999999999986
    endloop
  endfacet
  facet normal 0 0 1
    outer loop
      vertex 40.36508525311947 -36.798113534152506 2.3999999999999986
      vertex 47 -77.7100000014901 2.3999999999999986
      vertex 41.64338684976101 -34.884999999701975 2.3999999999999986
    endloop
  endfacet
  facet normal 0 0 1
    outer loop
      vertex 43.400635281205176 -30.642627002596853 2.3999999999999986
      vertex 42.66104097813368 -32.82140157550573 2.3999999999999986
      vertex 48.78504501283169 -78.59028678447007 2.3999999999999986
    endloop
  endfacet
  facet normal 0 0 1
    outer loop
      vertex 41.64338684976101 -34.884999999701975 2.3999999999999986
      vertex 48.590990260243416 -78.36900974124669 2.3999999999999986
      vertex 42.66104097813368 -32.82140157550573 2.3999999999999986
    endloop
  endfacet
  facet normal 0 0 -1
    outer loop
      vertex 37.118113534152506 -40.04508525311947 0
      vertex 38.84800827652216 -38.52800827652216 0
      vertex 47.2936839312315 -77.72924906074999 0
    endloop
  endfacet
  facet normal 0 0 -1
    outer loop
      vertex 40.36508525311947 -36.798113534152506 0
      vertex 47.861037723720074 -77.88127104997633 0
      vertex 38.84800827652216 -38.52800827652216 0
    endloop
  endfacet
  facet normal 0 0 -1
    outer loop
      vertex 40.36508525311947 -36.798113534152506 0
      vertex 41.64338684976101 -34.884999999701975 0
      vertex 48.369713217020035 -78.17495498865841 0
    endloop
  endfacet
  facet normal 0 0 -1
    outer loop
      vertex 43.400635281205176 -30.642627002596853 0
      vertex 48.78504501283169 -78.59028678447007 0
      vertex 42.66104097813368 -32.82140157550573 0
    endloop
  endfacet
  facet normal 0 0 -1
    outer loop
      vertex 43.8495151117444 -28.385955715477465 0
      vertex 49.07872895151377 -79.09896227777003 0
      vertex 43.400635281205176 -30.642627002596853 0
    endloop
  endfacet
  facet normal 0 0 -1
    outer loop
      vertex 46.548333950160455 -5.3 0
      vertex 49.07872895151377 -79.09896227777003 0
      vertex 43.8495151117444 -28.385955715477465 0
    endloop
  endfacet
  facet normal 0 0 -1
    outer loop
      vertex 41.64338684976101 -34.884999999701975 0
      vertex 42.66104097813368 -32.82140157550573 0
      vertex 48.590990260243416 -78.36900974124669 0
    endloop
  endfacet
  facet normal 0 0 1
    outer loop
      vertex 41.64338684976101 -34.884999999701975 2.3999999999999986
      vertex 47 -77.7100000014901 2.3999999999999986
      vertex 47.2936839312315 -77.72924906074999 2.3999999999999986
    endloop
  endfacet
  facet normal 0 0 1
    outer loop
      vertex 41.64338684976101 -34.884999999701975 2.3999999999999986
      vertex 47.2936839312315 -77.72924906074999 2.3999999999999986
      vertex 47.582342848181725 -77.78666689306496 2.3999999999999986
    endloop
  endfacet
  facet normal 0 0 1
    outer loop
      vertex 41.64338684976101 -34.884999999701975 2.3999999999999986
      vertex 47.582342848181725 -77.78666689306496 2.3999999999999986
      vertex 47.861037723720074 -77.88127104997633 2.3999999999999986
    endloop
  endfacet
  facet normal 0 0 1
    outer loop
      vertex 41.64338684976101 -34.884999999701975 2.3999999999999986
      vertex 47.861037723720074 -77.88127104997633 2.3999999999999986
      vertex 48.125 -78.01144284069537 2.3999999999999986
    endloop
  endfacet
  facet normal 0 0 1
    outer loop
      vertex 41.64338684976101 -34.884999999701975 2.3999999999999986
      vertex 48.125 -78.01144284069537 2.3999999999999986
      vertex 48.369713217020035 -78.17495498865841 2.3999999999999986
    endloop
  endfacet
  facet normal 0 0 1
    outer loop
      vertex 41.64338684976101 -34.884999999701975 2.3999999999999986
      vertex 48.369713217020035 -78.17495498865841 2.3999999999999986
      vertex 48.590990260243416 -78.36900974124669 2.3999999999999986
    endloop
  endfacet
  facet normal 0 0 1
    outer loop
      vertex 42.66104097813368 -32.82140157550573 2.3999999999999986
      vertex 48.590990260243416 -78.36900974124669 2.3999999999999986
      vertex 48.78504501283169 -78.59028678447007 2.3999999999999986
    endloop
  endfacet
  facet normal 0 0 1
    outer loop
      vertex 43.400635281205176 -30.642627002596853 2.3999999999999986
      vertex 48.78504501283169 -78.59028678447007 2.3999999999999986
      vertex 48.948557160794735 -78.8350000014901 2.3999999999999986
    endloop
  endfacet
  facet normal 0 0 1
    outer loop
      vertex 43.400635281205176 -30.642627002596853 2.3999999999999986
      vertex 48.948557160794735 -78.8350000014901 2.3999999999999986
      vertex 49.07872895151377 -79.09896227777003 2.3999999999999986
    endloop
  endfacet
  facet normal 0 0 -1
    outer loop
      vertex 37.118113534152506 -40.04508525311947 0
      vertex 47.2936839312315 -77.72924906074999 0
      vertex 47 -77.7100000014901 0
    endloop
  endfacet
  facet normal 0 0 -1
    outer loop
      vertex 38.84800827652216 -38.52800827652216 0
      vertex 47.582342848181725 -77.78666689306496 0
      vertex 47.2936839312315 -77.72924906074999 0
    endloop
  endfacet
  facet normal 0 0 -1
    outer loop
      vertex 38.84800827652216 -38.52800827652216 0
      vertex 47.861037723720074 -77.88127104997633 0
      vertex 47.582342848181725 -77.78666689306496 0
    endloop
  endfacet
  facet normal 0 0 -1
    outer loop
      vertex 40.36508525311947 -36.798113534152506 0
      vertex 48.125 -78.01144284069537 0
      vertex 47.861037723720074 -77.88127104997633 0
    endloop
  endfacet
  facet normal 0 0 -1
    outer loop
      vertex 40.36508525311947 -36.798113534152506 0
      vertex 48.369713217020035 -78.17495498865841 0
      vertex 48.125 -78.01144284069537 0
    endloop
  endfacet
  facet normal 0 0 -1
    outer loop
      vertex 41.64338684976101 -34.884999999701975 0
      vertex 48.590990260243416 -78.36900974124669 0
      vertex 48.369713217020035 -78.17495498865841 0
    endloop
  endfacet
  facet normal 0 0 -1
    outer loop
      vertex 42.66104097813368 -32.82140157550573 0
      vertex 48.78504501283169 -78.59028678447007 0
      vertex 48.590990260243416 -78.36900974124669 0
    endloop
  endfacet
  facet normal 0 0 -1
    outer loop
      vertex 43.400635281205176 -30.642627002596853 0
      vertex 48.948557160794735 -78.8350000014901 0
      vertex 48.78504501283169 -78.59028678447007 0
    endloop
  endfacet
  facet normal 0 0 -1
    outer loop
      vertex 43.400635281205176 -30.642627002596853 0
      vertex 49.07872895151377 -79.09896227777003 0
      vertex 48.948557160794735 -78.8350000014901 0
    endloop
  endfacet
  facet normal 0 0 1
    outer loop
      vertex 43.400635281205176 -30.642627002596853 2.3999999999999986
      vertex 49.07872895151377 -79.09896227777003 2.3999999999999986
      vertex 51.350000001490116 -8.25 2.3999999999999986
    endloop
  endfacet
  facet normal 0 0 1
    outer loop
      vertex 51.350000001490116 -8.25 2.3999999999999986
      vertex 49.07872895151377 -79.09896227777003 2.3999999999999986
      vertex 49.17333310842514 -79.37765715330838 2.3999999999999986
    endloop
  endfacet
  facet normal 0 0 1
    outer loop
      vertex 51.350000001490116 -8.25 2.3999999999999986
      vertex 49.17333310842514 -79.37765715330838 2.3999999999999986
      vertex 49.23075094074011 -79.6663160702586 2.3999999999999986
    endloop
  endfacet
  facet normal 0 0 1
    outer loop
      vertex 51.350000001490116 -8.25 2.3999999999999986
      vertex 49.23075094074011 -79.6663160702586 2.3999999999999986
      vertex 49.25 -79.9600000014901 2.3999999999999986
    endloop
  endfacet
  facet normal 0 0 1
    outer loop
      vertex 54.79999999850988 -1 2.3999999999999986
      vertex 52.54999999701977 -8.25 2.3999999999999986
      vertex 52.54999999701977 -145.75 2.3999999999999986
    endloop
  endfacet
  facet normal 0 0 -1
    outer loop
      vertex 47.80502307585076 -6.402086784529345 0
      vertex 49.17333310842514 -79.37765715330838 0
      vertex 49.07872895151377 -79.09896227777003 0
    endloop
  endfacet
  facet normal 0 0 -1
    outer loop
      vertex 47.80502307585076 -6.402086784529345 0
      vertex 49.23075094074011 -79.6663160702586 0
      vertex 49.17333310842514 -79.37765715330838 0
    endloop
  endfacet
  facet normal 0 0 -1
    outer loop
      vertex 49.139368099772135 -6.577756639571907 0
      vertex 49.25 -79.9600000014901 0
      vertex 49.23075094074011 -79.6663160702586 0
    endloop
  endfacet
  facet normal 1 0 0
    outer loop
      vertex 54.79999999850988 -1 2.3999999999999986
      vertex 54.79999999850988 -153 2.3999999999999986
      vertex 54.79999999850988 -1 0
    endloop
  endfacet
  facet normal 0 0 1
    outer loop
      vertex 51.350000001490116 -8.25 2.3999999999999986
      vertex 49.25 -79.9600000014901 2.3999999999999986
      vertex 49.25 -135.25999999850987 2.3999999999999986
    endloop
  endfacet
  facet normal 0 0 1
    outer loop
      vertex 8.25 -152.54999999701977 2.3999999999999986
      vertex 44.54999999701977 -152.54999999701977 2.3999999999999986
      vertex 47.544263164512564 -149.275 2.3999999999999986
    endloop
  endfacet
  facet normal 0 0 -1
    outer loop
      vertex 5.3 -147.74833395016046 0
      vertex 47 -137.50999999850987 0
      vertex 47.5 -147.74833395016046 0
    endloop
  endfacet
  facet normal 0 0 -1
    outer loop
      vertex -1.9999999985098853 -153 0
      vertex 48.127070482733444 -152.51140714835157 0
      vertex 48.46063190022786 -152.5777566395719 0
    endloop
  endfacet
  facet normal 0 0 -1
    outer loop
      vertex 6.062718684757211 -148.41722028457733 0
      vertex 46.73728131524278 -148.41722028457733 0
      vertex 46.548333950160455 -148.7 0
    endloop
  endfacet
  facet normal 0 0 -1
    outer loop
      vertex 5.8384776310850235 -148.16152236891497 0
      vertex 46.96152236891497 -148.16152236891497 0
      vertex 46.73728131524278 -148.41722028457733 0
    endloop
  endfacet
  facet normal 0 0 -1
    outer loop
      vertex 5.5827797154226735 -147.93728131524279 0
      vertex 47.21722028457732 -147.93728131524279 0
      vertex 46.96152236891497 -148.16152236891497 0
    endloop
  endfacet
  facet normal 0 0 -1
    outer loop
      vertex 5.3 -147.74833395016046 0
      vertex 47.5 -147.74833395016046 0
      vertex 47.21722028457732 -147.93728131524279 0
    endloop
  endfacet
  facet normal 0 0 -1
    outer loop
      vertex 6.402086784529345 -149.00502307585077 0
      vertex 46.39791321547065 -149.00502307585077 0
      vertex 46.28859285164842 -149.32707048273343 0
    endloop
  endfacet
  facet normal 0 0 -1
    outer loop
      vertex 6.511407148351578 -149.32707048273343 0
      vertex 46.28859285164842 -149.32707048273343 0
      vertex 46.22224336042809 -149.66063190022786 0
    endloop
  endfacet
  facet normal 0 0 -1
    outer loop
      vertex 6.577756639571907 -149.66063190022786 0
      vertex 46.22224336042809 -149.66063190022786 0
      vertex 46.199999999999996 -150 0
    endloop
  endfacet
  facet normal 0 0 -1
    outer loop
      vertex 6.6 -150 0
      vertex 46.199999999999996 -150 0
      vertex 46.22224336042809 -150.33936809977214 0
    endloop
  endfacet
  facet normal 0 0 -1
    outer loop
      vertex 6.577756639571907 -150.33936809977214 0
      vertex 46.22224336042809 -150.33936809977214 0
      vertex 46.28859285164842 -150.67292951726657 0
    endloop
  endfacet
  facet normal 0 0 -1
    outer loop
      vertex 6.251666049839541 -148.7 0
      vertex 46.548333950160455 -148.7 0
      vertex 46.39791321547065 -149.00502307585077 0
    endloop
  endfacet
  facet normal 0 0 -1
    outer loop
      vertex 6.511407148351578 -150.67292951726657 0
      vertex 46.28859285164842 -150.67292951726657 0
      vertex 46.39791321547065 -150.99497692414923 0
    endloop
  endfacet
  facet normal 0 0 -1
    outer loop
      vertex -1.9999999985098853 -153 0
      vertex 48.46063190022786 -152.5777566395719 0
      vertex 48.8 -152.6 0
    endloop
  endfacet
  facet normal 0 0 -1
    outer loop
      vertex 6.402086784529345 -150.99497692414923 0
      vertex 46.39791321547065 -150.99497692414923 0
      vertex 46.548333950160455 -151.3 0
    endloop
  endfacet
  facet normal 0 0 -1
    outer loop
      vertex 6.251666049839541 -151.3 0
      vertex 46.548333950160455 -151.3 0
      vertex 46.73728131524278 -151.58277971542267 0
    endloop
  endfacet
  facet normal 0 0 -1
    outer loop
      vertex 6.062718684757211 -151.58277971542267 0
      vertex 46.73728131524278 -151.58277971542267 0
      vertex 46.96152236891497 -151.83847763108503 0
    endloop
  endfacet
  facet normal 0 0 -1
    outer loop
      vertex 5.8384776310850235 -151.83847763108503 0
      vertex 46.96152236891497 -151.83847763108503 0
      vertex 47.21722028457732 -152.06271868475721 0
    endloop
  endfacet
  facet normal 0 0 -1
    outer loop
      vertex 5.5827797154226735 -152.06271868475721 0
      vertex 47.21722028457732 -152.06271868475721 0
      vertex 47.5 -152.25166604983954 0
    endloop
  endfacet
  facet normal 0 0 1
    outer loop
      vertex 6 -137.50999999850987 2.3999999999999986
      vertex 51.350000001490116 -145.75 2.3999999999999986
      vertex 47 -137.50999999850987 2.3999999999999986
    endloop
  endfacet
  facet normal 0 0 1
    outer loop
      vertex 8.25 -152.54999999701977 2.3999999999999986
      vertex 47.544263164512564 -149.275 2.3999999999999986
      vertex 47.64963765657771 -149.11729592793736 2.3999999999999986
    endloop
  endfacet
  facet normal 0 0 1
    outer loop
      vertex 8.25 -152.54999999701977 2.3999999999999986
      vertex 47.64963765657771 -149.11729592793736 2.3999999999999986
      vertex 47.7746951672795 -148.9746951672795 2.3999999999999986
    endloop
  endfacet
  facet normal 0 0 1
    outer loop
      vertex 8.25 -152.54999999701977 2.3999999999999986
      vertex 47.7746951672795 -148.9746951672795 2.3999999999999986
      vertex 47.91729592793735 -148.8496376565777 2.3999999999999986
    endloop
  endfacet
  facet normal 0 0 1
    outer loop
      vertex 8.25 -152.54999999701977 2.3999999999999986
      vertex 47.91729592793735 -148.8496376565777 2.3999999999999986
      vertex 48.074999999999996 -148.74426316451257 2.3999999999999986
    endloop
  endfacet
  facet normal 0 0 1
    outer loop
      vertex 8.25 -152.54999999701977 2.3999999999999986
      vertex 48.074999999999996 -148.74426316451257 2.3999999999999986
      vertex 48.24510902307062 -148.66037467785864 2.3999999999999986
    endloop
  endfacet
  facet normal 0 0 1
    outer loop
      vertex 8.25 -152.54999999701977 2.3999999999999986
      vertex 48.24510902307062 -148.66037467785864 2.3999999999999986
      vertex 48.42471238460134 -148.59940755188086 2.3999999999999986
    endloop
  endfacet
  facet normal 0 0 1
    outer loop
      vertex 8.25 -152.54999999701977 2.3999999999999986
      vertex 48.42471238460134 -148.59940755188086 2.3999999999999986
      vertex 48.610737021280926 -148.56240495100798 2.3999999999999986
    endloop
  endfacet
  facet normal 0 0 1
    outer loop
      vertex -0.14805029928684377 -155.77163859456778 2.3999999999999986
      vertex 51.79999999850988 -156 2.3999999999999986
      vertex 52.19157857596874 -155.97433458268642 2.3999999999999986
    endloop
  endfacet
  facet normal 0 0 1
    outer loop
      vertex -0.4999999985098853 -155.59807620942593 2.3999999999999986
      vertex 52.19157857596874 -155.97433458268642 2.3999999999999986
      vertex 52.57645713686943 -155.89777747541666 2.3999999999999986
    endloop
  endfacet
  facet normal 0 0 1
    outer loop
      vertex -0.8262842878699317 -155.3800600245595 2.3999999999999986
      vertex 52.57645713686943 -155.89777747541666 2.3999999999999986
      vertex 52.94805029928684 -155.77163859456778 2.3999999999999986
    endloop
  endfacet
  facet normal 0 0 1
    outer loop
      vertex -1.1213203430175795 -155.1213203445077 2.3999999999999986
      vertex 52.94805029928684 -155.77163859456778 2.3999999999999986
      vertex 53.29999999850988 -155.59807620942593 2.3999999999999986
    endloop
  endfacet
  facet normal 0 0 1
    outer loop
      vertex -1.3800600230693831 -154.82628428936005 2.3999999999999986
      vertex 53.29999999850988 -155.59807620942593 2.3999999999999986
      vertex 53.62628428786993 -155.3800600245595 2.3999999999999986
    endloop
  endfacet
  facet normal 0 0 1
    outer loop
      vertex 8.25 -152.54999999701977 2.3999999999999986
      vertex 48.610737021280926 -148.56240495100798 2.3999999999999986
      vertex 51.350000001490116 -145.75 2.3999999999999986
    endloop
  endfacet
  facet normal 0 0 1
    outer loop
      vertex -1.771638593077661 -154.14805030077696 2.3999999999999986
      vertex 53.92132034301758 -155.1213203445077 2.3999999999999986
      vertex 54.18006002306938 -154.82628428936005 2.3999999999999986
    endloop
  endfacet
  facet normal 0 0 1
    outer loop
      vertex -1.8977774739265456 -153.77645713835955 2.3999999999999986
      vertex 54.18006002306938 -154.82628428936005 2.3999999999999986
      vertex 54.39807620793581 -154.5 2.3999999999999986
    endloop
  endfacet
  facet normal 0 0 1
    outer loop
      vertex -1.5980762079358115 -154.5 2.3999999999999986
      vertex 53.62628428786993 -155.3800600245595 2.3999999999999986
      vertex 53.92132034301758 -155.1213203445077 2.3999999999999986
    endloop
  endfacet
  facet normal 0 0 1
    outer loop
      vertex 8.25 -153.75 2.3999999999999986
      vertex 54.57163859307766 -154.14805030077696 2.3999999999999986
      vertex 44.54999999701977 -153.75 2.3999999999999986
    endloop
  endfacet
  facet normal 0 0 1
    outer loop
      vertex 8.25 -153.75 2.3999999999999986
      vertex 54.39807620793581 -154.5 2.3999999999999986
      vertex 54.57163859307766 -154.14805030077696 2.3999999999999986
    endloop
  endfacet
  facet normal 0 -1 0
    outer loop
      vertex 1.0000000014901147 -156 2.3999999999999986
      vertex 51.79999999850988 -156 0
      vertex 51.79999999850988 -156 2.3999999999999986
    endloop
  endfacet
  facet normal 0 0 -1
    outer loop
      vertex 5.3 -152.25166604983954 0
      vertex 47.5 -152.25166604983954 0
      vertex 47.80502307585076 -152.40208678452936 0
    endloop
  endfacet
  facet normal 0 0 -1
    outer loop
      vertex 4.994976924149233 -152.40208678452936 0
      vertex 47.80502307585076 -152.40208678452936 0
      vertex 48.127070482733444 -152.51140714835157 0
    endloop
  endfacet
  facet normal 0 0 -1
    outer loop
      vertex -1.9999999985098853 -153 0
      vertex 48.8 -152.6 0
      vertex 54.69777747392654 -153.77645713835955 0
    endloop
  endfacet
  facet normal 0 0 -1
    outer loop
      vertex -0.14805029928684377 -155.77163859456778 0
      vertex 52.19157857596874 -155.97433458268642 0
      vertex 51.79999999850988 -156 0
    endloop
  endfacet
  facet normal 0 0 -1
    outer loop
      vertex -0.4999999985098853 -155.59807620942593 0
      vertex 52.57645713686943 -155.89777747541666 0
      vertex 52.19157857596874 -155.97433458268642 0
    endloop
  endfacet
  facet normal 0 0 -1
    outer loop
      vertex -0.8262842878699317 -155.3800600245595 0
      vertex 52.94805029928684 -155.77163859456778 0
      vertex 52.57645713686943 -155.89777747541666 0
    endloop
  endfacet
  facet normal 0 0 -1
    outer loop
      vertex -1.1213203430175795 -155.1213203445077 0
      vertex 53.29999999850988 -155.59807620942593 0
      vertex 52.94805029928684 -155.77163859456778 0
    endloop
  endfacet
  facet normal 0 0 -1
    outer loop
      vertex -1.3800600230693831 -154.82628428936005 0
      vertex 53.62628428786993 -155.3800600245595 0
      vertex 53.29999999850988 -155.59807620942593 0
    endloop
  endfacet
  facet normal 0 0 -1
    outer loop
      vertex -1.771638593077661 -154.14805030077696 0
      vertex 54.18006002306938 -154.82628428936005 0
      vertex 53.92132034301758 -155.1213203445077 0
    endloop
  endfacet
  facet normal 0 0 -1
    outer loop
      vertex -1.9743345811963096 -153.39157857745886 0
      vertex 54.57163859307766 -154.14805030077696 0
      vertex 54.39807620793581 -154.5 0
    endloop
  endfacet
  facet normal 0 0 -1
    outer loop
      vertex -1.8977774739265456 -153.77645713835955 0
      vertex 54.39807620793581 -154.5 0
      vertex 54.18006002306938 -154.82628428936005 0
    endloop
  endfacet
  facet normal 0 0 -1
    outer loop
      vertex -1.5980762079358115 -154.5 0
      vertex 53.92132034301758 -155.1213203445077 0
      vertex 53.62628428786993 -155.3800600245595 0
    endloop
  endfacet
  facet normal 0 0 -1
    outer loop
      vertex -1.9999999985098853 -153 0
      vertex 54.69777747392654 -153.77645713835955 0
      vertex 54.57163859307766 -154.14805030077696 0
    endloop
  endfacet
  facet normal 0 0 1
    outer loop
      vertex 51.350000001490116 -8.25 2.3999999999999986
      vertex 49.25 -135.25999999850987 2.3999999999999986
      vertex 51.350000001490116 -145.75 2.3999999999999986
    endloop
  endfacet
  facet normal 0 0 -1
    outer loop
      vertex 54.79999999850988 -1 0
      vertex 54.79999999850988 -153 0
      vertex 49.25 -79.9600000014901 0
    endloop
  endfacet
  facet normal 0 0 1
    outer loop
      vertex 54.79999999850988 -1 2.3999999999999986
      vertex 52.54999999701977 -145.75 2.3999999999999986
      vertex 54.79999999850988 -153 2.3999999999999986
    endloop
  endfacet
  facet normal 1 0 0
    outer loop
      vertex 54.79999999850988 -1 0
      vertex 54.79999999850988 -153 2.3999999999999986
      vertex 54.79999999850988 -153 0
    endloop
  endfacet
  facet normal 0 0 1
    outer loop
      vertex 44.54999999701977 -152.54999999701977 2.3999999999999986
      vertex 44.54999999701977 -153.75 2.3999999999999986
      vertex 47.39940755188085 -150.37528761539866 2.3999999999999986
    endloop
  endfacet
  facet normal 0 0 1
    outer loop
      vertex 44.54999999701977 -152.54999999701977 2.3999999999999986
      vertex 47.46037467785863 -149.44510902307061 2.3999999999999986
      vertex 47.544263164512564 -149.275 2.3999999999999986
    endloop
  endfacet
  facet normal 0 0 1
    outer loop
      vertex 44.54999999701977 -152.54999999701977 2.3999999999999986
      vertex 47.39940755188085 -149.62471238460134 2.3999999999999986
      vertex 47.46037467785863 -149.44510902307061 2.3999999999999986
    endloop
  endfacet
  facet normal 0 0 1
    outer loop
      vertex 44.54999999701977 -152.54999999701977 2.3999999999999986
      vertex 47.362404951007974 -149.81073702128091 2.3999999999999986
      vertex 47.39940755188085 -149.62471238460134 2.3999999999999986
    endloop
  endfacet
  facet normal 0 0 1
    outer loop
      vertex 44.54999999701977 -152.54999999701977 2.3999999999999986
      vertex 47.349999999999994 -150 2.3999999999999986
      vertex 47.362404951007974 -149.81073702128091 2.3999999999999986
    endloop
  endfacet
  facet normal 0 0 1
    outer loop
      vertex 44.54999999701977 -152.54999999701977 2.3999999999999986
      vertex 47.362404951007974 -150.18926297871909 2.3999999999999986
      vertex 47.349999999999994 -150 2.3999999999999986
    endloop
  endfacet
  facet normal 0 0 1
    outer loop
      vertex 44.54999999701977 -152.54999999701977 2.3999999999999986
      vertex 47.39940755188085 -150.37528761539866 2.3999999999999986
      vertex 47.362404951007974 -150.18926297871909 2.3999999999999986
    endloop
  endfacet
  facet normal 0 0 1
    outer loop
      vertex 44.54999999701977 -153.75 2.3999999999999986
      vertex 47.46037467785863 -150.55489097692939 2.3999999999999986
      vertex 47.39940755188085 -150.37528761539866 2.3999999999999986
    endloop
  endfacet
  facet normal 0 0 1
    outer loop
      vertex 44.54999999701977 -153.75 2.3999999999999986
      vertex 47.544263164512564 -150.725 2.3999999999999986
      vertex 47.46037467785863 -150.55489097692939 2.3999999999999986
    endloop
  endfacet
  facet normal 0 0 1
    outer loop
      vertex 44.54999999701977 -153.75 2.3999999999999986
      vertex 47.64963765657771 -150.88270407206264 2.3999999999999986
      vertex 47.544263164512564 -150.725 2.3999999999999986
    endloop
  endfacet
  facet normal 0 0 1
    outer loop
      vertex 44.54999999701977 -153.75 2.3999999999999986
      vertex 47.7746951672795 -151.0253048327205 2.3999999999999986
      vertex 47.64963765657771 -150.88270407206264 2.3999999999999986
    endloop
  endfacet
  facet normal 0 0 1
    outer loop
      vertex 44.54999999701977 -153.75 2.3999999999999986
      vertex 47.91729592793735 -151.1503623434223 2.3999999999999986
      vertex 47.7746951672795 -151.0253048327205 2.3999999999999986
    endloop
  endfacet
  facet normal 0 0 1
    outer loop
      vertex 44.54999999701977 -153.75 2.3999999999999986
      vertex 48.074999999999996 -151.25573683548743 2.3999999999999986
      vertex 47.91729592793735 -151.1503623434223 2.3999999999999986
    endloop
  endfacet
  facet normal 0 0 1
    outer loop
      vertex 44.54999999701977 -153.75 2.3999999999999986
      vertex 48.24510902307062 -151.33962532214136 2.3999999999999986
      vertex 48.074999999999996 -151.25573683548743 2.3999999999999986
    endloop
  endfacet
  facet normal 0 0 -1
    outer loop
      vertex 47 -137.50999999850987 0
      vertex 47.2936839312315 -137.49075093924998 0
      vertex 48.127070482733444 -147.48859285164843 0
    endloop
  endfacet
  facet normal 0 0 -1
    outer loop
      vertex 47 -137.50999999850987 0
      vertex 47.80502307585076 -147.59791321547064 0
      vertex 47.5 -147.74833395016046 0
    endloop
  endfacet
  facet normal 0 0 -1
    outer loop
      vertex 47 -137.50999999850987 0
      vertex 48.127070482733444 -147.48859285164843 0
      vertex 47.80502307585076 -147.59791321547064 0
    endloop
  endfacet
  facet normal 0 0 -1
    outer loop
      vertex 49.25 -79.9600000014901 0
      vertex 54.79999999850988 -153 0
      vertex 49.25 -135.25999999850987 0
    endloop
  endfacet
  facet normal 0 0 1
    outer loop
      vertex 47 -137.50999999850987 2.3999999999999986
      vertex 51.350000001490116 -145.75 2.3999999999999986
      vertex 47.2936839312315 -137.49075093924998 2.3999999999999986
    endloop
  endfacet
  facet normal 0 0 1
    outer loop
      vertex 47.582342848181725 -137.433333106935 2.3999999999999986
      vertex 47.2936839312315 -137.49075093924998 2.3999999999999986
      vertex 51.350000001490116 -145.75 2.3999999999999986
    endloop
  endfacet
  facet normal 0 0 1
    outer loop
      vertex 47.582342848181725 -137.433333106935 2.3999999999999986
      vertex 51.350000001490116 -145.75 2.3999999999999986
      vertex 47.861037723720074 -137.33872895002364 2.3999999999999986
    endloop
  endfacet
  facet normal 0 0 1
    outer loop
      vertex 48.369713217020035 -137.04504501134156 2.3999999999999986
      vertex 51.350000001490116 -145.75 2.3999999999999986
      vertex 48.590990260243416 -136.85099025875328 2.3999999999999986
    endloop
  endfacet
  facet normal 0 0 1
    outer loop
      vertex 47.861037723720074 -137.33872895002364 2.3999999999999986
      vertex 51.350000001490116 -145.75 2.3999999999999986
      vertex 48.125 -137.2085571593046 2.3999999999999986
    endloop
  endfacet
  facet normal 0 0 1
    outer loop
      vertex 48.125 -137.2085571593046 2.3999999999999986
      vertex 51.350000001490116 -145.75 2.3999999999999986
      vertex 48.369713217020035 -137.04504501134156 2.3999999999999986
    endloop
  endfacet
  facet normal 0 0 1
    outer loop
      vertex 48.590990260243416 -136.85099025875328 2.3999999999999986
      vertex 51.350000001490116 -145.75 2.3999999999999986
      vertex 48.78504501283169 -136.6297132155299 2.3999999999999986
    endloop
  endfacet
  facet normal 0 0 1
    outer loop
      vertex 48.78504501283169 -136.6297132155299 2.3999999999999986
      vertex 51.350000001490116 -145.75 2.3999999999999986
      vertex 48.948557160794735 -136.38499999850987 2.3999999999999986
    endloop
  endfacet
  facet normal 0 0 1
    outer loop
      vertex 49.23075094074011 -135.55368392974137 2.3999999999999986
      vertex 49.17333310842514 -135.8423428466916 2.3999999999999986
      vertex 51.350000001490116 -145.75 2.3999999999999986
    endloop
  endfacet
  facet normal 0 0 1
    outer loop
      vertex 49.07872895151377 -136.12103772222994 2.3999999999999986
      vertex 51.350000001490116 -145.75 2.3999999999999986
      vertex 49.17333310842514 -135.8423428466916 2.3999999999999986
    endloop
  endfacet
  facet normal 0 0 1
    outer loop
      vertex 49.07872895151377 -136.12103772222994 2.3999999999999986
      vertex 48.948557160794735 -136.38499999850987 2.3999999999999986
      vertex 51.350000001490116 -145.75 2.3999999999999986
    endloop
  endfacet
  facet normal 0 0 1
    outer loop
      vertex 49.25 -135.25999999850987 2.3999999999999986
      vertex 49.23075094074011 -135.55368392974137 2.3999999999999986
      vertex 51.350000001490116 -145.75 2.3999999999999986
    endloop
  endfacet
  facet normal 0 0 1
    outer loop
      vertex 44.54999999701977 -153.75 2.3999999999999986
      vertex 54.69777747392654 -153.77645713835955 2.3999999999999986
      vertex 48.24510902307062 -151.33962532214136 2.3999999999999986
    endloop
  endfacet
  facet normal 0 0 1
    outer loop
      vertex 48.610737021280926 -148.56240495100798 2.3999999999999986
      vertex 48.8 -148.55 2.3999999999999986
      vertex 51.350000001490116 -145.75 2.3999999999999986
    endloop
  endfacet
  facet normal 0 0 1
    outer loop
      vertex 48.8 -148.55 2.3999999999999986
      vertex 48.98926297871907 -148.56240495100798 2.3999999999999986
      vertex 51.350000001490116 -145.75 2.3999999999999986
    endloop
  endfacet
  facet normal 0 0 1
    outer loop
      vertex 48.98926297871907 -148.56240495100798 2.3999999999999986
      vertex 49.17528761539865 -148.59940755188086 2.3999999999999986
      vertex 51.350000001490116 -145.75 2.3999999999999986
    endloop
  endfacet
  facet normal 0 0 1
    outer loop
      vertex 49.17528761539865 -148.59940755188086 2.3999999999999986
      vertex 49.354890976929376 -148.66037467785864 2.3999999999999986
      vertex 51.350000001490116 -145.75 2.3999999999999986
    endloop
  endfacet
  facet normal 0 0 1
    outer loop
      vertex 49.354890976929376 -148.66037467785864 2.3999999999999986
      vertex 49.525 -148.74426316451257 2.3999999999999986
      vertex 51.350000001490116 -145.75 2.3999999999999986
    endloop
  endfacet
  facet normal 0 0 1
    outer loop
      vertex 49.525 -148.74426316451257 2.3999999999999986
      vertex 49.68270407206264 -148.8496376565777 2.3999999999999986
      vertex 51.350000001490116 -145.75 2.3999999999999986
    endloop
  endfacet
  facet normal 0 0 1
    outer loop
      vertex 49.68270407206264 -148.8496376565777 2.3999999999999986
      vertex 49.82530483272049 -148.9746951672795 2.3999999999999986
      vertex 51.350000001490116 -145.75 2.3999999999999986
    endloop
  endfacet
  facet normal 0 0 1
    outer loop
      vertex 49.82530483272049 -148.9746951672795 2.3999999999999986
      vertex 49.950362343422285 -149.11729592793736 2.3999999999999986
      vertex 51.350000001490116 -145.75 2.3999999999999986
    endloop
  endfacet
  facet normal 0 0 1
    outer loop
      vertex 48.24510902307062 -151.33962532214136 2.3999999999999986
      vertex 54.69777747392654 -153.77645713835955 2.3999999999999986
      vertex 48.42471238460134 -151.40059244811914 2.3999999999999986
    endloop
  endfacet
  facet normal 0 0 1
    outer loop
      vertex 48.42471238460134 -151.40059244811914 2.3999999999999986
      vertex 54.69777747392654 -153.77645713835955 2.3999999999999986
      vertex 48.610737021280926 -151.43759504899202 2.3999999999999986
    endloop
  endfacet
  facet normal 0 0 1
    outer loop
      vertex 48.610737021280926 -151.43759504899202 2.3999999999999986
      vertex 54.69777747392654 -153.77645713835955 2.3999999999999986
      vertex 48.8 -151.45 2.3999999999999986
    endloop
  endfacet
  facet normal 0 0 1
    outer loop
      vertex 48.8 -151.45 2.3999999999999986
      vertex 54.69777747392654 -153.77645713835955 2.3999999999999986
      vertex 48.98926297871907 -151.43759504899202 2.3999999999999986
    endloop
  endfacet
  facet normal 0 0 1
    outer loop
      vertex 48.98926297871907 -151.43759504899202 2.3999999999999986
      vertex 54.69777747392654 -153.77645713835955 2.3999999999999986
      vertex 49.17528761539865 -151.40059244811914 2.3999999999999986
    endloop
  endfacet
  facet normal 0 0 1
    outer loop
      vertex 49.17528761539865 -151.40059244811914 2.3999999999999986
      vertex 54.69777747392654 -153.77645713835955 2.3999999999999986
      vertex 49.354890976929376 -151.33962532214136 2.3999999999999986
    endloop
  endfacet
  facet normal 0 0 1
    outer loop
      vertex 49.354890976929376 -151.33962532214136 2.3999999999999986
      vertex 54.69777747392654 -153.77645713835955 2.3999999999999986
      vertex 49.525 -151.25573683548743 2.3999999999999986
    endloop
  endfacet
  facet normal 0 0 1
    outer loop
      vertex 49.950362343422285 -149.11729592793736 2.3999999999999986
      vertex 50.05573683548743 -149.275 2.3999999999999986
      vertex 54.69777747392654 -153.77645713835955 2.3999999999999986
    endloop
  endfacet
  facet normal 0 0 1
    outer loop
      vertex 50.05573683548743 -149.275 2.3999999999999986
      vertex 50.13962532214136 -149.44510902307061 2.3999999999999986
      vertex 54.69777747392654 -153.77645713835955 2.3999999999999986
    endloop
  endfacet
  facet normal 0 0 1
    outer loop
      vertex 50.13962532214136 -149.44510902307061 2.3999999999999986
      vertex 50.200592448119146 -149.62471238460134 2.3999999999999986
      vertex 54.69777747392654 -153.77645713835955 2.3999999999999986
    endloop
  endfacet
  facet normal 0 0 1
    outer loop
      vertex 49.950362343422285 -149.11729592793736 2.3999999999999986
      vertex 54.69777747392654 -153.77645713835955 2.3999999999999986
      vertex 51.350000001490116 -145.75 2.3999999999999986
    endloop
  endfacet
  facet normal 0 0 1
    outer loop
      vertex 51.350000001490116 -145.75 2.3999999999999986
      vertex 54.79999999850988 -153 2.3999999999999986
      vertex 52.54999999701977 -145.75 2.3999999999999986
    endloop
  endfacet
  facet normal 0 0 1
    outer loop
      vertex 49.525 -151.25573683548743 2.3999999999999986
      vertex 54.69777747392654 -153.77645713835955 2.3999999999999986
      vertex 49.68270407206264 -151.1503623434223 2.3999999999999986
    endloop
  endfacet
  facet normal 0 0 1
    outer loop
      vertex 49.82530483272049 -151.0253048327205 2.3999999999999986
      vertex 49.68270407206264 -151.1503623434223 2.3999999999999986
      vertex 54.69777747392654 -153.77645713835955 2.3999999999999986
    endloop
  endfacet
  facet normal 0 0 1
    outer loop
      vertex 50.13962532214136 -150.55489097692939 2.3999999999999986
      vertex 54.69777747392654 -153.77645713835955 2.3999999999999986
      vertex 50.200592448119146 -150.37528761539866 2.3999999999999986
    endloop
  endfacet
  facet normal 0 0 1
    outer loop
      vertex 49.82530483272049 -151.0253048327205 2.3999999999999986
      vertex 54.69777747392654 -153.77645713835955 2.3999999999999986
      vertex 49.950362343422285 -150.88270407206264 2.3999999999999986
    endloop
  endfacet
  facet normal 0 0 1
    outer loop
      vertex 49.950362343422285 -150.88270407206264 2.3999999999999986
      vertex 54.69777747392654 -153.77645713835955 2.3999999999999986
      vertex 50.05573683548743 -150.725 2.3999999999999986
    endloop
  endfacet
  facet normal 0 0 1
    outer loop
      vertex 50.05573683548743 -150.725 2.3999999999999986
      vertex 54.69777747392654 -153.77645713835955 2.3999999999999986
      vertex 50.13962532214136 -150.55489097692939 2.3999999999999986
    endloop
  endfacet
  facet normal 0 0 1
    outer loop
      vertex 50.200592448119146 -149.62471238460134 2.3999999999999986
      vertex 50.23759504899202 -149.81073702128091 2.3999999999999986
      vertex 54.69777747392654 -153.77645713835955 2.3999999999999986
    endloop
  endfacet
  facet normal 0 0 1
    outer loop
      vertex 50.23759504899202 -149.81073702128091 2.3999999999999986
      vertex 50.25 -150 2.3999999999999986
      vertex 54.69777747392654 -153.77645713835955 2.3999999999999986
    endloop
  endfacet
  facet normal 0 0 1
    outer loop
      vertex 50.25 -150 2.3999999999999986
      vertex 50.23759504899202 -150.18926297871909 2.3999999999999986
      vertex 54.69777747392654 -153.77645713835955 2.3999999999999986
    endloop
  endfacet
  facet normal 0 0 1
    outer loop
      vertex 50.23759504899202 -150.18926297871909 2.3999999999999986
      vertex 50.200592448119146 -150.37528761539866 2.3999999999999986
      vertex 54.69777747392654 -153.77645713835955 2.3999999999999986
    endloop
  endfacet
  facet normal 0 0 1
    outer loop
      vertex 44.54999999701977 -153.75 2.3999999999999986
      vertex 54.57163859307766 -154.14805030077696 2.3999999999999986
      vertex 54.69777747392654 -153.77645713835955 2.3999999999999986
    endloop
  endfacet
  facet normal 0 0 1
    outer loop
      vertex 51.350000001490116 -145.75 2.3999999999999986
      vertex 54.77433458119631 -153.39157857745886 2.3999999999999986
      vertex 54.79999999850988 -153 2.3999999999999986
    endloop
  endfacet
  facet normal 0 0 1
    outer loop
      vertex 51.350000001490116 -145.75 2.3999999999999986
      vertex 54.69777747392654 -153.77645713835955 2.3999999999999986
      vertex 54.77433458119631 -153.39157857745886 2.3999999999999986
    endloop
  endfacet
  facet normal 0 0 -1
    outer loop
      vertex 47.582342848181725 -137.433333106935 0
      vertex 48.46063190022786 -147.4222433604281 0
      vertex 47.2936839312315 -137.49075093924998 0
    endloop
  endfacet
  facet normal 0 0 -1
    outer loop
      vertex 47.582342848181725 -137.433333106935 0
      vertex 47.861037723720074 -137.33872895002364 0
      vertex 48.8 -147.4 0
    endloop
  endfacet
  facet normal 0 0 -1
    outer loop
      vertex 47.861037723720074 -137.33872895002364 0
      vertex 48.125 -137.2085571593046 0
      vertex 49.139368099772135 -147.4222433604281 0
    endloop
  endfacet
  facet normal 0 0 -1
    outer loop
      vertex 48.125 -137.2085571593046 0
      vertex 48.369713217020035 -137.04504501134156 0
      vertex 49.47292951726655 -147.48859285164843 0
    endloop
  endfacet
  facet normal 0 0 -1
    outer loop
      vertex 48.369713217020035 -137.04504501134156 0
      vertex 48.590990260243416 -136.85099025875328 0
      vertex 49.79497692414923 -147.59791321547064 0
    endloop
  endfacet
  facet normal 0 0 -1
    outer loop
      vertex 47.2936839312315 -137.49075093924998 0
      vertex 48.46063190022786 -147.4222433604281 0
      vertex 48.127070482733444 -147.48859285164843 0
    endloop
  endfacet
  facet normal 0 0 -1
    outer loop
      vertex 47.582342848181725 -137.433333106935 0
      vertex 48.8 -147.4 0
      vertex 48.46063190022786 -147.4222433604281 0
    endloop
  endfacet
  facet normal 0 0 -1
    outer loop
      vertex 47.861037723720074 -137.33872895002364 0
      vertex 49.139368099772135 -147.4222433604281 0
      vertex 48.8 -147.4 0
    endloop
  endfacet
  facet normal 0 0 -1
    outer loop
      vertex 48.125 -137.2085571593046 0
      vertex 49.47292951726655 -147.48859285164843 0
      vertex 49.139368099772135 -147.4222433604281 0
    endloop
  endfacet
  facet normal 0 0 -1
    outer loop
      vertex 48.369713217020035 -137.04504501134156 0
      vertex 49.79497692414923 -147.59791321547064 0
      vertex 49.47292951726655 -147.48859285164843 0
    endloop
  endfacet
  facet normal 0 0 -1
    outer loop
      vertex 48.590990260243416 -136.85099025875328 0
      vertex 50.099999999999994 -147.74833395016046 0
      vertex 49.79497692414923 -147.59791321547064 0
    endloop
  endfacet
  facet normal 0 0 -1
    outer loop
      vertex 48.590990260243416 -136.85099025875328 0
      vertex 50.38277971542267 -147.93728131524279 0
      vertex 50.099999999999994 -147.74833395016046 0
    endloop
  endfacet
  facet normal 0 0 -1
    outer loop
      vertex 48.590990260243416 -136.85099025875328 0
      vertex 50.638477631085024 -148.16152236891497 0
      vertex 50.38277971542267 -147.93728131524279 0
    endloop
  endfacet
  facet normal 0 0 -1
    outer loop
      vertex 48.590990260243416 -136.85099025875328 0
      vertex 50.86271868475721 -148.41722028457733 0
      vertex 50.638477631085024 -148.16152236891497 0
    endloop
  endfacet
  facet normal 0 0 -1
    outer loop
      vertex 48.590990260243416 -136.85099025875328 0
      vertex 51.05166604983954 -148.7 0
      vertex 50.86271868475721 -148.41722028457733 0
    endloop
  endfacet
  facet normal 0 0 -1
    outer loop
      vertex 48.590990260243416 -136.85099025875328 0
      vertex 51.20208678452934 -149.00502307585077 0
      vertex 51.05166604983954 -148.7 0
    endloop
  endfacet
  facet normal 0 0 -1
    outer loop
      vertex 48.590990260243416 -136.85099025875328 0
      vertex 48.78504501283169 -136.6297132155299 0
      vertex 54.77433458119631 -153.39157857745886 0
    endloop
  endfacet
  facet normal 0 0 -1
    outer loop
      vertex 49.07872895151377 -136.12103772222994 0
      vertex 49.17333310842514 -135.8423428466916 0
      vertex 54.79999999850988 -153 0
    endloop
  endfacet
  facet normal 0 0 -1
    outer loop
      vertex 48.78504501283169 -136.6297132155299 0
      vertex 48.948557160794735 -136.38499999850987 0
      vertex 54.79999999850988 -153 0
    endloop
  endfacet
  facet normal 0 0 -1
    outer loop
      vertex 49.07872895151377 -136.12103772222994 0
      vertex 54.79999999850988 -153 0
      vertex 48.948557160794735 -136.38499999850987 0
    endloop
  endfacet
  facet normal 0 0 -1
    outer loop
      vertex 49.23075094074011 -135.55368392974137 0
      vertex 54.79999999850988 -153 0
      vertex 49.17333310842514 -135.8423428466916 0
    endloop
  endfacet
  facet normal 0 0 -1
    outer loop
      vertex 49.25 -135.25999999850987 0
      vertex 54.79999999850988 -153 0
      vertex 49.23075094074011 -135.55368392974137 0
    endloop
  endfacet
  facet normal 0 0 -1
    outer loop
      vertex 48.590990260243416 -136.85099025875328 0
      vertex 51.31140714835158 -149.32707048273343 0
      vertex 51.20208678452934 -149.00502307585077 0
    endloop
  endfacet
  facet normal 0 0 -1
    outer loop
      vertex 48.8 -152.6 0
      vertex 49.139368099772135 -152.5777566395719 0
      vertex 54.69777747392654 -153.77645713835955 0
    endloop
  endfacet
  facet normal 0 0 -1
    outer loop
      vertex 49.139368099772135 -152.5777566395719 0
      vertex 49.47292951726655 -152.51140714835157 0
      vertex 54.69777747392654 -153.77645713835955 0
    endloop
  endfacet
  facet normal 0.06540313273849395 -0.9978589230086541 0
    outer loop
      vertex 51.79999999850988 -156 2.3999999999999986
      vertex 52.19157857596874 -155.97433458268642 0
      vertex 52.19157857596874 -155.97433458268642 2.3999999999999986
    endloop
  endfacet
  facet normal 0.19509032585814406 -0.980785279639006 0
    outer loop
      vertex 52.19157857596874 -155.97433458268642 2.3999999999999986
      vertex 52.57645713686943 -155.89777747541666 0
      vertex 52.57645713686943 -155.89777747541666 2.3999999999999986
    endloop
  endfacet
  facet normal 0.3214394637077385 -0.9469301300366788 0
    outer loop
      vertex 52.57645713686943 -155.89777747541666 2.3999999999999986
      vertex 52.94805029928684 -155.77163859456778 0
      vertex 52.94805029928684 -155.77163859456778 2.3999999999999986
    endloop
  endfacet
  facet normal 0.4422886918115197 -0.8968727407473451 0
    outer loop
      vertex 52.94805029928684 -155.77163859456778 2.3999999999999986
      vertex 53.29999999850988 -155.59807620942593 0
      vertex 53.29999999850988 -155.59807620942593 2.3999999999999986
    endloop
  endfacet
  facet normal 0.5555702203832522 -0.8314696207458844 0
    outer loop
      vertex 53.29999999850988 -155.59807620942593 2.3999999999999986
      vertex 53.62628428786993 -155.3800600245595 0
      vertex 53.62628428786993 -155.3800600245595 2.3999999999999986
    endloop
  endfacet
  facet normal 0.6593458207943228 -0.7518398024852507 0
    outer loop
      vertex 53.62628428786993 -155.3800600245595 2.3999999999999986
      vertex 53.92132034301758 -155.1213203445077 0
      vertex 53.92132034301758 -155.1213203445077 2.3999999999999986
    endloop
  endfacet
  facet normal 0.9978589230086541 -0.06540313273849395 0
    outer loop
      vertex 54.79999999850988 -153 2.3999999999999986
      vertex 54.77433458119631 -153.39157857745886 2.3999999999999986
      vertex 54.79999999850988 -153 0
    endloop
  endfacet
  facet normal 0.980785279639006 -0.19509032585814406 0
    outer loop
      vertex 54.77433458119631 -153.39157857745886 2.3999999999999986
      vertex 54.69777747392654 -153.77645713835955 2.3999999999999986
      vertex 54.77433458119631 -153.39157857745886 0
    endloop
  endfacet
  facet normal 0.8314696207458844 -0.5555702203832522 0
    outer loop
      vertex 54.18006002306938 -154.82628428936005 2.3999999999999986
      vertex 54.39807620793581 -154.5 0
      vertex 54.39807620793581 -154.5 2.3999999999999986
    endloop
  endfacet
  facet normal 0.7518398024852507 -0.6593458207943228 0
    outer loop
      vertex 53.92132034301758 -155.1213203445077 2.3999999999999986
      vertex 54.18006002306938 -154.82628428936005 0
      vertex 54.18006002306938 -154.82628428936005 2.3999999999999986
    endloop
  endfacet
  facet normal 0.8968727407473451 -0.4422886918115197 0
    outer loop
      vertex 54.57163859307766 -154.14805030077696 2.3999999999999986
      vertex 54.39807620793581 -154.5 2.3999999999999986
      vertex 54.57163859307766 -154.14805030077696 0
    endloop
  endfacet
  facet normal 0.9469301300366788 -0.3214394637077385 0
    outer loop
      vertex 54.57163859307766 -154.14805030077696 2.3999999999999986
      vertex 54.69777747392654 -153.77645713835955 0
      vertex 54.69777747392654 -153.77645713835955 2.3999999999999986
    endloop
  endfacet
  facet normal 0 0 -1
    outer loop
      vertex 48.590990260243416 -136.85099025875328 0
      vertex 54.69777747392654 -153.77645713835955 0
      vertex 51.31140714835158 -149.32707048273343 0
    endloop
  endfacet
  facet normal 0 0 -1
    outer loop
      vertex 48.78504501283169 -136.6297132155299 0
      vertex 54.79999999850988 -153 0
      vertex 54.77433458119631 -153.39157857745886 0
    endloop
  endfacet
  facet normal 0 0 -1
    outer loop
      vertex 48.590990260243416 -136.85099025875328 0
      vertex 54.77433458119631 -153.39157857745886 0
      vertex 54.69777747392654 -153.77645713835955 0
    endloop
  endfacet
  facet normal 0 0 -1
    outer loop
      vertex 51.31140714835158 -149.32707048273343 0
      vertex 54.69777747392654 -153.77645713835955 0
      vertex 51.377756639571906 -149.66063190022786 0
    endloop
  endfacet
  facet normal 0.06540313273849395 -0.9978589230086541 0
    outer loop
      vertex 51.79999999850988 -156 2.3999999999999986
      vertex 51.79999999850988 -156 0
      vertex 52.19157857596874 -155.97433458268642 0
    endloop
  endfacet
  facet normal 0.19509032585814406 -0.980785279639006 0
    outer loop
      vertex 52.19157857596874 -155.97433458268642 2.3999999999999986
      vertex 52.19157857596874 -155.97433458268642 0
      vertex 52.57645713686943 -155.89777747541666 0
    endloop
  endfacet
  facet normal 0.3214394637077385 -0.9469301300366788 0
    outer loop
      vertex 52.57645713686943 -155.89777747541666 2.3999999999999986
      vertex 52.57645713686943 -155.89777747541666 0
      vertex 52.94805029928684 -155.77163859456778 0
    endloop
  endfacet
  facet normal 0 0 -1
    outer loop
      vertex 49.47292951726655 -152.51140714835157 0
      vertex 49.79497692414923 -152.40208678452936 0
      vertex 54.69777747392654 -153.77645713835955 0
    endloop
  endfacet
  facet normal 0 0 -1
    outer loop
      vertex 49.79497692414923 -152.40208678452936 0
      vertex 50.099999999999994 -152.25166604983954 0
      vertex 54.69777747392654 -153.77645713835955 0
    endloop
  endfacet
  facet normal 0 0 -1
    outer loop
      vertex 50.099999999999994 -152.25166604983954 0
      vertex 50.38277971542267 -152.06271868475721 0
      vertex 54.69777747392654 -153.77645713835955 0
    endloop
  endfacet
  facet normal 0 0 -1
    outer loop
      vertex 50.38277971542267 -152.06271868475721 0
      vertex 50.638477631085024 -151.83847763108503 0
      vertex 54.69777747392654 -153.77645713835955 0
    endloop
  endfacet
  facet normal 0 0 -1
    outer loop
      vertex 50.638477631085024 -151.83847763108503 0
      vertex 50.86271868475721 -151.58277971542267 0
      vertex 54.69777747392654 -153.77645713835955 0
    endloop
  endfacet
  facet normal 0 0 -1
    outer loop
      vertex 50.86271868475721 -151.58277971542267 0
      vertex 51.05166604983954 -151.3 0
      vertex 54.69777747392654 -153.77645713835955 0
    endloop
  endfacet
  facet normal 0 0 -1
    outer loop
      vertex 51.20208678452934 -150.99497692414923 0
      vertex 54.69777747392654 -153.77645713835955 0
      vertex 51.05166604983954 -151.3 0
    endloop
  endfacet
  facet normal 0 0 -1
    outer loop
      vertex 51.377756639571906 -150.33936809977214 0
      vertex 54.69777747392654 -153.77645713835955 0
      vertex 51.31140714835158 -150.67292951726657 0
    endloop
  endfacet
  facet normal 0 0 -1
    outer loop
      vertex 51.377756639571906 -149.66063190022786 0
      vertex 54.69777747392654 -153.77645713835955 0
      vertex 51.4 -150 0
    endloop
  endfacet
  facet normal 0 0 -1
    outer loop
      vertex 51.4 -150 0
      vertex 54.69777747392654 -153.77645713835955 0
      vertex 51.377756639571906 -150.33936809977214 0
    endloop
  endfacet
  facet normal 0 0 -1
    outer loop
      vertex 51.20208678452934 -150.99497692414923 0
      vertex 51.31140714835158 -150.67292951726657 0
      vertex 54.69777747392654 -153.77645713835955 0
    endloop
  endfacet
  facet normal 0.4422886918115197 -0.8968727407473451 0
    outer loop
      vertex 52.94805029928684 -155.77163859456778 2.3999999999999986
      vertex 52.94805029928684 -155.77163859456778 0
      vertex 53.29999999850988 -155.59807620942593 0
    endloop
  endfacet
  facet normal 0.5555702203832522 -0.8314696207458844 0
    outer loop
      vertex 53.29999999850988 -155.59807620942593 2.3999999999999986
      vertex 53.29999999850988 -155.59807620942593 0
      vertex 53.62628428786993 -155.3800600245595 0
    endloop
  endfacet
  facet normal 0.6593458207943228 -0.7518398024852507 0
    outer loop
      vertex 53.62628428786993 -155.3800600245595 2.3999999999999986
      vertex 53.62628428786993 -155.3800600245595 0
      vertex 53.92132034301758 -155.1213203445077 0
    endloop
  endfacet
  facet normal 0.9978589230086541 -0.06540313273849395 0
    outer loop
      vertex 54.77433458119631 -153.39157857745886 2.3999999999999986
      vertex 54.77433458119631 -153.39157857745886 0
      vertex 54.79999999850988 -153 0
    endloop
  endfacet
  facet normal 0.8314696207458844 -0.5555702203832522 0
    outer loop
      vertex 54.18006002306938 -154.82628428936005 2.3999999999999986
      vertex 54.18006002306938 -154.82628428936005 0
      vertex 54.39807620793581 -154.5 0
    endloop
  endfacet
  facet normal 0.7518398024852507 -0.6593458207943228 0
    outer loop
      vertex 53.92132034301758 -155.1213203445077 2.3999999999999986
      vertex 53.92132034301758 -155.1213203445077 0
      vertex 54.18006002306938 -154.82628428936005 0
    endloop
  endfacet
  facet normal 0.8968727407473451 -0.4422886918115197 0
    outer loop
      vertex 54.39807620793581 -154.5 2.3999999999999986
      vertex 54.39807620793581 -154.5 0
      vertex 54.57163859307766 -154.14805030077696 0
    endloop
  endfacet
  facet normal 0.9469301300366788 -0.3214394637077385 0
    outer loop
      vertex 54.57163859307766 -154.14805030077696 2.3999999999999986
      vertex 54.57163859307766 -154.14805030077696 0
      vertex 54.69777747392654 -153.77645713835955 0
    endloop
  endfacet
  facet normal 0.980785279639006 -0.19509032585814406 0
    outer loop
      vertex 54.69777747392654 -153.77645713835955 2.3999999999999986
      vertex 54.69777747392654 -153.77645713835955 0
      vertex 54.77433458119631 -153.39157857745886 0
    endloop
  endfacet
  facet normal 0 1 0
    outer loop
      vertex 0.25 -8.25 5.399999999999999
      vertex 1.4499999955296516 -8.25 5.399999999999999
      vertex 1.4499999955296516 -8.25 2.3999999999999986
    endloop
  endfacet
  facet normal -1 0 0
    outer loop
      vertex 8.25 -0.25 5.399999999999999
      vertex 8.25 -0.25 2.3999999999999986
      vertex 8.25 -1.4500000029802322 5.399999999999999
    endloop
  endfacet
  facet normal 0 1 0
    outer loop
      vertex 0.25 -8.25 5.399999999999999
      vertex 1.4499999955296516 -8.25 2.3999999999999986
      vertex 0.25 -8.25 2.3999999999999986
    endloop
  endfacet
  facet normal -1 0 0
    outer loop
      vertex 8.25 -1.4500000029802322 5.399999999999999
      vertex 8.25 -0.25 2.3999999999999986
      vertex 8.25 -1.4500000029802322 2.3999999999999986
    endloop
  endfacet
  facet normal 0 0 1
    outer loop
      vertex 0.25 -8.25 5.399999999999999
      vertex 0.25 -145.75 5.399999999999999
      vertex 1.4499999955296516 -8.25 5.399999999999999
    endloop
  endfacet
  facet normal -1 0 0
    outer loop
      vertex 0.25 -8.25 5.399999999999999
      vertex 0.25 -8.25 2.3999999999999986
      vertex 0.25 -145.75 5.399999999999999
    endloop
  endfacet
  facet normal 1 0 0
    outer loop
      vertex 1.4499999955296516 -8.25 5.399999999999999
      vertex 1.4499999955296516 -145.75 2.3999999999999986
      vertex 1.4499999955296516 -8.25 2.3999999999999986
    endloop
  endfacet
  facet normal 0 0 1
    outer loop
      vertex 8.25 -0.25 5.399999999999999
      vertex 8.25 -1.4500000029802322 5.399999999999999
      vertex 44.54999999701977 -0.25 5.399999999999999
    endloop
  endfacet
  facet normal 0 -1 0
    outer loop
      vertex 8.25 -1.4500000029802322 5.399999999999999
      vertex 8.25 -1.4500000029802322 2.3999999999999986
      vertex 44.54999999701977 -1.4500000029802322 5.399999999999999
    endloop
  endfacet
  facet normal 0 1 0
    outer loop
      vertex 8.25 -0.25 5.399999999999999
      vertex 44.54999999701977 -0.25 2.3999999999999986
      vertex 8.25 -0.25 2.3999999999999986
    endloop
  endfacet
  facet normal 0 0 1
    outer loop
      vertex 1.4499999955296516 -8.25 5.399999999999999
      vertex 0.25 -145.75 5.399999999999999
      vertex 1.4499999955296516 -145.75 5.399999999999999
    endloop
  endfacet
  facet normal 1 0 0
    outer loop
      vertex 1.4499999955296516 -8.25 5.399999999999999
      vertex 1.4499999955296516 -145.75 5.399999999999999
      vertex 1.4499999955296516 -145.75 2.3999999999999986
    endloop
  endfacet
  facet normal -1 0 0
    outer loop
      vertex 0.25 -8.25 2.3999999999999986
      vertex 0.25 -145.75 2.3999999999999986
      vertex 0.25 -145.75 5.399999999999999
    endloop
  endfacet
  facet normal 0 -1 0
    outer loop
      vertex 0.25 -145.75 5.399999999999999
      vertex 0.25 -145.75 2.3999999999999986
      vertex 1.4499999955296516 -145.75 5.399999999999999
    endloop
  endfacet
  facet normal -1 0 0
    outer loop
      vertex 8.25 -152.54999999701977 5.399999999999999
      vertex 8.25 -152.54999999701977 2.3999999999999986
      vertex 8.25 -153.75 5.399999999999999
    endloop
  endfacet
  facet normal 0 -1 0
    outer loop
      vertex 1.4499999955296516 -145.75 5.399999999999999
      vertex 0.25 -145.75 2.3999999999999986
      vertex 1.4499999955296516 -145.75 2.3999999999999986
    endloop
  endfacet
  facet normal -1 0 0
    outer loop
      vertex 8.25 -153.75 5.399999999999999
      vertex 8.25 -152.54999999701977 2.3999999999999986
      vertex 8.25 -153.75 2.3999999999999986
    endloop
  endfacet
  facet normal 0 0 1
    outer loop
      vertex 8.25 -152.54999999701977 5.399999999999999
      vertex 8.25 -153.75 5.399999999999999
      vertex 44.54999999701977 -152.54999999701977 5.399999999999999
    endloop
  endfacet
  facet normal 0 -1 0
    outer loop
      vertex 8.25 -153.75 5.399999999999999
      vertex 8.25 -153.75 2.3999999999999986
      vertex 44.54999999701977 -153.75 5.399999999999999
    endloop
  endfacet
  facet normal 0 1 0
    outer loop
      vertex 8.25 -152.54999999701977 5.399999999999999
      vertex 44.54999999701977 -152.54999999701977 2.3999999999999986
      vertex 8.25 -152.54999999701977 2.3999999999999986
    endloop
  endfacet
  facet normal 0 0 1
    outer loop
      vertex 8.25 -1.4500000029802322 5.399999999999999
      vertex 44.54999999701977 -1.4500000029802322 5.399999999999999
      vertex 44.54999999701977 -0.25 5.399999999999999
    endloop
  endfacet
  facet normal 0 1 0
    outer loop
      vertex 8.25 -0.25 5.399999999999999
      vertex 44.54999999701977 -0.25 5.399999999999999
      vertex 44.54999999701977 -0.25 2.3999999999999986
    endloop
  endfacet
  facet normal 0 -1 0
    outer loop
      vertex 8.25 -1.4500000029802322 2.3999999999999986
      vertex 44.54999999701977 -1.4500000029802322 2.3999999999999986
      vertex 44.54999999701977 -1.4500000029802322 5.399999999999999
    endloop
  endfacet
  facet normal 1 0 0
    outer loop
      vertex 44.54999999701977 -0.25 5.399999999999999
      vertex 44.54999999701977 -1.4500000029802322 5.399999999999999
      vertex 44.54999999701977 -1.4500000029802322 2.3999999999999986
    endloop
  endfacet
  facet normal 0 1 0
    outer loop
      vertex 51.350000001490116 -8.25 5.399999999999999
      vertex 52.54999999701977 -8.25 5.399999999999999
      vertex 52.54999999701977 -8.25 2.3999999999999986
    endloop
  endfacet
  facet normal 1 0 0
    outer loop
      vertex 44.54999999701977 -0.25 5.399999999999999
      vertex 44.54999999701977 -1.4500000029802322 2.3999999999999986
      vertex 44.54999999701977 -0.25 2.3999999999999986
    endloop
  endfacet
  facet normal 0 1 0
    outer loop
      vertex 51.350000001490116 -8.25 5.399999999999999
      vertex 52.54999999701977 -8.25 2.3999999999999986
      vertex 51.350000001490116 -8.25 2.3999999999999986
    endloop
  endfacet
  facet normal 0 0 1
    outer loop
      vertex 51.350000001490116 -8.25 5.399999999999999
      vertex 51.350000001490116 -145.75 5.399999999999999
      vertex 52.54999999701977 -8.25 5.399999999999999
    endloop
  endfacet
  facet normal -1 0 0
    outer loop
      vertex 51.350000001490116 -8.25 5.399999999999999
      vertex 51.350000001490116 -8.25 2.3999999999999986
      vertex 51.350000001490116 -145.75 5.399999999999999
    endloop
  endfacet
  facet normal 1 0 0
    outer loop
      vertex 52.54999999701977 -8.25 5.399999999999999
      vertex 52.54999999701977 -145.75 2.3999999999999986
      vertex 52.54999999701977 -8.25 2.3999999999999986
    endloop
  endfacet
  facet normal 0 0 1
    outer loop
      vertex 8.25 -153.75 5.399999999999999
      vertex 44.54999999701977 -153.75 5.399999999999999
      vertex 44.54999999701977 -152.54999999701977 5.399999999999999
    endloop
  endfacet
  facet normal 0 1 0
    outer loop
      vertex 8.25 -152.54999999701977 5.399999999999999
      vertex 44.54999999701977 -152.54999999701977 5.399999999999999
      vertex 44.54999999701977 -152.54999999701977 2.3999999999999986
    endloop
  endfacet
  facet normal 0 -1 0
    outer loop
      vertex 8.25 -153.75 2.3999999999999986
      vertex 44.54999999701977 -153.75 2.3999999999999986
      vertex 44.54999999701977 -153.75 5.399999999999999
    endloop
  endfacet
  facet normal 0 0 1
    outer loop
      vertex 52.54999999701977 -8.25 5.399999999999999
      vertex 51.350000001490116 -145.75 5.399999999999999
      vertex 52.54999999701977 -145.75 5.399999999999999
    endloop
  endfacet
  facet normal 1 0 0
    outer loop
      vertex 52.54999999701977 -8.25 5.399999999999999
      vertex 52.54999999701977 -145.75 5.399999999999999
      vertex 52.54999999701977 -145.75 2.3999999999999986
    endloop
  endfacet
  facet normal -1 0 0
    outer loop
      vertex 51.350000001490116 -8.25 2.3999999999999986
      vertex 51.350000001490116 -145.75 2.3999999999999986
      vertex 51.350000001490116 -145.75 5.399999999999999
    endloop
  endfacet
  facet normal 1 0 0
    outer loop
      vertex 44.54999999701977 -152.54999999701977 5.399999999999999
      vertex 44.54999999701977 -153.75 5.399999999999999
      vertex 44.54999999701977 -153.75 2.3999999999999986
    endloop
  endfacet
  facet normal 0 -1 0
    outer loop
      vertex 51.350000001490116 -145.75 5.399999999999999
      vertex 51.350000001490116 -145.75 2.3999999999999986
      vertex 52.54999999701977 -145.75 5.399999999999999
    endloop
  endfacet
  facet normal 1 0 0
    outer loop
      vertex 44.54999999701977 -152.54999999701977 5.399999999999999
      vertex 44.54999999701977 -153.75 2.3999999999999986
      vertex 44.54999999701977 -152.54999999701977 2.3999999999999986
    endloop
  endfacet
  facet normal 0 -1 0
    outer loop
      vertex 52.54999999701977 -145.75 5.399999999999999
      vertex 51.350000001490116 -145.75 2.3999999999999986
      vertex 52.54999999701977 -145.75 2.3999999999999986
    endloop
  endfacet
  facet normal 0.6593458151000706 -0.7518398074789759 -4.665348361822925e-18
    outer loop
      vertex 3.117295927937355 -2.849637656577709 2.3999999999999986
      vertex 2.9746951672795063 -2.9746951672795063 2.3999999999999986
      vertex 2.9746951672795063 -2.9746951672795063 1.1999999999999993
    endloop
  endfacet
  facet normal 0.5555702330196016 -0.8314696123025457 0
    outer loop
      vertex 3.117295927937355 -2.849637656577709 2.3999999999999986
      vertex 3.117295927937355 -2.849637656577709 1.1999999999999993
      vertex 3.275 -2.744263164512564 2.3999999999999986
    endloop
  endfacet
  facet normal 0.9807852804032303 -0.19509032201612878 5.146528400441454e-19
    outer loop
      vertex 2.599407551880851 -3.624712384601345 2.3999999999999986
      vertex 2.562404951007975 -3.810737021280925 2.3999999999999986
      vertex 2.562404951007975 -3.810737021280925 1.1999999999999993
    endloop
  endfacet
  facet normal 0.9469301294951061 -0.3214394653031602 0
    outer loop
      vertex 2.599407551880851 -3.624712384601345 2.3999999999999986
      vertex 2.599407551880851 -3.624712384601345 1.1999999999999993
      vertex 2.660374677858634 -3.4451090230706196 2.3999999999999986
    endloop
  endfacet
  facet normal 0.9978589232386034 -0.06540312923014414 7.542437348245889e-19
    outer loop
      vertex 2.562404951007975 -3.810737021280925 2.3999999999999986
      vertex 2.55 -4 2.3999999999999986
      vertex 2.55 -4 1.1999999999999993
    endloop
  endfacet
  facet normal 0.9978589232386034 0.06540312923014414 -7.542437348245889e-19
    outer loop
      vertex 2.55 -4 2.3999999999999986
      vertex 2.562404951007975 -4.189262978719075 2.3999999999999986
      vertex 2.562404951007975 -4.189262978719075 1.1999999999999993
    endloop
  endfacet
  facet normal 0.8968727415326877 -0.44228869021900263 0
    outer loop
      vertex 2.660374677858634 -3.4451090230706196 2.3999999999999986
      vertex 2.660374677858634 -3.4451090230706196 1.1999999999999993
      vertex 2.744263164512564 -3.275 2.3999999999999986
    endloop
  endfacet
  facet normal 0.8314696123025457 -0.5555702330196016 0
    outer loop
      vertex 2.744263164512564 -3.275 2.3999999999999986
      vertex 2.744263164512564 -3.275 1.1999999999999993
      vertex 2.849637656577709 -3.117295927937355 2.3999999999999986
    endloop
  endfacet
  facet normal 0.9807852804032303 0.19509032201612878 -5.146528400441454e-19
    outer loop
      vertex 2.562404951007975 -4.189262978719075 2.3999999999999986
      vertex 2.599407551880851 -4.375287615398655 2.3999999999999986
      vertex 2.599407551880851 -4.375287615398655 1.1999999999999993
    endloop
  endfacet
  facet normal 0.9469301294951061 0.3214394653031602 3.289263223698328e-18
    outer loop
      vertex 2.599407551880851 -4.375287615398655 2.3999999999999986
      vertex 2.660374677858634 -4.55489097692938 2.3999999999999986
      vertex 2.660374677858634 -4.55489097692938 1.1999999999999993
    endloop
  endfacet
  facet normal 0.8968727415326873 0.4422886902190035 -3.161702192660018e-18
    outer loop
      vertex 2.660374677858634 -4.55489097692938 2.3999999999999986
      vertex 2.744263164512564 -4.725 2.3999999999999986
      vertex 2.744263164512564 -4.725 1.1999999999999993
    endloop
  endfacet
  facet normal 0.8314696123025465 0.5555702330196005 -9.179038654009254e-19
    outer loop
      vertex 2.744263164512564 -4.725 2.3999999999999986
      vertex 2.849637656577709 -4.882704072062645 2.3999999999999986
      vertex 2.849637656577709 -4.882704072062645 1.1999999999999993
    endloop
  endfacet
  facet normal 0.7518398074789759 -0.6593458151000706 0
    outer loop
      vertex 2.849637656577709 -3.117295927937355 2.3999999999999986
      vertex 2.849637656577709 -3.117295927937355 1.1999999999999993
      vertex 2.9746951672795063 -2.9746951672795063 2.3999999999999986
    endloop
  endfacet
  facet normal 0.7518398074789759 0.6593458151000706 4.665348361822925e-18
    outer loop
      vertex 2.849637656577709 -4.882704072062645 2.3999999999999986
      vertex 2.9746951672795063 -5.025304832720494 2.3999999999999986
      vertex 2.9746951672795063 -5.025304832720494 1.1999999999999993
    endloop
  endfacet
  facet normal 0.6593458151000706 0.7518398074789759 4.665348361822925e-18
    outer loop
      vertex 2.9746951672795063 -5.025304832720494 2.3999999999999986
      vertex 3.117295927937355 -5.150362343422291 2.3999999999999986
      vertex 3.117295927937355 -5.150362343422291 1.1999999999999993
    endloop
  endfacet
  facet normal 0.5555702330196032 0.8314696123025446 3.6827707221840405e-18
    outer loop
      vertex 3.117295927937355 -5.150362343422291 2.3999999999999986
      vertex 3.275 -5.255736835487436 2.3999999999999986
      vertex 3.275 -5.255736835487436 1.1999999999999993
    endloop
  endfacet
  facet normal 0.44228869021900263 -0.8968727415326877 0
    outer loop
      vertex 3.275 -2.744263164512564 2.3999999999999986
      vertex 3.275 -2.744263164512564 1.1999999999999993
      vertex 3.4451090230706196 -2.660374677858634 2.3999999999999986
    endloop
  endfacet
  facet normal 0.3214394653031602 -0.9469301294951061 0
    outer loop
      vertex 3.4451090230706196 -2.660374677858634 2.3999999999999986
      vertex 3.4451090230706196 -2.660374677858634 1.1999999999999993
      vertex 3.624712384601345 -2.599407551880851 2.3999999999999986
    endloop
  endfacet
  facet normal 0.19509032201612878 -0.9807852804032303 0
    outer loop
      vertex 3.624712384601345 -2.599407551880851 2.3999999999999986
      vertex 3.624712384601345 -2.599407551880851 1.1999999999999993
      vertex 3.810737021280925 -2.562404951007975 2.3999999999999986
    endloop
  endfacet
  facet normal 0.06540312923014414 -0.9978589232386034 0
    outer loop
      vertex 3.810737021280925 -2.562404951007975 2.3999999999999986
      vertex 3.810737021280925 -2.562404951007975 1.1999999999999993
      vertex 4 -2.55 2.3999999999999986
    endloop
  endfacet
  facet normal -0.06540312923014414 -0.9978589232386034 0
    outer loop
      vertex 4 -2.55 2.3999999999999986
      vertex 4 -2.55 1.1999999999999993
      vertex 4.189262978719075 -2.562404951007975 2.3999999999999986
    endloop
  endfacet
  facet normal -0.19509032201612878 -0.9807852804032303 0
    outer loop
      vertex 4.189262978719075 -2.562404951007975 2.3999999999999986
      vertex 4.189262978719075 -2.562404951007975 1.1999999999999993
      vertex 4.375287615398655 -2.599407551880851 2.3999999999999986
    endloop
  endfacet
  facet normal -0.3214394653031602 -0.9469301294951061 0
    outer loop
      vertex 4.375287615398655 -2.599407551880851 2.3999999999999986
      vertex 4.375287615398655 -2.599407551880851 1.1999999999999993
      vertex 4.55489097692938 -2.660374677858634 2.3999999999999986
    endloop
  endfacet
  facet normal -0.4422886902190035 -0.8968727415326873 0
    outer loop
      vertex 4.55489097692938 -2.660374677858634 2.3999999999999986
      vertex 4.55489097692938 -2.660374677858634 1.1999999999999993
      vertex 4.725 -2.744263164512564 2.3999999999999986
    endloop
  endfacet
  facet normal -0.5555702330196005 -0.8314696123025465 0
    outer loop
      vertex 4.725 -2.744263164512564 2.3999999999999986
      vertex 4.725 -2.744263164512564 1.1999999999999993
      vertex 4.882704072062645 -2.849637656577709 2.3999999999999986
    endloop
  endfacet
  facet normal -0.6593458151000706 -0.7518398074789759 0
    outer loop
      vertex 4.882704072062645 -2.849637656577709 2.3999999999999986
      vertex 4.882704072062645 -2.849637656577709 1.1999999999999993
      vertex 5.025304832720494 -2.9746951672795063 2.3999999999999986
    endloop
  endfacet
  facet normal 0.44228869021900075 0.8968727415326887 -2.6094534105788445e-18
    outer loop
      vertex 3.275 -5.255736835487436 2.3999999999999986
      vertex 3.4451090230706196 -5.339625322141366 2.3999999999999986
      vertex 3.4451090230706196 -5.339625322141366 1.1999999999999993
    endloop
  endfacet
  facet normal 0.3214394653031581 0.9469301294951068 3.125095772292463e-18
    outer loop
      vertex 3.4451090230706196 -5.339625322141366 2.3999999999999986
      vertex 3.624712384601345 -5.4005924481191485 2.3999999999999986
      vertex 3.624712384601345 -5.4005924481191485 1.1999999999999993
    endloop
  endfacet
  facet normal 0.19509032201612878 0.9807852804032303 -5.146528400441454e-19
    outer loop
      vertex 3.624712384601345 -5.4005924481191485 2.3999999999999986
      vertex 3.810737021280925 -5.437595048992025 2.3999999999999986
      vertex 3.810737021280925 -5.437595048992025 1.1999999999999993
    endloop
  endfacet
  facet normal 0.06540312923014648 0.9978589232386033 -3.8323828864819054e-19
    outer loop
      vertex 3.810737021280925 -5.437595048992025 2.3999999999999986
      vertex 4 -5.45 2.3999999999999986
      vertex 4 -5.45 1.1999999999999993
    endloop
  endfacet
  facet normal -0.06540312923014648 0.9978589232386033 3.8323828864819054e-19
    outer loop
      vertex 4 -5.45 2.3999999999999986
      vertex 4.189262978719075 -5.437595048992025 2.3999999999999986
      vertex 4.189262978719075 -5.437595048992025 1.1999999999999993
    endloop
  endfacet
  facet normal -0.3214394653031581 0.9469301294951068 -3.125095772292463e-18
    outer loop
      vertex 4.375287615398655 -5.4005924481191485 2.3999999999999986
      vertex 4.55489097692938 -5.339625322141366 2.3999999999999986
      vertex 4.55489097692938 -5.339625322141366 1.1999999999999993
    endloop
  endfacet
  facet normal -0.7518398074789759 -0.6593458151000706 0
    outer loop
      vertex 5.025304832720494 -2.9746951672795063 2.3999999999999986
      vertex 5.025304832720494 -2.9746951672795063 1.1999999999999993
      vertex 5.150362343422291 -3.117295927937355 2.3999999999999986
    endloop
  endfacet
  facet normal -0.44228869021900163 0.8968727415326881 -1.0143088323327232e-18
    outer loop
      vertex 4.55489097692938 -5.339625322141366 2.3999999999999986
      vertex 4.725 -5.255736835487436 2.3999999999999986
      vertex 4.725 -5.255736835487436 1.1999999999999993
    endloop
  endfacet
  facet normal -0.5555702330196021 0.8314696123025453 3.7550282716732894e-18
    outer loop
      vertex 4.725 -5.255736835487436 2.3999999999999986
      vertex 4.882704072062645 -5.150362343422291 2.3999999999999986
      vertex 4.882704072062645 -5.150362343422291 1.1999999999999993
    endloop
  endfacet
  facet normal -0.6593458151000706 0.7518398074789759 -4.665348361822925e-18
    outer loop
      vertex 4.882704072062645 -5.150362343422291 2.3999999999999986
      vertex 5.025304832720494 -5.025304832720494 2.3999999999999986
      vertex 5.025304832720494 -5.025304832720494 1.1999999999999993
    endloop
  endfacet
  facet normal -0.19509032201612878 0.9807852804032303 5.146528400441454e-19
    outer loop
      vertex 4.189262978719075 -5.437595048992025 2.3999999999999986
      vertex 4.375287615398655 -5.4005924481191485 2.3999999999999986
      vertex 4.375287615398655 -5.4005924481191485 1.1999999999999993
    endloop
  endfacet
  facet normal 0.6593458151000706 -0.7518398074789759 0
    outer loop
      vertex 3.117295927937355 -2.849637656577709 2.3999999999999986
      vertex 2.9746951672795063 -2.9746951672795063 1.1999999999999993
      vertex 3.117295927937355 -2.849637656577709 1.1999999999999993
    endloop
  endfacet
  facet normal 0.5555702330196016 -0.8314696123025457 0
    outer loop
      vertex 3.275 -2.744263164512564 2.3999999999999986
      vertex 3.117295927937355 -2.849637656577709 1.1999999999999993
      vertex 3.275 -2.744263164512564 1.1999999999999993
    endloop
  endfacet
  facet normal 0.9469301294951061 -0.3214394653031602 0
    outer loop
      vertex 2.660374677858634 -3.4451090230706196 2.3999999999999986
      vertex 2.599407551880851 -3.624712384601345 1.1999999999999993
      vertex 2.660374677858634 -3.4451090230706196 1.1999999999999993
    endloop
  endfacet
  facet normal 0.9807852804032303 -0.19509032201612878 0
    outer loop
      vertex 2.599407551880851 -3.624712384601345 2.3999999999999986
      vertex 2.562404951007975 -3.810737021280925 1.1999999999999993
      vertex 2.599407551880851 -3.624712384601345 1.1999999999999993
    endloop
  endfacet
  facet normal 0.9978589232386034 -0.06540312923014414 0
    outer loop
      vertex 2.562404951007975 -3.810737021280925 2.3999999999999986
      vertex 2.55 -4 1.1999999999999993
      vertex 2.562404951007975 -3.810737021280925 1.1999999999999993
    endloop
  endfacet
  facet normal 0.9978589232386034 0.06540312923014414 0
    outer loop
      vertex 2.55 -4 2.3999999999999986
      vertex 2.562404951007975 -4.189262978719075 1.1999999999999993
      vertex 2.55 -4 1.1999999999999993
    endloop
  endfacet
  facet normal 0.8968727415326877 -0.44228869021900263 0
    outer loop
      vertex 2.744263164512564 -3.275 2.3999999999999986
      vertex 2.660374677858634 -3.4451090230706196 1.1999999999999993
      vertex 2.744263164512564 -3.275 1.1999999999999993
    endloop
  endfacet
  facet normal 0.8314696123025457 -0.5555702330196016 0
    outer loop
      vertex 2.849637656577709 -3.117295927937355 2.3999999999999986
      vertex 2.744263164512564 -3.275 1.1999999999999993
      vertex 2.849637656577709 -3.117295927937355 1.1999999999999993
    endloop
  endfacet
  facet normal 0.9807852804032303 0.19509032201612878 0
    outer loop
      vertex 2.562404951007975 -4.189262978719075 2.3999999999999986
      vertex 2.599407551880851 -4.375287615398655 1.1999999999999993
      vertex 2.562404951007975 -4.189262978719075 1.1999999999999993
    endloop
  endfacet
  facet normal 0.9469301294951061 0.3214394653031602 0
    outer loop
      vertex 2.599407551880851 -4.375287615398655 2.3999999999999986
      vertex 2.660374677858634 -4.55489097692938 1.1999999999999993
      vertex 2.599407551880851 -4.375287615398655 1.1999999999999993
    endloop
  endfacet
  facet normal 0.8968727415326873 0.4422886902190035 0
    outer loop
      vertex 2.660374677858634 -4.55489097692938 2.3999999999999986
      vertex 2.744263164512564 -4.725 1.1999999999999993
      vertex 2.660374677858634 -4.55489097692938 1.1999999999999993
    endloop
  endfacet
  facet normal 0.8314696123025465 0.5555702330196005 0
    outer loop
      vertex 2.744263164512564 -4.725 2.3999999999999986
      vertex 2.849637656577709 -4.882704072062645 1.1999999999999993
      vertex 2.744263164512564 -4.725 1.1999999999999993
    endloop
  endfacet
  facet normal 0.7518398074789759 -0.6593458151000706 0
    outer loop
      vertex 2.9746951672795063 -2.9746951672795063 2.3999999999999986
      vertex 2.849637656577709 -3.117295927937355 1.1999999999999993
      vertex 2.9746951672795063 -2.9746951672795063 1.1999999999999993
    endloop
  endfacet
  facet normal 0.7518398074789759 0.6593458151000706 0
    outer loop
      vertex 2.849637656577709 -4.882704072062645 2.3999999999999986
      vertex 2.9746951672795063 -5.025304832720494 1.1999999999999993
      vertex 2.849637656577709 -4.882704072062645 1.1999999999999993
    endloop
  endfacet
  facet normal 0.6593458151000706 0.7518398074789759 0
    outer loop
      vertex 2.9746951672795063 -5.025304832720494 2.3999999999999986
      vertex 3.117295927937355 -5.150362343422291 1.1999999999999993
      vertex 2.9746951672795063 -5.025304832720494 1.1999999999999993
    endloop
  endfacet
  facet normal 0.5555702330196032 0.8314696123025446 0
    outer loop
      vertex 3.117295927937355 -5.150362343422291 2.3999999999999986
      vertex 3.275 -5.255736835487436 1.1999999999999993
      vertex 3.117295927937355 -5.150362343422291 1.1999999999999993
    endloop
  endfacet
  facet normal 0.44228869021900263 -0.8968727415326877 0
    outer loop
      vertex 3.4451090230706196 -2.660374677858634 2.3999999999999986
      vertex 3.275 -2.744263164512564 1.1999999999999993
      vertex 3.4451090230706196 -2.660374677858634 1.1999999999999993
    endloop
  endfacet
  facet normal 0.3214394653031602 -0.9469301294951061 0
    outer loop
      vertex 3.624712384601345 -2.599407551880851 2.3999999999999986
      vertex 3.4451090230706196 -2.660374677858634 1.1999999999999993
      vertex 3.624712384601345 -2.599407551880851 1.1999999999999993
    endloop
  endfacet
  facet normal 0.19509032201612878 -0.9807852804032303 0
    outer loop
      vertex 3.810737021280925 -2.562404951007975 2.3999999999999986
      vertex 3.624712384601345 -2.599407551880851 1.1999999999999993
      vertex 3.810737021280925 -2.562404951007975 1.1999999999999993
    endloop
  endfacet
  facet normal 0.06540312923014414 -0.9978589232386034 0
    outer loop
      vertex 4 -2.55 2.3999999999999986
      vertex 3.810737021280925 -2.562404951007975 1.1999999999999993
      vertex 4 -2.55 1.1999999999999993
    endloop
  endfacet
  facet normal -0.06540312923014414 -0.9978589232386034 0
    outer loop
      vertex 4.189262978719075 -2.562404951007975 2.3999999999999986
      vertex 4 -2.55 1.1999999999999993
      vertex 4.189262978719075 -2.562404951007975 1.1999999999999993
    endloop
  endfacet
  facet normal -0.19509032201612878 -0.9807852804032303 0
    outer loop
      vertex 4.375287615398655 -2.599407551880851 2.3999999999999986
      vertex 4.189262978719075 -2.562404951007975 1.1999999999999993
      vertex 4.375287615398655 -2.599407551880851 1.1999999999999993
    endloop
  endfacet
  facet normal -0.3214394653031602 -0.9469301294951061 0
    outer loop
      vertex 4.55489097692938 -2.660374677858634 2.3999999999999986
      vertex 4.375287615398655 -2.599407551880851 1.1999999999999993
      vertex 4.55489097692938 -2.660374677858634 1.1999999999999993
    endloop
  endfacet
  facet normal -0.4422886902190035 -0.8968727415326873 0
    outer loop
      vertex 4.725 -2.744263164512564 2.3999999999999986
      vertex 4.55489097692938 -2.660374677858634 1.1999999999999993
      vertex 4.725 -2.744263164512564 1.1999999999999993
    endloop
  endfacet
  facet normal -0.5555702330196005 -0.8314696123025465 0
    outer loop
      vertex 4.882704072062645 -2.849637656577709 2.3999999999999986
      vertex 4.725 -2.744263164512564 1.1999999999999993
      vertex 4.882704072062645 -2.849637656577709 1.1999999999999993
    endloop
  endfacet
  facet normal -0.6593458151000706 -0.7518398074789759 0
    outer loop
      vertex 5.025304832720494 -2.9746951672795063 2.3999999999999986
      vertex 4.882704072062645 -2.849637656577709 1.1999999999999993
      vertex 5.025304832720494 -2.9746951672795063 1.1999999999999993
    endloop
  endfacet
  facet normal 0.44228869021900075 0.8968727415326887 0
    outer loop
      vertex 3.275 -5.255736835487436 2.3999999999999986
      vertex 3.4451090230706196 -5.339625322141366 1.1999999999999993
      vertex 3.275 -5.255736835487436 1.1999999999999993
    endloop
  endfacet
  facet normal 0.3214394653031581 0.9469301294951068 0
    outer loop
      vertex 3.4451090230706196 -5.339625322141366 2.3999999999999986
      vertex 3.624712384601345 -5.4005924481191485 1.1999999999999993
      vertex 3.4451090230706196 -5.339625322141366 1.1999999999999993
    endloop
  endfacet
  facet normal 0.19509032201612878 0.9807852804032303 0
    outer loop
      vertex 3.624712384601345 -5.4005924481191485 2.3999999999999986
      vertex 3.810737021280925 -5.437595048992025 1.1999999999999993
      vertex 3.624712384601345 -5.4005924481191485 1.1999999999999993
    endloop
  endfacet
  facet normal 0.06540312923014648 0.9978589232386033 0
    outer loop
      vertex 3.810737021280925 -5.437595048992025 2.3999999999999986
      vertex 4 -5.45 1.1999999999999993
      vertex 3.810737021280925 -5.437595048992025 1.1999999999999993
    endloop
  endfacet
  facet normal -0.06540312923014648 0.9978589232386033 0
    outer loop
      vertex 4 -5.45 2.3999999999999986
      vertex 4.189262978719075 -5.437595048992025 1.1999999999999993
      vertex 4 -5.45 1.1999999999999993
    endloop
  endfacet
  facet normal -0.3214394653031581 0.9469301294951068 0
    outer loop
      vertex 4.375287615398655 -5.4005924481191485 2.3999999999999986
      vertex 4.55489097692938 -5.339625322141366 1.1999999999999993
      vertex 4.375287615398655 -5.4005924481191485 1.1999999999999993
    endloop
  endfacet
  facet normal -0.44228869021900163 0.8968727415326881 0
    outer loop
      vertex 4.55489097692938 -5.339625322141366 2.3999999999999986
      vertex 4.725 -5.255736835487436 1.1999999999999993
      vertex 4.55489097692938 -5.339625322141366 1.1999999999999993
    endloop
  endfacet
  facet normal -0.5555702330196021 0.8314696123025453 0
    outer loop
      vertex 4.725 -5.255736835487436 2.3999999999999986
      vertex 4.882704072062645 -5.150362343422291 1.1999999999999993
      vertex 4.725 -5.255736835487436 1.1999999999999993
    endloop
  endfacet
  facet normal -0.6593458151000706 0.7518398074789759 0
    outer loop
      vertex 4.882704072062645 -5.150362343422291 2.3999999999999986
      vertex 5.025304832720494 -5.025304832720494 1.1999999999999993
      vertex 4.882704072062645 -5.150362343422291 1.1999999999999993
    endloop
  endfacet
  facet normal -0.7518398074789759 0.6593458151000706 0
    outer loop
      vertex 5.025304832720494 -5.025304832720494 2.3999999999999986
      vertex 5.150362343422291 -4.882704072062645 1.1999999999999993
      vertex 5.025304832720494 -5.025304832720494 1.1999999999999993
    endloop
  endfacet
  facet normal -0.19509032201612878 0.9807852804032303 0
    outer loop
      vertex 4.189262978719075 -5.437595048992025 2.3999999999999986
      vertex 4.375287615398655 -5.4005924481191485 1.1999999999999993
      vertex 4.189262978719075 -5.437595048992025 1.1999999999999993
    endloop
  endfacet
  facet normal -0.8314696123025446 -0.5555702330196032 0
    outer loop
      vertex 5.150362343422291 -3.117295927937355 2.3999999999999986
      vertex 5.150362343422291 -3.117295927937355 1.1999999999999993
      vertex 5.255736835487436 -3.275 2.3999999999999986
    endloop
  endfacet
  facet normal -0.8968727415326887 -0.44228869021900075 0
    outer loop
      vertex 5.255736835487436 -3.275 2.3999999999999986
      vertex 5.255736835487436 -3.275 1.1999999999999993
      vertex 5.339625322141366 -3.4451090230706196 2.3999999999999986
    endloop
  endfacet
  facet normal -0.9469301294951068 -0.3214394653031581 0
    outer loop
      vertex 5.339625322141366 -3.4451090230706196 2.3999999999999986
      vertex 5.339625322141366 -3.4451090230706196 1.1999999999999993
      vertex 5.4005924481191485 -3.624712384601345 2.3999999999999986
    endloop
  endfacet
  facet normal -0.9807852804032303 -0.19509032201612878 0
    outer loop
      vertex 5.4005924481191485 -3.624712384601345 2.3999999999999986
      vertex 5.4005924481191485 -3.624712384601345 1.1999999999999993
      vertex 5.437595048992025 -3.810737021280925 2.3999999999999986
    endloop
  endfacet
  facet normal -0.9978589232386033 -0.06540312923014648 0
    outer loop
      vertex 5.437595048992025 -3.810737021280925 2.3999999999999986
      vertex 5.437595048992025 -3.810737021280925 1.1999999999999993
      vertex 5.45 -4 2.3999999999999986
    endloop
  endfacet
  facet normal -0.9978589232386033 0.06540312923014648 0
    outer loop
      vertex 5.45 -4 2.3999999999999986
      vertex 5.45 -4 1.1999999999999993
      vertex 5.437595048992025 -4.189262978719075 2.3999999999999986
    endloop
  endfacet
  facet normal -0.8314696123025453 0.5555702330196021 0
    outer loop
      vertex 5.255736835487436 -4.725 2.3999999999999986
      vertex 5.255736835487436 -4.725 1.1999999999999993
      vertex 5.150362343422291 -4.882704072062645 2.3999999999999986
    endloop
  endfacet
  facet normal -0.8968727415326881 0.44228869021900163 -1.0143088323327232e-18
    outer loop
      vertex 5.255736835487436 -4.725 2.3999999999999986
      vertex 5.339625322141366 -4.55489097692938 2.3999999999999986
      vertex 5.339625322141366 -4.55489097692938 1.1999999999999993
    endloop
  endfacet
  facet normal -0.7518398074789759 0.6593458151000706 -4.665348361822925e-18
    outer loop
      vertex 5.025304832720494 -5.025304832720494 2.3999999999999986
      vertex 5.150362343422291 -4.882704072062645 2.3999999999999986
      vertex 5.150362343422291 -4.882704072062645 1.1999999999999993
    endloop
  endfacet
  facet normal -0.9807852804032303 0.19509032201612878 5.146528400441454e-19
    outer loop
      vertex 5.4005924481191485 -4.375287615398655 2.3999999999999986
      vertex 5.437595048992025 -4.189262978719075 2.3999999999999986
      vertex 5.437595048992025 -4.189262978719075 1.1999999999999993
    endloop
  endfacet
  facet normal -0.9469301294951068 0.3214394653031581 0
    outer loop
      vertex 5.4005924481191485 -4.375287615398655 2.3999999999999986
      vertex 5.4005924481191485 -4.375287615398655 1.1999999999999993
      vertex 5.339625322141366 -4.55489097692938 2.3999999999999986
    endloop
  endfacet
  facet normal -0.7518398074789759 -0.6593458151000706 0
    outer loop
      vertex 5.150362343422291 -3.117295927937355 2.3999999999999986
      vertex 5.025304832720494 -2.9746951672795063 1.1999999999999993
      vertex 5.150362343422291 -3.117295927937355 1.1999999999999993
    endloop
  endfacet
  facet normal -0.8314696123025446 -0.5555702330196032 0
    outer loop
      vertex 5.255736835487436 -3.275 2.3999999999999986
      vertex 5.150362343422291 -3.117295927937355 1.1999999999999993
      vertex 5.255736835487436 -3.275 1.1999999999999993
    endloop
  endfacet
  facet normal -0.8968727415326887 -0.44228869021900075 0
    outer loop
      vertex 5.339625322141366 -3.4451090230706196 2.3999999999999986
      vertex 5.255736835487436 -3.275 1.1999999999999993
      vertex 5.339625322141366 -3.4451090230706196 1.1999999999999993
    endloop
  endfacet
  facet normal -0.9469301294951068 -0.3214394653031581 0
    outer loop
      vertex 5.4005924481191485 -3.624712384601345 2.3999999999999986
      vertex 5.339625322141366 -3.4451090230706196 1.1999999999999993
      vertex 5.4005924481191485 -3.624712384601345 1.1999999999999993
    endloop
  endfacet
  facet normal -0.9807852804032303 -0.19509032201612878 0
    outer loop
      vertex 5.437595048992025 -3.810737021280925 2.3999999999999986
      vertex 5.4005924481191485 -3.624712384601345 1.1999999999999993
      vertex 5.437595048992025 -3.810737021280925 1.1999999999999993
    endloop
  endfacet
  facet normal -0.9978589232386033 -0.06540312923014648 0
    outer loop
      vertex 5.45 -4 2.3999999999999986
      vertex 5.437595048992025 -3.810737021280925 1.1999999999999993
      vertex 5.45 -4 1.1999999999999993
    endloop
  endfacet
  facet normal -0.9978589232386033 0.06540312923014648 0
    outer loop
      vertex 5.437595048992025 -4.189262978719075 2.3999999999999986
      vertex 5.45 -4 1.1999999999999993
      vertex 5.437595048992025 -4.189262978719075 1.1999999999999993
    endloop
  endfacet
  facet normal -0.8968727415326881 0.44228869021900163 0
    outer loop
      vertex 5.255736835487436 -4.725 2.3999999999999986
      vertex 5.339625322141366 -4.55489097692938 1.1999999999999993
      vertex 5.255736835487436 -4.725 1.1999999999999993
    endloop
  endfacet
  facet normal -0.8314696123025453 0.5555702330196021 0
    outer loop
      vertex 5.150362343422291 -4.882704072062645 2.3999999999999986
      vertex 5.255736835487436 -4.725 1.1999999999999993
      vertex 5.150362343422291 -4.882704072062645 1.1999999999999993
    endloop
  endfacet
  facet normal -0.9807852804032303 0.19509032201612878 0
    outer loop
      vertex 5.4005924481191485 -4.375287615398655 2.3999999999999986
      vertex 5.437595048992025 -4.189262978719075 1.1999999999999993
      vertex 5.4005924481191485 -4.375287615398655 1.1999999999999993
    endloop
  endfacet
  facet normal -0.9469301294951068 0.3214394653031581 0
    outer loop
      vertex 5.339625322141366 -4.55489097692938 2.3999999999999986
      vertex 5.4005924481191485 -4.375287615398655 1.1999999999999993
      vertex 5.339625322141366 -4.55489097692938 1.1999999999999993
    endloop
  endfacet
  facet normal 0 0 -1
    outer loop
      vertex 1.422243360428093 -3.660631900227866 1.1999999999999993
      vertex 1.422243360428093 -4.339368099772134 1.1999999999999993
      vertex 1.4 -4 1.1999999999999993
    endloop
  endfacet
  facet normal 0 0 -1
    outer loop
      vertex 1.4885928516484221 -3.327070482733446 1.1999999999999993
      vertex 1.4885928516484221 -4.672929517266554 1.1999999999999993
      vertex 1.422243360428093 -3.660631900227866 1.1999999999999993
    endloop
  endfacet
  facet normal 0 0 -1
    outer loop
      vertex 1.422243360428093 -3.660631900227866 1.1999999999999993
      vertex 1.4885928516484221 -4.672929517266554 1.1999999999999993
      vertex 1.422243360428093 -4.339368099772134 1.1999999999999993
    endloop
  endfacet
  facet normal 0 0 -1
    outer loop
      vertex 1.4885928516484221 -3.327070482733446 1.1999999999999993
      vertex 1.5979132154706543 -4.994976924149233 1.1999999999999993
      vertex 1.4885928516484221 -4.672929517266554 1.1999999999999993
    endloop
  endfacet
  facet normal 0.9469301294951055 -0.32143946530316203 0
    outer loop
      vertex 1.4885928516484221 -3.327070482733446 1.1999999999999993
      vertex 1.4885928516484221 -3.327070482733446 0
      vertex 1.5979132154706543 -3.0050230758507666 1.1999999999999993
    endloop
  endfacet
  facet normal 0.9807852804032307 -0.19509032201612694 3.5581401055935035e-18
    outer loop
      vertex 1.4885928516484221 -3.327070482733446 1.1999999999999993
      vertex 1.422243360428093 -3.660631900227866 1.1999999999999993
      vertex 1.422243360428093 -3.660631900227866 0
    endloop
  endfacet
  facet normal 0.9978589232386035 -0.06540312923014377 -6.991533976156075e-20
    outer loop
      vertex 1.422243360428093 -3.660631900227866 1.1999999999999993
      vertex 1.4 -4 1.1999999999999993
      vertex 1.4 -4 0
    endloop
  endfacet
  facet normal 0.9978589232386035 0.06540312923014377 6.991533976156075e-20
    outer loop
      vertex 1.4 -4 1.1999999999999993
      vertex 1.422243360428093 -4.339368099772134 1.1999999999999993
      vertex 1.422243360428093 -4.339368099772134 0
    endloop
  endfacet
  facet normal 0.9807852804032307 0.19509032201612694 -3.5581401055935035e-18
    outer loop
      vertex 1.422243360428093 -4.339368099772134 1.1999999999999993
      vertex 1.4885928516484221 -4.672929517266554 1.1999999999999993
      vertex 1.4885928516484221 -4.672929517266554 0
    endloop
  endfacet
  facet normal 0.9807852804032307 -0.19509032201612694 0
    outer loop
      vertex 1.4885928516484221 -3.327070482733446 1.1999999999999993
      vertex 1.422243360428093 -3.660631900227866 0
      vertex 1.4885928516484221 -3.327070482733446 0
    endloop
  endfacet
  facet normal 0.9978589232386035 -0.06540312923014377 0
    outer loop
      vertex 1.422243360428093 -3.660631900227866 1.1999999999999993
      vertex 1.4 -4 0
      vertex 1.422243360428093 -3.660631900227866 0
    endloop
  endfacet
  facet normal 0.9978589232386035 0.06540312923014377 0
    outer loop
      vertex 1.4 -4 1.1999999999999993
      vertex 1.422243360428093 -4.339368099772134 0
      vertex 1.4 -4 0
    endloop
  endfacet
  facet normal 0.9807852804032307 0.19509032201612694 0
    outer loop
      vertex 1.422243360428093 -4.339368099772134 1.1999999999999993
      vertex 1.4885928516484221 -4.672929517266554 0
      vertex 1.422243360428093 -4.339368099772134 0
    endloop
  endfacet
  facet normal 0.9469301294951054 0.3214394653031625 0
    outer loop
      vertex 1.4885928516484221 -4.672929517266554 1.1999999999999993
      vertex 1.5979132154706543 -4.994976924149233 0
      vertex 1.4885928516484221 -4.672929517266554 0
    endloop
  endfacet
  facet normal 0 0 -1
    outer loop
      vertex 2.4172202845773265 -1.9372813152427883 1.1999999999999993
      vertex 2.7 -1.7483339501604598 1.1999999999999993
      vertex 2.660374677858634 -3.4451090230706196 1.1999999999999993
    endloop
  endfacet
  facet normal 0 0 -1
    outer loop
      vertex 2.7 -1.7483339501604598 1.1999999999999993
      vertex 2.744263164512564 -3.275 1.1999999999999993
      vertex 2.660374677858634 -3.4451090230706196 1.1999999999999993
    endloop
  endfacet
  facet normal 0 0 -1
    outer loop
      vertex 2.7 -1.7483339501604598 1.1999999999999993
      vertex 2.849637656577709 -3.117295927937355 1.1999999999999993
      vertex 2.744263164512564 -3.275 1.1999999999999993
    endloop
  endfacet
  facet normal 0 0 -1
    outer loop
      vertex 2.7 -1.7483339501604598 1.1999999999999993
      vertex 2.9746951672795063 -2.9746951672795063 1.1999999999999993
      vertex 2.849637656577709 -3.117295927937355 1.1999999999999993
    endloop
  endfacet
  facet normal 0 0 -1
    outer loop
      vertex 2.7 -1.7483339501604598 1.1999999999999993
      vertex 3.0050230758507666 -1.5979132154706543 1.1999999999999993
      vertex 2.9746951672795063 -2.9746951672795063 1.1999999999999993
    endloop
  endfacet
  facet normal 0 0 -1
    outer loop
      vertex 3.0050230758507666 -1.5979132154706543 1.1999999999999993
      vertex 3.117295927937355 -2.849637656577709 1.1999999999999993
      vertex 2.9746951672795063 -2.9746951672795063 1.1999999999999993
    endloop
  endfacet
  facet normal 0 0 -1
    outer loop
      vertex 3.0050230758507666 -1.5979132154706543 1.1999999999999993
      vertex 3.327070482733446 -1.4885928516484221 1.1999999999999993
      vertex 3.275 -2.744263164512564 1.1999999999999993
    endloop
  endfacet
  facet normal 0 0 -1
    outer loop
      vertex 3.0050230758507666 -1.5979132154706543 1.1999999999999993
      vertex 3.275 -2.744263164512564 1.1999999999999993
      vertex 3.117295927937355 -2.849637656577709 1.1999999999999993
    endloop
  endfacet
  facet normal 0 0 -1
    outer loop
      vertex 1.4885928516484221 -3.327070482733446 1.1999999999999993
      vertex 1.5979132154706543 -3.0050230758507666 1.1999999999999993
      vertex 1.5979132154706543 -4.994976924149233 1.1999999999999993
    endloop
  endfacet
  facet normal 0 0 -1
    outer loop
      vertex 1.7483339501604598 -2.7 1.1999999999999993
      vertex 1.7483339501604598 -5.3 1.1999999999999993
      vertex 1.5979132154706543 -3.0050230758507666 1.1999999999999993
    endloop
  endfacet
  facet normal 0 0 -1
    outer loop
      vertex 1.7483339501604598 -2.7 1.1999999999999993
      vertex 1.9372813152427883 -2.4172202845773265 1.1999999999999993
      vertex 1.9372813152427883 -5.5827797154226735 1.1999999999999993
    endloop
  endfacet
  facet normal 0 0 -1
    outer loop
      vertex 1.5979132154706543 -3.0050230758507666 1.1999999999999993
      vertex 1.7483339501604598 -5.3 1.1999999999999993
      vertex 1.5979132154706543 -4.994976924149233 1.1999999999999993
    endloop
  endfacet
  facet normal 0 0 -1
    outer loop
      vertex 1.7483339501604598 -2.7 1.1999999999999993
      vertex 1.9372813152427883 -5.5827797154226735 1.1999999999999993
      vertex 1.7483339501604598 -5.3 1.1999999999999993
    endloop
  endfacet
  facet normal 0 0 -1
    outer loop
      vertex 1.9372813152427883 -2.4172202845773265 1.1999999999999993
      vertex 2.1615223689149765 -2.1615223689149765 1.1999999999999993
      vertex 2.1615223689149765 -5.8384776310850235 1.1999999999999993
    endloop
  endfacet
  facet normal 0 0 -1
    outer loop
      vertex 2.1615223689149765 -2.1615223689149765 1.1999999999999993
      vertex 2.4172202845773265 -1.9372813152427883 1.1999999999999993
      vertex 2.4172202845773265 -6.062718684757211 1.1999999999999993
    endloop
  endfacet
  facet normal 0 0 -1
    outer loop
      vertex 1.9372813152427883 -2.4172202845773265 1.1999999999999993
      vertex 2.1615223689149765 -5.8384776310850235 1.1999999999999993
      vertex 1.9372813152427883 -5.5827797154226735 1.1999999999999993
    endloop
  endfacet
  facet normal 0 0 -1
    outer loop
      vertex 2.1615223689149765 -2.1615223689149765 1.1999999999999993
      vertex 2.4172202845773265 -6.062718684757211 1.1999999999999993
      vertex 2.1615223689149765 -5.8384776310850235 1.1999999999999993
    endloop
  endfacet
  facet normal 0 0 -1
    outer loop
      vertex 2.4172202845773265 -1.9372813152427883 1.1999999999999993
      vertex 2.599407551880851 -3.624712384601345 1.1999999999999993
      vertex 2.562404951007975 -3.810737021280925 1.1999999999999993
    endloop
  endfacet
  facet normal 0 0 -1
    outer loop
      vertex 2.4172202845773265 -1.9372813152427883 1.1999999999999993
      vertex 2.562404951007975 -3.810737021280925 1.1999999999999993
      vertex 2.55 -4 1.1999999999999993
    endloop
  endfacet
  facet normal 0 0 -1
    outer loop
      vertex 2.4172202845773265 -1.9372813152427883 1.1999999999999993
      vertex 2.660374677858634 -3.4451090230706196 1.1999999999999993
      vertex 2.599407551880851 -3.624712384601345 1.1999999999999993
    endloop
  endfacet
  facet normal 0 0 -1
    outer loop
      vertex 2.4172202845773265 -1.9372813152427883 1.1999999999999993
      vertex 2.55 -4 1.1999999999999993
      vertex 2.4172202845773265 -6.062718684757211 1.1999999999999993
    endloop
  endfacet
  facet normal 0 0 -1
    outer loop
      vertex 2.4172202845773265 -6.062718684757211 1.1999999999999993
      vertex 2.55 -4 1.1999999999999993
      vertex 2.562404951007975 -4.189262978719075 1.1999999999999993
    endloop
  endfacet
  facet normal 0 0 -1
    outer loop
      vertex 2.4172202845773265 -6.062718684757211 1.1999999999999993
      vertex 2.562404951007975 -4.189262978719075 1.1999999999999993
      vertex 2.599407551880851 -4.375287615398655 1.1999999999999993
    endloop
  endfacet
  facet normal 0 0 -1
    outer loop
      vertex 2.599407551880851 -4.375287615398655 1.1999999999999993
      vertex 2.660374677858634 -4.55489097692938 1.1999999999999993
      vertex 2.7 -6.251666049839541 1.1999999999999993
    endloop
  endfacet
  facet normal 0 0 -1
    outer loop
      vertex 2.660374677858634 -4.55489097692938 1.1999999999999993
      vertex 2.744263164512564 -4.725 1.1999999999999993
      vertex 2.7 -6.251666049839541 1.1999999999999993
    endloop
  endfacet
  facet normal 0 0 -1
    outer loop
      vertex 2.744263164512564 -4.725 1.1999999999999993
      vertex 2.849637656577709 -4.882704072062645 1.1999999999999993
      vertex 2.7 -6.251666049839541 1.1999999999999993
    endloop
  endfacet
  facet normal 0 0 -1
    outer loop
      vertex 2.849637656577709 -4.882704072062645 1.1999999999999993
      vertex 2.9746951672795063 -5.025304832720494 1.1999999999999993
      vertex 2.7 -6.251666049839541 1.1999999999999993
    endloop
  endfacet
  facet normal 0 0 -1
    outer loop
      vertex 2.4172202845773265 -6.062718684757211 1.1999999999999993
      vertex 2.599407551880851 -4.375287615398655 1.1999999999999993
      vertex 2.7 -6.251666049839541 1.1999999999999993
    endloop
  endfacet
  facet normal 0 0 -1
    outer loop
      vertex 2.9746951672795063 -5.025304832720494 1.1999999999999993
      vertex 3.0050230758507666 -6.402086784529345 1.1999999999999993
      vertex 2.7 -6.251666049839541 1.1999999999999993
    endloop
  endfacet
  facet normal 0 0 -1
    outer loop
      vertex 2.9746951672795063 -5.025304832720494 1.1999999999999993
      vertex 3.117295927937355 -5.150362343422291 1.1999999999999993
      vertex 3.0050230758507666 -6.402086784529345 1.1999999999999993
    endloop
  endfacet
  facet normal 0 0 -1
    outer loop
      vertex 3.117295927937355 -5.150362343422291 1.1999999999999993
      vertex 3.275 -5.255736835487436 1.1999999999999993
      vertex 3.0050230758507666 -6.402086784529345 1.1999999999999993
    endloop
  endfacet
  facet normal 0 0 -1
    outer loop
      vertex 3.275 -5.255736835487436 1.1999999999999993
      vertex 3.327070482733446 -6.511407148351578 1.1999999999999993
      vertex 3.0050230758507666 -6.402086784529345 1.1999999999999993
    endloop
  endfacet
  facet normal 0 0 -1
    outer loop
      vertex 3.275 -2.744263164512564 1.1999999999999993
      vertex 3.327070482733446 -1.4885928516484221 1.1999999999999993
      vertex 3.4451090230706196 -2.660374677858634 1.1999999999999993
    endloop
  endfacet
  facet normal 0 0 -1
    outer loop
      vertex 3.327070482733446 -1.4885928516484221 1.1999999999999993
      vertex 3.660631900227866 -1.422243360428093 1.1999999999999993
      vertex 3.624712384601345 -2.599407551880851 1.1999999999999993
    endloop
  endfacet
  facet normal 0 0 -1
    outer loop
      vertex 3.327070482733446 -1.4885928516484221 1.1999999999999993
      vertex 3.624712384601345 -2.599407551880851 1.1999999999999993
      vertex 3.4451090230706196 -2.660374677858634 1.1999999999999993
    endloop
  endfacet
  facet normal 0 0 -1
    outer loop
      vertex 3.660631900227866 -1.422243360428093 1.1999999999999993
      vertex 3.810737021280925 -2.562404951007975 1.1999999999999993
      vertex 3.624712384601345 -2.599407551880851 1.1999999999999993
    endloop
  endfacet
  facet normal 0 0 -1
    outer loop
      vertex 3.660631900227866 -1.422243360428093 1.1999999999999993
      vertex 4 -2.55 1.1999999999999993
      vertex 3.810737021280925 -2.562404951007975 1.1999999999999993
    endloop
  endfacet
  facet normal 0 0 -1
    outer loop
      vertex 3.660631900227866 -1.422243360428093 1.1999999999999993
      vertex 4 -1.4 1.1999999999999993
      vertex 4 -2.55 1.1999999999999993
    endloop
  endfacet
  facet normal 0 0 -1
    outer loop
      vertex 4 -1.4 1.1999999999999993
      vertex 4.339368099772134 -1.422243360428093 1.1999999999999993
      vertex 4 -2.55 1.1999999999999993
    endloop
  endfacet
  facet normal 0 0 -1
    outer loop
      vertex 4 -2.55 1.1999999999999993
      vertex 4.339368099772134 -1.422243360428093 1.1999999999999993
      vertex 4.189262978719075 -2.562404951007975 1.1999999999999993
    endloop
  endfacet
  facet normal 0 0 -1
    outer loop
      vertex 4.189262978719075 -2.562404951007975 1.1999999999999993
      vertex 4.339368099772134 -1.422243360428093 1.1999999999999993
      vertex 4.375287615398655 -2.599407551880851 1.1999999999999993
    endloop
  endfacet
  facet normal 0 0 -1
    outer loop
      vertex 4.339368099772134 -1.422243360428093 1.1999999999999993
      vertex 4.672929517266554 -1.4885928516484221 1.1999999999999993
      vertex 4.375287615398655 -2.599407551880851 1.1999999999999993
    endloop
  endfacet
  facet normal 0 0 -1
    outer loop
      vertex 4.375287615398655 -2.599407551880851 1.1999999999999993
      vertex 4.672929517266554 -1.4885928516484221 1.1999999999999993
      vertex 4.55489097692938 -2.660374677858634 1.1999999999999993
    endloop
  endfacet
  facet normal 0 0 -1
    outer loop
      vertex 4.55489097692938 -2.660374677858634 1.1999999999999993
      vertex 4.672929517266554 -1.4885928516484221 1.1999999999999993
      vertex 4.725 -2.744263164512564 1.1999999999999993
    endloop
  endfacet
  facet normal 0 0 -1
    outer loop
      vertex 4.672929517266554 -1.4885928516484221 1.1999999999999993
      vertex 4.994976924149233 -1.5979132154706543 1.1999999999999993
      vertex 4.725 -2.744263164512564 1.1999999999999993
    endloop
  endfacet
  facet normal 0 0 -1
    outer loop
      vertex 4.994976924149233 -1.5979132154706543 1.1999999999999993
      vertex 4.882704072062645 -2.849637656577709 1.1999999999999993
      vertex 4.725 -2.744263164512564 1.1999999999999993
    endloop
  endfacet
  facet normal 0 0 -1
    outer loop
      vertex 4.994976924149233 -1.5979132154706543 1.1999999999999993
      vertex 5.025304832720494 -2.9746951672795063 1.1999999999999993
      vertex 4.882704072062645 -2.849637656577709 1.1999999999999993
    endloop
  endfacet
  facet normal 0 0 -1
    outer loop
      vertex 3.275 -5.255736835487436 1.1999999999999993
      vertex 3.4451090230706196 -5.339625322141366 1.1999999999999993
      vertex 3.327070482733446 -6.511407148351578 1.1999999999999993
    endloop
  endfacet
  facet normal 0 0 -1
    outer loop
      vertex 3.4451090230706196 -5.339625322141366 1.1999999999999993
      vertex 3.624712384601345 -5.4005924481191485 1.1999999999999993
      vertex 3.327070482733446 -6.511407148351578 1.1999999999999993
    endloop
  endfacet
  facet normal 0 0 -1
    outer loop
      vertex 3.624712384601345 -5.4005924481191485 1.1999999999999993
      vertex 3.660631900227866 -6.577756639571907 1.1999999999999993
      vertex 3.327070482733446 -6.511407148351578 1.1999999999999993
    endloop
  endfacet
  facet normal 0 0 -1
    outer loop
      vertex 3.624712384601345 -5.4005924481191485 1.1999999999999993
      vertex 3.810737021280925 -5.437595048992025 1.1999999999999993
      vertex 3.660631900227866 -6.577756639571907 1.1999999999999993
    endloop
  endfacet
  facet normal 0 0 -1
    outer loop
      vertex 3.660631900227866 -6.577756639571907 1.1999999999999993
      vertex 3.810737021280925 -5.437595048992025 1.1999999999999993
      vertex 4 -5.45 1.1999999999999993
    endloop
  endfacet
  facet normal 0 0 -1
    outer loop
      vertex 3.660631900227866 -6.577756639571907 1.1999999999999993
      vertex 4 -5.45 1.1999999999999993
      vertex 4 -6.6 1.1999999999999993
    endloop
  endfacet
  facet normal 0 0 -1
    outer loop
      vertex 4 -5.45 1.1999999999999993
      vertex 4.189262978719075 -5.437595048992025 1.1999999999999993
      vertex 4.339368099772134 -6.577756639571907 1.1999999999999993
    endloop
  endfacet
  facet normal 0 0 -1
    outer loop
      vertex 4 -5.45 1.1999999999999993
      vertex 4.339368099772134 -6.577756639571907 1.1999999999999993
      vertex 4 -6.6 1.1999999999999993
    endloop
  endfacet
  facet normal 0 0 -1
    outer loop
      vertex 4.189262978719075 -5.437595048992025 1.1999999999999993
      vertex 4.375287615398655 -5.4005924481191485 1.1999999999999993
      vertex 4.339368099772134 -6.577756639571907 1.1999999999999993
    endloop
  endfacet
  facet normal 0 0 -1
    outer loop
      vertex 4.375287615398655 -5.4005924481191485 1.1999999999999993
      vertex 4.55489097692938 -5.339625322141366 1.1999999999999993
      vertex 4.672929517266554 -6.511407148351578 1.1999999999999993
    endloop
  endfacet
  facet normal 0 0 -1
    outer loop
      vertex 4.55489097692938 -5.339625322141366 1.1999999999999993
      vertex 4.725 -5.255736835487436 1.1999999999999993
      vertex 4.672929517266554 -6.511407148351578 1.1999999999999993
    endloop
  endfacet
  facet normal 0 0 -1
    outer loop
      vertex 4.375287615398655 -5.4005924481191485 1.1999999999999993
      vertex 4.672929517266554 -6.511407148351578 1.1999999999999993
      vertex 4.339368099772134 -6.577756639571907 1.1999999999999993
    endloop
  endfacet
  facet normal 0 0 -1
    outer loop
      vertex 4.725 -5.255736835487436 1.1999999999999993
      vertex 4.882704072062645 -5.150362343422291 1.1999999999999993
      vertex 4.994976924149233 -6.402086784529345 1.1999999999999993
    endloop
  endfacet
  facet normal 0 0 -1
    outer loop
      vertex 4.725 -5.255736835487436 1.1999999999999993
      vertex 4.994976924149233 -6.402086784529345 1.1999999999999993
      vertex 4.672929517266554 -6.511407148351578 1.1999999999999993
    endloop
  endfacet
  facet normal 0 0 -1
    outer loop
      vertex 4.882704072062645 -5.150362343422291 1.1999999999999993
      vertex 5.025304832720494 -5.025304832720494 1.1999999999999993
      vertex 4.994976924149233 -6.402086784529345 1.1999999999999993
    endloop
  endfacet
  facet normal 0.8968727415326877 -0.4422886902190024 -2.168477416330761e-19
    outer loop
      vertex 1.7483339501604598 -2.7 1.1999999999999993
      vertex 1.5979132154706543 -3.0050230758507666 1.1999999999999993
      vertex 1.5979132154706543 -3.0050230758507666 0
    endloop
  endfacet
  facet normal 0.8314696123025459 -0.5555702330196012 0
    outer loop
      vertex 1.7483339501604598 -2.7 1.1999999999999993
      vertex 1.7483339501604598 -2.7 0
      vertex 1.9372813152427883 -2.4172202845773265 1.1999999999999993
    endloop
  endfacet
  facet normal 0.7518398074789772 -0.6593458151000693 0
    outer loop
      vertex 1.9372813152427883 -2.4172202845773265 1.1999999999999993
      vertex 1.9372813152427883 -2.4172202845773265 0
      vertex 2.1615223689149765 -2.1615223689149765 1.1999999999999993
    endloop
  endfacet
  facet normal 0.6593458151000693 -0.7518398074789772 0
    outer loop
      vertex 2.1615223689149765 -2.1615223689149765 1.1999999999999993
      vertex 2.1615223689149765 -2.1615223689149765 0
      vertex 2.4172202845773265 -1.9372813152427883 1.1999999999999993
    endloop
  endfacet
  facet normal 0.4422886902190024 -0.8968727415326877 0
    outer loop
      vertex 2.7 -1.7483339501604598 1.1999999999999993
      vertex 2.7 -1.7483339501604598 0
      vertex 3.0050230758507666 -1.5979132154706543 1.1999999999999993
    endloop
  endfacet
  facet normal 0.5555702330196012 -0.8314696123025459 0
    outer loop
      vertex 2.4172202845773265 -1.9372813152427883 1.1999999999999993
      vertex 2.4172202845773265 -1.9372813152427883 0
      vertex 2.7 -1.7483339501604598 1.1999999999999993
    endloop
  endfacet
  facet normal 0.32143946530316203 -0.9469301294951055 0
    outer loop
      vertex 3.0050230758507666 -1.5979132154706543 1.1999999999999993
      vertex 3.0050230758507666 -1.5979132154706543 0
      vertex 3.327070482733446 -1.4885928516484221 1.1999999999999993
    endloop
  endfacet
  facet normal 0.8968727415326877 -0.4422886902190024 0
    outer loop
      vertex 1.7483339501604598 -2.7 1.1999999999999993
      vertex 1.5979132154706543 -3.0050230758507666 0
      vertex 1.7483339501604598 -2.7 0
    endloop
  endfacet
  facet normal 0.8314696123025459 -0.5555702330196012 0
    outer loop
      vertex 1.9372813152427883 -2.4172202845773265 1.1999999999999993
      vertex 1.7483339501604598 -2.7 0
      vertex 1.9372813152427883 -2.4172202845773265 0
    endloop
  endfacet
  facet normal 0.7518398074789772 -0.6593458151000693 0
    outer loop
      vertex 2.1615223689149765 -2.1615223689149765 1.1999999999999993
      vertex 1.9372813152427883 -2.4172202845773265 0
      vertex 2.1615223689149765 -2.1615223689149765 0
    endloop
  endfacet
  facet normal 0.6593458151000693 -0.7518398074789772 0
    outer loop
      vertex 2.4172202845773265 -1.9372813152427883 1.1999999999999993
      vertex 2.1615223689149765 -2.1615223689149765 0
      vertex 2.4172202845773265 -1.9372813152427883 0
    endloop
  endfacet
  facet normal 0.5555702330196012 -0.8314696123025459 0
    outer loop
      vertex 2.7 -1.7483339501604598 1.1999999999999993
      vertex 2.4172202845773265 -1.9372813152427883 0
      vertex 2.7 -1.7483339501604598 0
    endloop
  endfacet
  facet normal 0.4422886902190024 -0.8968727415326877 0
    outer loop
      vertex 3.0050230758507666 -1.5979132154706543 1.1999999999999993
      vertex 2.7 -1.7483339501604598 0
      vertex 3.0050230758507666 -1.5979132154706543 0
    endloop
  endfacet
  facet normal 0.32143946530316203 -0.9469301294951055 0
    outer loop
      vertex 3.327070482733446 -1.4885928516484221 1.1999999999999993
      vertex 3.0050230758507666 -1.5979132154706543 0
      vertex 3.327070482733446 -1.4885928516484221 0
    endloop
  endfacet
  facet normal 0.9469301294951054 0.3214394653031625 -7.839471556236718e-18
    outer loop
      vertex 1.4885928516484221 -4.672929517266554 1.1999999999999993
      vertex 1.5979132154706543 -4.994976924149233 1.1999999999999993
      vertex 1.5979132154706543 -4.994976924149233 0
    endloop
  endfacet
  facet normal 0.896872741532688 0.44228869021900186 6.559938504365369e-18
    outer loop
      vertex 1.5979132154706543 -4.994976924149233 1.1999999999999993
      vertex 1.7483339501604598 -5.3 1.1999999999999993
      vertex 1.7483339501604598 -5.3 0
    endloop
  endfacet
  facet normal 0.8314696123025459 0.5555702330196012 -5.809967980967268e-18
    outer loop
      vertex 1.7483339501604598 -5.3 1.1999999999999993
      vertex 1.9372813152427883 -5.5827797154226735 1.1999999999999993
      vertex 1.9372813152427883 -5.5827797154226735 0
    endloop
  endfacet
  facet normal 0.7518398074789772 0.6593458151000693 -2.8017687458689706e-18
    outer loop
      vertex 1.9372813152427883 -5.5827797154226735 1.1999999999999993
      vertex 2.1615223689149765 -5.8384776310850235 1.1999999999999993
      vertex 2.1615223689149765 -5.8384776310850235 0
    endloop
  endfacet
  facet normal 0.6593458151000685 0.7518398074789776 3.3983944447602227e-18
    outer loop
      vertex 2.1615223689149765 -5.8384776310850235 1.1999999999999993
      vertex 2.4172202845773265 -6.062718684757211 1.1999999999999993
      vertex 2.4172202845773265 -6.062718684757211 0
    endloop
  endfacet
  facet normal 0.5555702330196031 0.8314696123025447 7.863203746859097e-18
    outer loop
      vertex 2.4172202845773265 -6.062718684757211 1.1999999999999993
      vertex 2.7 -6.251666049839541 1.1999999999999993
      vertex 2.7 -6.251666049839541 0
    endloop
  endfacet
  facet normal 0.4422886902190003 0.8968727415326888 9.471586696567678e-19
    outer loop
      vertex 2.7 -6.251666049839541 1.1999999999999993
      vertex 3.0050230758507666 -6.402086784529345 1.1999999999999993
      vertex 3.0050230758507666 -6.402086784529345 0
    endloop
  endfacet
  facet normal 0.3214394653031644 0.9469301294951047 5.446595836047881e-18
    outer loop
      vertex 3.0050230758507666 -6.402086784529345 1.1999999999999993
      vertex 3.327070482733446 -6.511407148351578 1.1999999999999993
      vertex 3.327070482733446 -6.511407148351578 0
    endloop
  endfacet
  facet normal 0.9469301294951055 -0.32143946530316203 0
    outer loop
      vertex 1.5979132154706543 -3.0050230758507666 1.1999999999999993
      vertex 1.4885928516484221 -3.327070482733446 0
      vertex 1.5979132154706543 -3.0050230758507666 0
    endloop
  endfacet
  facet normal 0.896872741532688 0.44228869021900186 0
    outer loop
      vertex 1.5979132154706543 -4.994976924149233 1.1999999999999993
      vertex 1.7483339501604598 -5.3 0
      vertex 1.5979132154706543 -4.994976924149233 0
    endloop
  endfacet
  facet normal 0.8314696123025459 0.5555702330196012 0
    outer loop
      vertex 1.7483339501604598 -5.3 1.1999999999999993
      vertex 1.9372813152427883 -5.5827797154226735 0
      vertex 1.7483339501604598 -5.3 0
    endloop
  endfacet
  facet normal 0.7518398074789772 0.6593458151000693 0
    outer loop
      vertex 1.9372813152427883 -5.5827797154226735 1.1999999999999993
      vertex 2.1615223689149765 -5.8384776310850235 0
      vertex 1.9372813152427883 -5.5827797154226735 0
    endloop
  endfacet
  facet normal 0.6593458151000685 0.7518398074789776 0
    outer loop
      vertex 2.1615223689149765 -5.8384776310850235 1.1999999999999993
      vertex 2.4172202845773265 -6.062718684757211 0
      vertex 2.1615223689149765 -5.8384776310850235 0
    endloop
  endfacet
  facet normal 0.5555702330196031 0.8314696123025447 0
    outer loop
      vertex 2.4172202845773265 -6.062718684757211 1.1999999999999993
      vertex 2.7 -6.251666049839541 0
      vertex 2.4172202845773265 -6.062718684757211 0
    endloop
  endfacet
  facet normal 0.4422886902190003 0.8968727415326888 0
    outer loop
      vertex 2.7 -6.251666049839541 1.1999999999999993
      vertex 3.0050230758507666 -6.402086784529345 0
      vertex 2.7 -6.251666049839541 0
    endloop
  endfacet
  facet normal 0.3214394653031644 0.9469301294951047 0
    outer loop
      vertex 3.0050230758507666 -6.402086784529345 1.1999999999999993
      vertex 3.327070482733446 -6.511407148351578 0
      vertex 3.0050230758507666 -6.402086784529345 0
    endloop
  endfacet
  facet normal 0.19509032201612694 -0.9807852804032307 0
    outer loop
      vertex 3.327070482733446 -1.4885928516484221 1.1999999999999993
      vertex 3.327070482733446 -1.4885928516484221 0
      vertex 3.660631900227866 -1.422243360428093 1.1999999999999993
    endloop
  endfacet
  facet normal 0.06540312923014377 -0.9978589232386035 0
    outer loop
      vertex 3.660631900227866 -1.422243360428093 1.1999999999999993
      vertex 3.660631900227866 -1.422243360428093 0
      vertex 4 -1.4 1.1999999999999993
    endloop
  endfacet
  facet normal -0.06540312923014377 -0.9978589232386035 0
    outer loop
      vertex 4 -1.4 1.1999999999999993
      vertex 4 -1.4 0
      vertex 4.339368099772134 -1.422243360428093 1.1999999999999993
    endloop
  endfacet
  facet normal -0.19509032201612694 -0.9807852804032307 0
    outer loop
      vertex 4.339368099772134 -1.422243360428093 1.1999999999999993
      vertex 4.339368099772134 -1.422243360428093 0
      vertex 4.672929517266554 -1.4885928516484221 1.1999999999999993
    endloop
  endfacet
  facet normal -0.3214394653031625 -0.9469301294951054 0
    outer loop
      vertex 4.672929517266554 -1.4885928516484221 1.1999999999999993
      vertex 4.672929517266554 -1.4885928516484221 0
      vertex 4.994976924149233 -1.5979132154706543 1.1999999999999993
    endloop
  endfacet
  facet normal -0.44228869021900186 -0.896872741532688 0
    outer loop
      vertex 4.994976924149233 -1.5979132154706543 1.1999999999999993
      vertex 4.994976924149233 -1.5979132154706543 0
      vertex 5.3 -1.7483339501604598 1.1999999999999993
    endloop
  endfacet
  facet normal 0.19509032201612694 -0.9807852804032307 0
    outer loop
      vertex 3.660631900227866 -1.422243360428093 1.1999999999999993
      vertex 3.327070482733446 -1.4885928516484221 0
      vertex 3.660631900227866 -1.422243360428093 0
    endloop
  endfacet
  facet normal 0.06540312923014377 -0.9978589232386035 0
    outer loop
      vertex 4 -1.4 1.1999999999999993
      vertex 3.660631900227866 -1.422243360428093 0
      vertex 4 -1.4 0
    endloop
  endfacet
  facet normal -0.06540312923014377 -0.9978589232386035 0
    outer loop
      vertex 4.339368099772134 -1.422243360428093 1.1999999999999993
      vertex 4 -1.4 0
      vertex 4.339368099772134 -1.422243360428093 0
    endloop
  endfacet
  facet normal -0.19509032201612694 -0.9807852804032307 0
    outer loop
      vertex 4.672929517266554 -1.4885928516484221 1.1999999999999993
      vertex 4.339368099772134 -1.422243360428093 0
      vertex 4.672929517266554 -1.4885928516484221 0
    endloop
  endfacet
  facet normal -0.3214394653031625 -0.9469301294951054 0
    outer loop
      vertex 4.994976924149233 -1.5979132154706543 1.1999999999999993
      vertex 4.672929517266554 -1.4885928516484221 0
      vertex 4.994976924149233 -1.5979132154706543 0
    endloop
  endfacet
  facet normal 0.19509032201612694 0.9807852804032307 -3.5581401055935035e-18
    outer loop
      vertex 3.327070482733446 -6.511407148351578 1.1999999999999993
      vertex 3.660631900227866 -6.577756639571907 1.1999999999999993
      vertex 3.660631900227866 -6.577756639571907 0
    endloop
  endfacet
  facet normal 0.06540312923014117 0.9978589232386036 -9.65238288052173e-19
    outer loop
      vertex 3.660631900227866 -6.577756639571907 1.1999999999999993
      vertex 4 -6.6 1.1999999999999993
      vertex 4 -6.6 0
    endloop
  endfacet
  facet normal -0.06540312923014117 0.9978589232386036 9.65238288052173e-19
    outer loop
      vertex 4 -6.6 1.1999999999999993
      vertex 4.339368099772134 -6.577756639571907 1.1999999999999993
      vertex 4.339368099772134 -6.577756639571907 0
    endloop
  endfacet
  facet normal -0.19509032201612694 0.9807852804032307 3.5581401055935035e-18
    outer loop
      vertex 4.339368099772134 -6.577756639571907 1.1999999999999993
      vertex 4.672929517266554 -6.511407148351578 1.1999999999999993
      vertex 4.672929517266554 -6.511407148351578 0
    endloop
  endfacet
  facet normal -0.32143946530316486 0.9469301294951046 -5.3871437068236114e-18
    outer loop
      vertex 4.672929517266554 -6.511407148351578 1.1999999999999993
      vertex 4.994976924149233 -6.402086784529345 1.1999999999999993
      vertex 4.994976924149233 -6.402086784529345 0
    endloop
  endfacet
  facet normal 0.19509032201612694 0.9807852804032307 0
    outer loop
      vertex 3.327070482733446 -6.511407148351578 1.1999999999999993
      vertex 3.660631900227866 -6.577756639571907 0
      vertex 3.327070482733446 -6.511407148351578 0
    endloop
  endfacet
  facet normal 0.06540312923014117 0.9978589232386036 0
    outer loop
      vertex 3.660631900227866 -6.577756639571907 1.1999999999999993
      vertex 4 -6.6 0
      vertex 3.660631900227866 -6.577756639571907 0
    endloop
  endfacet
  facet normal -0.06540312923014117 0.9978589232386036 0
    outer loop
      vertex 4 -6.6 1.1999999999999993
      vertex 4.339368099772134 -6.577756639571907 0
      vertex 4 -6.6 0
    endloop
  endfacet
  facet normal -0.19509032201612694 0.9807852804032307 0
    outer loop
      vertex 4.339368099772134 -6.577756639571907 1.1999999999999993
      vertex 4.672929517266554 -6.511407148351578 0
      vertex 4.339368099772134 -6.577756639571907 0
    endloop
  endfacet
  facet normal -0.32143946530316486 0.9469301294951046 0
    outer loop
      vertex 4.672929517266554 -6.511407148351578 1.1999999999999993
      vertex 4.994976924149233 -6.402086784529345 0
      vertex 4.672929517266554 -6.511407148351578 0
    endloop
  endfacet
  facet normal -0.44228869021899975 0.8968727415326891 0
    outer loop
      vertex 4.994976924149233 -6.402086784529345 1.1999999999999993
      vertex 5.3 -6.251666049839541 0
      vertex 4.994976924149233 -6.402086784529345 0
    endloop
  endfacet
  facet normal 0 0 -1
    outer loop
      vertex 4.994976924149233 -1.5979132154706543 1.1999999999999993
      vertex 5.3 -1.7483339501604598 1.1999999999999993
      vertex 5.025304832720494 -2.9746951672795063 1.1999999999999993
    endloop
  endfacet
  facet normal 0 0 -1
    outer loop
      vertex 5.025304832720494 -2.9746951672795063 1.1999999999999993
      vertex 5.3 -1.7483339501604598 1.1999999999999993
      vertex 5.150362343422291 -3.117295927937355 1.1999999999999993
    endloop
  endfacet
  facet normal 0 0 -1
    outer loop
      vertex 5.3 -1.7483339501604598 1.1999999999999993
      vertex 5.255736835487436 -3.275 1.1999999999999993
      vertex 5.150362343422291 -3.117295927937355 1.1999999999999993
    endloop
  endfacet
  facet normal 0 0 -1
    outer loop
      vertex 5.3 -1.7483339501604598 1.1999999999999993
      vertex 5.339625322141366 -3.4451090230706196 1.1999999999999993
      vertex 5.255736835487436 -3.275 1.1999999999999993
    endloop
  endfacet
  facet normal 0 0 -1
    outer loop
      vertex 5.3 -1.7483339501604598 1.1999999999999993
      vertex 5.5827797154226735 -1.9372813152427883 1.1999999999999993
      vertex 5.4005924481191485 -3.624712384601345 1.1999999999999993
    endloop
  endfacet
  facet normal 0 0 -1
    outer loop
      vertex 5.3 -1.7483339501604598 1.1999999999999993
      vertex 5.4005924481191485 -3.624712384601345 1.1999999999999993
      vertex 5.339625322141366 -3.4451090230706196 1.1999999999999993
    endloop
  endfacet
  facet normal 0 0 -1
    outer loop
      vertex 5.5827797154226735 -1.9372813152427883 1.1999999999999993
      vertex 5.437595048992025 -3.810737021280925 1.1999999999999993
      vertex 5.4005924481191485 -3.624712384601345 1.1999999999999993
    endloop
  endfacet
  facet normal 0 0 -1
    outer loop
      vertex 5.5827797154226735 -1.9372813152427883 1.1999999999999993
      vertex 5.45 -4 1.1999999999999993
      vertex 5.437595048992025 -3.810737021280925 1.1999999999999993
    endloop
  endfacet
  facet normal 0 0 -1
    outer loop
      vertex 5.5827797154226735 -1.9372813152427883 1.1999999999999993
      vertex 5.5827797154226735 -6.062718684757211 1.1999999999999993
      vertex 5.45 -4 1.1999999999999993
    endloop
  endfacet
  facet normal 0 0 -1
    outer loop
      vertex 5.025304832720494 -5.025304832720494 1.1999999999999993
      vertex 5.150362343422291 -4.882704072062645 1.1999999999999993
      vertex 5.3 -6.251666049839541 1.1999999999999993
    endloop
  endfacet
  facet normal 0 0 -1
    outer loop
      vertex 5.255736835487436 -4.725 1.1999999999999993
      vertex 5.3 -6.251666049839541 1.1999999999999993
      vertex 5.150362343422291 -4.882704072062645 1.1999999999999993
    endloop
  endfacet
  facet normal 0 0 -1
    outer loop
      vertex 5.255736835487436 -4.725 1.1999999999999993
      vertex 5.339625322141366 -4.55489097692938 1.1999999999999993
      vertex 5.3 -6.251666049839541 1.1999999999999993
    endloop
  endfacet
  facet normal 0 0 -1
    outer loop
      vertex 5.45 -4 1.1999999999999993
      vertex 5.5827797154226735 -6.062718684757211 1.1999999999999993
      vertex 5.437595048992025 -4.189262978719075 1.1999999999999993
    endloop
  endfacet
  facet normal 0 0 -1
    outer loop
      vertex 5.4005924481191485 -4.375287615398655 1.1999999999999993
      vertex 5.437595048992025 -4.189262978719075 1.1999999999999993
      vertex 5.5827797154226735 -6.062718684757211 1.1999999999999993
    endloop
  endfacet
  facet normal 0 0 -1
    outer loop
      vertex 5.4005924481191485 -4.375287615398655 1.1999999999999993
      vertex 5.5827797154226735 -6.062718684757211 1.1999999999999993
      vertex 5.339625322141366 -4.55489097692938 1.1999999999999993
    endloop
  endfacet
  facet normal 0 0 -1
    outer loop
      vertex 5.5827797154226735 -1.9372813152427883 1.1999999999999993
      vertex 5.8384776310850235 -2.1615223689149765 1.1999999999999993
      vertex 5.8384776310850235 -5.8384776310850235 1.1999999999999993
    endloop
  endfacet
  facet normal 0 0 -1
    outer loop
      vertex 5.5827797154226735 -1.9372813152427883 1.1999999999999993
      vertex 5.8384776310850235 -5.8384776310850235 1.1999999999999993
      vertex 5.5827797154226735 -6.062718684757211 1.1999999999999993
    endloop
  endfacet
  facet normal 0 0 -1
    outer loop
      vertex 5.8384776310850235 -2.1615223689149765 1.1999999999999993
      vertex 6.062718684757211 -5.5827797154226735 1.1999999999999993
      vertex 5.8384776310850235 -5.8384776310850235 1.1999999999999993
    endloop
  endfacet
  facet normal 0 0 -1
    outer loop
      vertex 5.025304832720494 -5.025304832720494 1.1999999999999993
      vertex 5.3 -6.251666049839541 1.1999999999999993
      vertex 4.994976924149233 -6.402086784529345 1.1999999999999993
    endloop
  endfacet
  facet normal 0 0 -1
    outer loop
      vertex 5.339625322141366 -4.55489097692938 1.1999999999999993
      vertex 5.5827797154226735 -6.062718684757211 1.1999999999999993
      vertex 5.3 -6.251666049839541 1.1999999999999993
    endloop
  endfacet
  facet normal 0 0 -1
    outer loop
      vertex 5.8384776310850235 -2.1615223689149765 1.1999999999999993
      vertex 6.062718684757211 -2.4172202845773265 1.1999999999999993
      vertex 6.062718684757211 -5.5827797154226735 1.1999999999999993
    endloop
  endfacet
  facet normal 0 0 -1
    outer loop
      vertex 6.062718684757211 -2.4172202845773265 1.1999999999999993
      vertex 6.251666049839541 -2.7 1.1999999999999993
      vertex 6.251666049839541 -5.3 1.1999999999999993
    endloop
  endfacet
  facet normal 0 0 -1
    outer loop
      vertex 6.251666049839541 -2.7 1.1999999999999993
      vertex 6.402086784529345 -3.0050230758507666 1.1999999999999993
      vertex 6.402086784529345 -4.994976924149233 1.1999999999999993
    endloop
  endfacet
  facet normal 0 0 -1
    outer loop
      vertex 6.062718684757211 -2.4172202845773265 1.1999999999999993
      vertex 6.251666049839541 -5.3 1.1999999999999993
      vertex 6.062718684757211 -5.5827797154226735 1.1999999999999993
    endloop
  endfacet
  facet normal 0 0 -1
    outer loop
      vertex 6.251666049839541 -2.7 1.1999999999999993
      vertex 6.402086784529345 -4.994976924149233 1.1999999999999993
      vertex 6.251666049839541 -5.3 1.1999999999999993
    endloop
  endfacet
  facet normal 0 0 -1
    outer loop
      vertex 6.402086784529345 -3.0050230758507666 1.1999999999999993
      vertex 6.511407148351578 -3.327070482733446 1.1999999999999993
      vertex 6.511407148351578 -4.672929517266554 1.1999999999999993
    endloop
  endfacet
  facet normal 0 0 -1
    outer loop
      vertex 6.511407148351578 -3.327070482733446 1.1999999999999993
      vertex 6.577756639571907 -4.339368099772134 1.1999999999999993
      vertex 6.511407148351578 -4.672929517266554 1.1999999999999993
    endloop
  endfacet
  facet normal 0 0 -1
    outer loop
      vertex 6.511407148351578 -3.327070482733446 1.1999999999999993
      vertex 6.577756639571907 -3.660631900227866 1.1999999999999993
      vertex 6.577756639571907 -4.339368099772134 1.1999999999999993
    endloop
  endfacet
  facet normal 0 0 -1
    outer loop
      vertex 6.577756639571907 -3.660631900227866 1.1999999999999993
      vertex 6.6 -4 1.1999999999999993
      vertex 6.577756639571907 -4.339368099772134 1.1999999999999993
    endloop
  endfacet
  facet normal 0 0 -1
    outer loop
      vertex 6.402086784529345 -3.0050230758507666 1.1999999999999993
      vertex 6.511407148351578 -4.672929517266554 1.1999999999999993
      vertex 6.402086784529345 -4.994976924149233 1.1999999999999993
    endloop
  endfacet
  facet normal -0.5555702330196012 -0.8314696123025459 0
    outer loop
      vertex 5.3 -1.7483339501604598 1.1999999999999993
      vertex 5.3 -1.7483339501604598 0
      vertex 5.5827797154226735 -1.9372813152427883 1.1999999999999993
    endloop
  endfacet
  facet normal -0.6593458151000693 -0.7518398074789772 0
    outer loop
      vertex 5.5827797154226735 -1.9372813152427883 1.1999999999999993
      vertex 5.5827797154226735 -1.9372813152427883 0
      vertex 5.8384776310850235 -2.1615223689149765 1.1999999999999993
    endloop
  endfacet
  facet normal -0.7518398074789776 -0.6593458151000685 0
    outer loop
      vertex 5.8384776310850235 -2.1615223689149765 1.1999999999999993
      vertex 5.8384776310850235 -2.1615223689149765 0
      vertex 6.062718684757211 -2.4172202845773265 1.1999999999999993
    endloop
  endfacet
  facet normal -0.8314696123025447 -0.5555702330196031 0
    outer loop
      vertex 6.062718684757211 -2.4172202845773265 1.1999999999999993
      vertex 6.062718684757211 -2.4172202845773265 0
      vertex 6.251666049839541 -2.7 1.1999999999999993
    endloop
  endfacet
  facet normal -0.8968727415326888 -0.4422886902190003 0
    outer loop
      vertex 6.251666049839541 -2.7 1.1999999999999993
      vertex 6.251666049839541 -2.7 0
      vertex 6.402086784529345 -3.0050230758507666 1.1999999999999993
    endloop
  endfacet
  facet normal -0.44228869021900186 -0.896872741532688 6.559938504365369e-18
    outer loop
      vertex 4.994976924149233 -1.5979132154706543 0
      vertex 5.3 -1.7483339501604598 0
      vertex 5.3 -1.7483339501604598 1.1999999999999993
    endloop
  endfacet
  facet normal -0.5555702330196012 -0.8314696123025459 0
    outer loop
      vertex 5.5827797154226735 -1.9372813152427883 1.1999999999999993
      vertex 5.3 -1.7483339501604598 0
      vertex 5.5827797154226735 -1.9372813152427883 0
    endloop
  endfacet
  facet normal -0.6593458151000693 -0.7518398074789772 0
    outer loop
      vertex 5.8384776310850235 -2.1615223689149765 1.1999999999999993
      vertex 5.5827797154226735 -1.9372813152427883 0
      vertex 5.8384776310850235 -2.1615223689149765 0
    endloop
  endfacet
  facet normal -0.7518398074789776 -0.6593458151000685 0
    outer loop
      vertex 6.062718684757211 -2.4172202845773265 1.1999999999999993
      vertex 5.8384776310850235 -2.1615223689149765 0
      vertex 6.062718684757211 -2.4172202845773265 0
    endloop
  endfacet
  facet normal -0.8314696123025447 -0.5555702330196031 0
    outer loop
      vertex 6.251666049839541 -2.7 1.1999999999999993
      vertex 6.062718684757211 -2.4172202845773265 0
      vertex 6.251666049839541 -2.7 0
    endloop
  endfacet
  facet normal -0.8968727415326888 -0.4422886902190003 0
    outer loop
      vertex 6.402086784529345 -3.0050230758507666 1.1999999999999993
      vertex 6.251666049839541 -2.7 0
      vertex 6.402086784529345 -3.0050230758507666 0
    endloop
  endfacet
  facet normal -0.44228869021899975 0.8968727415326891 -7.290249432390033e-18
    outer loop
      vertex 4.994976924149233 -6.402086784529345 1.1999999999999993
      vertex 5.3 -6.251666049839541 1.1999999999999993
      vertex 5.3 -6.251666049839541 0
    endloop
  endfacet
  facet normal -0.5555702330196031 0.8314696123025447 -7.863203746859097e-18
    outer loop
      vertex 5.3 -6.251666049839541 1.1999999999999993
      vertex 5.5827797154226735 -6.062718684757211 1.1999999999999993
      vertex 5.5827797154226735 -6.062718684757211 0
    endloop
  endfacet
  facet normal -0.6593458151000685 0.7518398074789776 -3.3983944447602227e-18
    outer loop
      vertex 5.5827797154226735 -6.062718684757211 1.1999999999999993
      vertex 5.8384776310850235 -5.8384776310850235 1.1999999999999993
      vertex 5.8384776310850235 -5.8384776310850235 0
    endloop
  endfacet
  facet normal -0.8314696123025447 0.5555702330196031 0
    outer loop
      vertex 6.251666049839541 -5.3 1.1999999999999993
      vertex 6.251666049839541 -5.3 0
      vertex 6.062718684757211 -5.5827797154226735 1.1999999999999993
    endloop
  endfacet
  facet normal -0.8968727415326891 0.44228869021899975 -7.290249432390033e-18
    outer loop
      vertex 6.251666049839541 -5.3 1.1999999999999993
      vertex 6.402086784529345 -4.994976924149233 1.1999999999999993
      vertex 6.402086784529345 -4.994976924149233 0
    endloop
  endfacet
  facet normal -0.9469301294951047 -0.3214394653031644 0
    outer loop
      vertex 6.402086784529345 -3.0050230758507666 1.1999999999999993
      vertex 6.402086784529345 -3.0050230758507666 0
      vertex 6.511407148351578 -3.327070482733446 1.1999999999999993
    endloop
  endfacet
  facet normal -0.9807852804032307 -0.19509032201612694 0
    outer loop
      vertex 6.511407148351578 -3.327070482733446 1.1999999999999993
      vertex 6.511407148351578 -3.327070482733446 0
      vertex 6.577756639571907 -3.660631900227866 1.1999999999999993
    endloop
  endfacet
  facet normal -0.9978589232386036 -0.06540312923014117 0
    outer loop
      vertex 6.577756639571907 -3.660631900227866 1.1999999999999993
      vertex 6.577756639571907 -3.660631900227866 0
      vertex 6.6 -4 1.1999999999999993
    endloop
  endfacet
  facet normal -0.9978589232386036 0.06540312923014117 0
    outer loop
      vertex 6.6 -4 1.1999999999999993
      vertex 6.6 -4 0
      vertex 6.577756639571907 -4.339368099772134 1.1999999999999993
    endloop
  endfacet
  facet normal -0.9469301294951046 0.32143946530316486 -5.3871437068236114e-18
    outer loop
      vertex 6.402086784529345 -4.994976924149233 1.1999999999999993
      vertex 6.511407148351578 -4.672929517266554 1.1999999999999993
      vertex 6.511407148351578 -4.672929517266554 0
    endloop
  endfacet
  facet normal -0.9807852804032307 0.19509032201612694 3.5581401055935035e-18
    outer loop
      vertex 6.511407148351578 -4.672929517266554 1.1999999999999993
      vertex 6.577756639571907 -4.339368099772134 1.1999999999999993
      vertex 6.577756639571907 -4.339368099772134 0
    endloop
  endfacet
  facet normal -0.7518398074789776 0.6593458151000685 -3.3983944447602227e-18
    outer loop
      vertex 5.8384776310850235 -5.8384776310850235 1.1999999999999993
      vertex 6.062718684757211 -5.5827797154226735 1.1999999999999993
      vertex 6.062718684757211 -5.5827797154226735 0
    endloop
  endfacet
  facet normal -0.5555702330196031 0.8314696123025447 0
    outer loop
      vertex 5.3 -6.251666049839541 1.1999999999999993
      vertex 5.5827797154226735 -6.062718684757211 0
      vertex 5.3 -6.251666049839541 0
    endloop
  endfacet
  facet normal -0.6593458151000685 0.7518398074789776 0
    outer loop
      vertex 5.5827797154226735 -6.062718684757211 1.1999999999999993
      vertex 5.8384776310850235 -5.8384776310850235 0
      vertex 5.5827797154226735 -6.062718684757211 0
    endloop
  endfacet
  facet normal -0.7518398074789776 0.6593458151000685 0
    outer loop
      vertex 5.8384776310850235 -5.8384776310850235 1.1999999999999993
      vertex 6.062718684757211 -5.5827797154226735 0
      vertex 5.8384776310850235 -5.8384776310850235 0
    endloop
  endfacet
  facet normal -0.8968727415326891 0.44228869021899975 0
    outer loop
      vertex 6.251666049839541 -5.3 1.1999999999999993
      vertex 6.402086784529345 -4.994976924149233 0
      vertex 6.251666049839541 -5.3 0
    endloop
  endfacet
  facet normal -0.9469301294951047 -0.3214394653031644 0
    outer loop
      vertex 6.511407148351578 -3.327070482733446 1.1999999999999993
      vertex 6.402086784529345 -3.0050230758507666 0
      vertex 6.511407148351578 -3.327070482733446 0
    endloop
  endfacet
  facet normal -0.9807852804032307 -0.19509032201612694 0
    outer loop
      vertex 6.577756639571907 -3.660631900227866 1.1999999999999993
      vertex 6.511407148351578 -3.327070482733446 0
      vertex 6.577756639571907 -3.660631900227866 0
    endloop
  endfacet
  facet normal -0.9978589232386036 -0.06540312923014117 0
    outer loop
      vertex 6.6 -4 1.1999999999999993
      vertex 6.577756639571907 -3.660631900227866 0
      vertex 6.6 -4 0
    endloop
  endfacet
  facet normal -0.9807852804032307 0.19509032201612694 0
    outer loop
      vertex 6.511407148351578 -4.672929517266554 1.1999999999999993
      vertex 6.577756639571907 -4.339368099772134 0
      vertex 6.511407148351578 -4.672929517266554 0
    endloop
  endfacet
  facet normal -0.9978589232386036 0.06540312923014117 0
    outer loop
      vertex 6.577756639571907 -4.339368099772134 1.1999999999999993
      vertex 6.6 -4 0
      vertex 6.577756639571907 -4.339368099772134 0
    endloop
  endfacet
  facet normal -0.9469301294951046 0.32143946530316486 0
    outer loop
      vertex 6.402086784529345 -4.994976924149233 1.1999999999999993
      vertex 6.511407148351578 -4.672929517266554 0
      vertex 6.402086784529345 -4.994976924149233 0
    endloop
  endfacet
  facet normal -0.8314696123025447 0.5555702330196031 0
    outer loop
      vertex 6.062718684757211 -5.5827797154226735 1.1999999999999993
      vertex 6.251666049839541 -5.3 0
      vertex 6.062718684757211 -5.5827797154226735 0
    endloop
  endfacet
  facet normal 0.9978589232386018 -0.06540312923016979 4.840393878659727e-19
    outer loop
      vertex 47.362404951007974 -3.810737021280925 2.3999999999999986
      vertex 47.349999999999994 -4 2.3999999999999986
      vertex 47.349999999999994 -4 1.1999999999999993
    endloop
  endfacet
  facet normal 0.9978589232386018 0.06540312923016979 -4.840393878659727e-19
    outer loop
      vertex 47.349999999999994 -4 2.3999999999999986
      vertex 47.362404951007974 -4.189262978719075 2.3999999999999986
      vertex 47.362404951007974 -4.189262978719075 1.1999999999999993
    endloop
  endfacet
  facet normal 0.9469301294951068 -0.3214394653031581 -3.125095772292463e-18
    outer loop
      vertex 47.46037467785863 -3.4451090230706196 2.3999999999999986
      vertex 47.39940755188085 -3.624712384601345 2.3999999999999986
      vertex 47.39940755188085 -3.624712384601345 1.1999999999999993
    endloop
  endfacet
  facet normal 0.9807852804032321 -0.19509032201611975 0
    outer loop
      vertex 47.362404951007974 -3.810737021280925 2.3999999999999986
      vertex 47.362404951007974 -3.810737021280925 1.1999999999999993
      vertex 47.39940755188085 -3.624712384601345 2.3999999999999986
    endloop
  endfacet
  facet normal 0.8314696123025446 -0.5555702330196032 0
    outer loop
      vertex 47.544263164512564 -3.275 2.3999999999999986
      vertex 47.544263164512564 -3.275 1.1999999999999993
      vertex 47.64963765657771 -3.117295927937355 2.3999999999999986
    endloop
  endfacet
  facet normal 0.8968727415326813 -0.4422886902190158 0
    outer loop
      vertex 47.46037467785863 -3.4451090230706196 2.3999999999999986
      vertex 47.46037467785863 -3.4451090230706196 1.1999999999999993
      vertex 47.544263164512564 -3.275 2.3999999999999986
    endloop
  endfacet
  facet normal 0.7518398074789852 -0.6593458151000601 0
    outer loop
      vertex 47.64963765657771 -3.117295927937355 2.3999999999999986
      vertex 47.64963765657771 -3.117295927937355 1.1999999999999993
      vertex 47.7746951672795 -2.9746951672795063 2.3999999999999986
    endloop
  endfacet
  facet normal 0.9807852804032321 0.19509032201611975 -5.967542179580572e-19
    outer loop
      vertex 47.362404951007974 -4.189262978719075 2.3999999999999986
      vertex 47.39940755188085 -4.375287615398655 2.3999999999999986
      vertex 47.39940755188085 -4.375287615398655 1.1999999999999993
    endloop
  endfacet
  facet normal 0.9469301294951068 0.3214394653031581 3.125095772292463e-18
    outer loop
      vertex 47.39940755188085 -4.375287615398655 2.3999999999999986
      vertex 47.46037467785863 -4.55489097692938 2.3999999999999986
      vertex 47.46037467785863 -4.55489097692938 1.1999999999999993
    endloop
  endfacet
  facet normal 0.8968727415326807 0.4422886902190167 -1.906934879754967e-18
    outer loop
      vertex 47.46037467785863 -4.55489097692938 2.3999999999999986
      vertex 47.544263164512564 -4.725 2.3999999999999986
      vertex 47.544263164512564 -4.725 1.1999999999999993
    endloop
  endfacet
  facet normal 0.8314696123025453 0.5555702330196021 -3.7550282716732894e-18
    outer loop
      vertex 47.544263164512564 -4.725 2.3999999999999986
      vertex 47.64963765657771 -4.882704072062645 2.3999999999999986
      vertex 47.64963765657771 -4.882704072062645 1.1999999999999993
    endloop
  endfacet
  facet normal 0.9469301294951068 -0.3214394653031581 0
    outer loop
      vertex 47.46037467785863 -3.4451090230706196 2.3999999999999986
      vertex 47.39940755188085 -3.624712384601345 1.1999999999999993
      vertex 47.46037467785863 -3.4451090230706196 1.1999999999999993
    endloop
  endfacet
  facet normal 0.9978589232386018 -0.06540312923016979 0
    outer loop
      vertex 47.362404951007974 -3.810737021280925 2.3999999999999986
      vertex 47.349999999999994 -4 1.1999999999999993
      vertex 47.362404951007974 -3.810737021280925 1.1999999999999993
    endloop
  endfacet
  facet normal 0.9978589232386018 0.06540312923016979 0
    outer loop
      vertex 47.349999999999994 -4 2.3999999999999986
      vertex 47.362404951007974 -4.189262978719075 1.1999999999999993
      vertex 47.349999999999994 -4 1.1999999999999993
    endloop
  endfacet
  facet normal 0.9807852804032321 -0.19509032201611975 0
    outer loop
      vertex 47.39940755188085 -3.624712384601345 2.3999999999999986
      vertex 47.362404951007974 -3.810737021280925 1.1999999999999993
      vertex 47.39940755188085 -3.624712384601345 1.1999999999999993
    endloop
  endfacet
  facet normal 0.8968727415326813 -0.4422886902190158 0
    outer loop
      vertex 47.544263164512564 -3.275 2.3999999999999986
      vertex 47.46037467785863 -3.4451090230706196 1.1999999999999993
      vertex 47.544263164512564 -3.275 1.1999999999999993
    endloop
  endfacet
  facet normal 0.8314696123025446 -0.5555702330196032 0
    outer loop
      vertex 47.64963765657771 -3.117295927937355 2.3999999999999986
      vertex 47.544263164512564 -3.275 1.1999999999999993
      vertex 47.64963765657771 -3.117295927937355 1.1999999999999993
    endloop
  endfacet
  facet normal 0.9807852804032321 0.19509032201611975 0
    outer loop
      vertex 47.362404951007974 -4.189262978719075 2.3999999999999986
      vertex 47.39940755188085 -4.375287615398655 1.1999999999999993
      vertex 47.362404951007974 -4.189262978719075 1.1999999999999993
    endloop
  endfacet
  facet normal 0.9469301294951068 0.3214394653031581 0
    outer loop
      vertex 47.39940755188085 -4.375287615398655 2.3999999999999986
      vertex 47.46037467785863 -4.55489097692938 1.1999999999999993
      vertex 47.39940755188085 -4.375287615398655 1.1999999999999993
    endloop
  endfacet
  facet normal 0.8968727415326807 0.4422886902190167 0
    outer loop
      vertex 47.46037467785863 -4.55489097692938 2.3999999999999986
      vertex 47.544263164512564 -4.725 1.1999999999999993
      vertex 47.46037467785863 -4.55489097692938 1.1999999999999993
    endloop
  endfacet
  facet normal 0.8314696123025453 0.5555702330196021 0
    outer loop
      vertex 47.544263164512564 -4.725 2.3999999999999986
      vertex 47.64963765657771 -4.882704072062645 1.1999999999999993
      vertex 47.544263164512564 -4.725 1.1999999999999993
    endloop
  endfacet
  facet normal 0.7518398074789852 0.6593458151000601 0
    outer loop
      vertex 47.64963765657771 -4.882704072062645 2.3999999999999986
      vertex 47.7746951672795 -5.025304832720494 1.1999999999999993
      vertex 47.64963765657771 -4.882704072062645 1.1999999999999993
    endloop
  endfacet
  facet normal 0.6593458151000683 -0.7518398074789779 -4.440923424596577e-18
    outer loop
      vertex 47.91729592793735 -2.849637656577709 2.3999999999999986
      vertex 47.7746951672795 -2.9746951672795063 2.3999999999999986
      vertex 47.7746951672795 -2.9746951672795063 1.1999999999999993
    endloop
  endfacet
  facet normal 0.555570233019607 -0.831469612302542 0
    outer loop
      vertex 47.91729592793735 -2.849637656577709 2.3999999999999986
      vertex 47.91729592793735 -2.849637656577709 1.1999999999999993
      vertex 48.074999999999996 -2.744263164512564 2.3999999999999986
    endloop
  endfacet
  facet normal 0.44228869021899614 -0.8968727415326909 0
    outer loop
      vertex 48.074999999999996 -2.744263164512564 2.3999999999999986
      vertex 48.074999999999996 -2.744263164512564 1.1999999999999993
      vertex 48.24510902307062 -2.660374677858634 2.3999999999999986
    endloop
  endfacet
  facet normal 0.3214394653031631 -0.9469301294951051 0
    outer loop
      vertex 48.24510902307062 -2.660374677858634 2.3999999999999986
      vertex 48.24510902307062 -2.660374677858634 1.1999999999999993
      vertex 48.42471238460134 -2.599407551880851 2.3999999999999986
    endloop
  endfacet
  facet normal 0.19509032201612517 -0.9807852804032311 0
    outer loop
      vertex 48.42471238460134 -2.599407551880851 2.3999999999999986
      vertex 48.42471238460134 -2.599407551880851 1.1999999999999993
      vertex 48.610737021280926 -2.562404951007975 2.3999999999999986
    endloop
  endfacet
  facet normal 0.06540312923014538 -0.9978589232386034 0
    outer loop
      vertex 48.610737021280926 -2.562404951007975 2.3999999999999986
      vertex 48.610737021280926 -2.562404951007975 1.1999999999999993
      vertex 48.8 -2.55 2.3999999999999986
    endloop
  endfacet
  facet normal -0.06540312923014538 -0.9978589232386034 0
    outer loop
      vertex 48.8 -2.55 2.3999999999999986
      vertex 48.8 -2.55 1.1999999999999993
      vertex 48.98926297871907 -2.562404951007975 2.3999999999999986
    endloop
  endfacet
  facet normal -0.19509032201612517 -0.9807852804032311 0
    outer loop
      vertex 48.98926297871907 -2.562404951007975 2.3999999999999986
      vertex 48.98926297871907 -2.562404951007975 1.1999999999999993
      vertex 49.17528761539865 -2.599407551880851 2.3999999999999986
    endloop
  endfacet
  facet normal -0.3214394653031631 -0.9469301294951051 0
    outer loop
      vertex 49.17528761539865 -2.599407551880851 2.3999999999999986
      vertex 49.17528761539865 -2.599407551880851 1.1999999999999993
      vertex 49.354890976929376 -2.660374677858634 2.3999999999999986
    endloop
  endfacet
  facet normal -0.44228869021899614 -0.8968727415326909 0
    outer loop
      vertex 49.354890976929376 -2.660374677858634 2.3999999999999986
      vertex 49.354890976929376 -2.660374677858634 1.1999999999999993
      vertex 49.525 -2.744263164512564 2.3999999999999986
    endloop
  endfacet
  facet normal 0.7518398074789852 0.6593458151000601 5.01867432954595e-18
    outer loop
      vertex 47.64963765657771 -4.882704072062645 2.3999999999999986
      vertex 47.7746951672795 -5.025304832720494 2.3999999999999986
      vertex 47.7746951672795 -5.025304832720494 1.1999999999999993
    endloop
  endfacet
  facet normal 0.6593458151000683 0.7518398074789779 4.440923424596577e-18
    outer loop
      vertex 47.7746951672795 -5.025304832720494 2.3999999999999986
      vertex 47.91729592793735 -5.150362343422291 2.3999999999999986
      vertex 47.91729592793735 -5.150362343422291 1.1999999999999993
    endloop
  endfacet
  facet normal 0.5555702330196086 0.831469612302541 -4.858501040310487e-18
    outer loop
      vertex 47.91729592793735 -5.150362343422291 2.3999999999999986
      vertex 48.074999999999996 -5.255736835487436 2.3999999999999986
      vertex 48.074999999999996 -5.255736835487436 1.1999999999999993
    endloop
  endfacet
  facet normal 0.4422886902189942 0.8968727415326918 2.5110553768943494e-18
    outer loop
      vertex 48.074999999999996 -5.255736835487436 2.3999999999999986
      vertex 48.24510902307062 -5.339625322141366 2.3999999999999986
      vertex 48.24510902307062 -5.339625322141366 1.1999999999999993
    endloop
  endfacet
  facet normal 0.3214394653031609 0.9469301294951058 -1.2167110410558855e-18
    outer loop
      vertex 48.24510902307062 -5.339625322141366 2.3999999999999986
      vertex 48.42471238460134 -5.4005924481191485 2.3999999999999986
      vertex 48.42471238460134 -5.4005924481191485 1.1999999999999993
    endloop
  endfacet
  facet normal 0.19509032201612517 0.9807852804032311 1.1520127389396032e-18
    outer loop
      vertex 48.42471238460134 -5.4005924481191485 2.3999999999999986
      vertex 48.610737021280926 -5.437595048992025 2.3999999999999986
      vertex 48.610737021280926 -5.437595048992025 1.1999999999999993
    endloop
  endfacet
  facet normal -0.3214394653031609 0.9469301294951058 1.2167110410558855e-18
    outer loop
      vertex 49.17528761539865 -5.4005924481191485 2.3999999999999986
      vertex 49.354890976929376 -5.339625322141366 2.3999999999999986
      vertex 49.354890976929376 -5.339625322141366 1.1999999999999993
    endloop
  endfacet
  facet normal -0.4422886902189942 0.8968727415326918 -2.5110553768943494e-18
    outer loop
      vertex 49.354890976929376 -5.339625322141366 2.3999999999999986
      vertex 49.525 -5.255736835487436 2.3999999999999986
      vertex 49.525 -5.255736835487436 1.1999999999999993
    endloop
  endfacet
  facet normal 0.06540312923014771 0.9978589232386033 8.007157586879811e-19
    outer loop
      vertex 48.610737021280926 -5.437595048992025 2.3999999999999986
      vertex 48.8 -5.45 2.3999999999999986
      vertex 48.8 -5.45 1.1999999999999993
    endloop
  endfacet
  facet normal -0.06540312923014771 0.9978589232386033 -8.007157586879811e-19
    outer loop
      vertex 48.8 -5.45 2.3999999999999986
      vertex 48.98926297871907 -5.437595048992025 2.3999999999999986
      vertex 48.98926297871907 -5.437595048992025 1.1999999999999993
    endloop
  endfacet
  facet normal -0.19509032201612517 0.9807852804032311 0
    outer loop
      vertex 49.17528761539865 -5.4005924481191485 2.3999999999999986
      vertex 49.17528761539865 -5.4005924481191485 1.1999999999999993
      vertex 48.98926297871907 -5.437595048992025 2.3999999999999986
    endloop
  endfacet
  facet normal -0.555570233019607 -0.831469612302542 0
    outer loop
      vertex 49.525 -2.744263164512564 2.3999999999999986
      vertex 49.525 -2.744263164512564 1.1999999999999993
      vertex 49.68270407206264 -2.849637656577709 2.3999999999999986
    endloop
  endfacet
  facet normal -0.6593458151000683 -0.7518398074789779 0
    outer loop
      vertex 49.68270407206264 -2.849637656577709 2.3999999999999986
      vertex 49.68270407206264 -2.849637656577709 1.1999999999999993
      vertex 49.82530483272049 -2.9746951672795063 2.3999999999999986
    endloop
  endfacet
  facet normal -0.7518398074789852 -0.6593458151000601 0
    outer loop
      vertex 49.82530483272049 -2.9746951672795063 2.3999999999999986
      vertex 49.82530483272049 -2.9746951672795063 1.1999999999999993
      vertex 49.950362343422285 -3.117295927937355 2.3999999999999986
    endloop
  endfacet
  facet normal -0.5555702330196086 0.831469612302541 4.858501040310487e-18
    outer loop
      vertex 49.525 -5.255736835487436 2.3999999999999986
      vertex 49.68270407206264 -5.150362343422291 2.3999999999999986
      vertex 49.68270407206264 -5.150362343422291 1.1999999999999993
    endloop
  endfacet
  facet normal -0.6593458151000683 0.7518398074789779 -4.440923424596577e-18
    outer loop
      vertex 49.68270407206264 -5.150362343422291 2.3999999999999986
      vertex 49.82530483272049 -5.025304832720494 2.3999999999999986
      vertex 49.82530483272049 -5.025304832720494 1.1999999999999993
    endloop
  endfacet
  facet normal -0.7518398074789852 0.6593458151000601 -5.01867432954595e-18
    outer loop
      vertex 49.82530483272049 -5.025304832720494 2.3999999999999986
      vertex 49.950362343422285 -4.882704072062645 2.3999999999999986
      vertex 49.950362343422285 -4.882704072062645 1.1999999999999993
    endloop
  endfacet
  facet normal -0.8314696123025446 -0.5555702330196032 0
    outer loop
      vertex 49.950362343422285 -3.117295927937355 2.3999999999999986
      vertex 49.950362343422285 -3.117295927937355 1.1999999999999993
      vertex 50.05573683548743 -3.275 2.3999999999999986
    endloop
  endfacet
  facet normal -0.8968727415326813 -0.4422886902190158 0
    outer loop
      vertex 50.05573683548743 -3.275 2.3999999999999986
      vertex 50.05573683548743 -3.275 1.1999999999999993
      vertex 50.13962532214136 -3.4451090230706196 2.3999999999999986
    endloop
  endfacet
  facet normal -0.9469301294951068 -0.3214394653031581 0
    outer loop
      vertex 50.13962532214136 -3.4451090230706196 2.3999999999999986
      vertex 50.13962532214136 -3.4451090230706196 1.1999999999999993
      vertex 50.200592448119146 -3.624712384601345 2.3999999999999986
    endloop
  endfacet
  facet normal -0.9807852804032321 -0.19509032201611975 0
    outer loop
      vertex 50.200592448119146 -3.624712384601345 2.3999999999999986
      vertex 50.200592448119146 -3.624712384601345 1.1999999999999993
      vertex 50.23759504899202 -3.810737021280925 2.3999999999999986
    endloop
  endfacet
  facet normal -0.9978589232386018 -0.06540312923016979 0
    outer loop
      vertex 50.23759504899202 -3.810737021280925 2.3999999999999986
      vertex 50.23759504899202 -3.810737021280925 1.1999999999999993
      vertex 50.25 -4 2.3999999999999986
    endloop
  endfacet
  facet normal -0.9978589232386018 0.06540312923016979 0
    outer loop
      vertex 50.25 -4 2.3999999999999986
      vertex 50.25 -4 1.1999999999999993
      vertex 50.23759504899202 -4.189262978719075 2.3999999999999986
    endloop
  endfacet
  facet normal -0.8314696123025453 0.5555702330196021 0
    outer loop
      vertex 50.05573683548743 -4.725 2.3999999999999986
      vertex 50.05573683548743 -4.725 1.1999999999999993
      vertex 49.950362343422285 -4.882704072062645 2.3999999999999986
    endloop
  endfacet
  facet normal -0.8968727415326807 0.4422886902190167 1.906934879754967e-18
    outer loop
      vertex 50.05573683548743 -4.725 2.3999999999999986
      vertex 50.13962532214136 -4.55489097692938 2.3999999999999986
      vertex 50.13962532214136 -4.55489097692938 1.1999999999999993
    endloop
  endfacet
  facet normal -0.9469301294951068 0.3214394653031581 -3.125095772292463e-18
    outer loop
      vertex 50.13962532214136 -4.55489097692938 2.3999999999999986
      vertex 50.200592448119146 -4.375287615398655 2.3999999999999986
      vertex 50.200592448119146 -4.375287615398655 1.1999999999999993
    endloop
  endfacet
  facet normal -0.9807852804032321 0.19509032201611975 0
    outer loop
      vertex 50.23759504899202 -4.189262978719075 2.3999999999999986
      vertex 50.23759504899202 -4.189262978719075 1.1999999999999993
      vertex 50.200592448119146 -4.375287615398655 2.3999999999999986
    endloop
  endfacet
  facet normal 0.6593458151000683 -0.7518398074789779 0
    outer loop
      vertex 47.91729592793735 -2.849637656577709 2.3999999999999986
      vertex 47.7746951672795 -2.9746951672795063 1.1999999999999993
      vertex 47.91729592793735 -2.849637656577709 1.1999999999999993
    endloop
  endfacet
  facet normal 0.555570233019607 -0.831469612302542 0
    outer loop
      vertex 48.074999999999996 -2.744263164512564 2.3999999999999986
      vertex 47.91729592793735 -2.849637656577709 1.1999999999999993
      vertex 48.074999999999996 -2.744263164512564 1.1999999999999993
    endloop
  endfacet
  facet normal 0.44228869021899614 -0.8968727415326909 0
    outer loop
      vertex 48.24510902307062 -2.660374677858634 2.3999999999999986
      vertex 48.074999999999996 -2.744263164512564 1.1999999999999993
      vertex 48.24510902307062 -2.660374677858634 1.1999999999999993
    endloop
  endfacet
  facet normal 0.3214394653031631 -0.9469301294951051 0
    outer loop
      vertex 48.42471238460134 -2.599407551880851 2.3999999999999986
      vertex 48.24510902307062 -2.660374677858634 1.1999999999999993
      vertex 48.42471238460134 -2.599407551880851 1.1999999999999993
    endloop
  endfacet
  facet normal 0.19509032201612517 -0.9807852804032311 0
    outer loop
      vertex 48.610737021280926 -2.562404951007975 2.3999999999999986
      vertex 48.42471238460134 -2.599407551880851 1.1999999999999993
      vertex 48.610737021280926 -2.562404951007975 1.1999999999999993
    endloop
  endfacet
  facet normal 0.06540312923014538 -0.9978589232386034 0
    outer loop
      vertex 48.8 -2.55 2.3999999999999986
      vertex 48.610737021280926 -2.562404951007975 1.1999999999999993
      vertex 48.8 -2.55 1.1999999999999993
    endloop
  endfacet
  facet normal -0.06540312923014538 -0.9978589232386034 0
    outer loop
      vertex 48.98926297871907 -2.562404951007975 2.3999999999999986
      vertex 48.8 -2.55 1.1999999999999993
      vertex 48.98926297871907 -2.562404951007975 1.1999999999999993
    endloop
  endfacet
  facet normal -0.19509032201612517 -0.9807852804032311 0
    outer loop
      vertex 49.17528761539865 -2.599407551880851 2.3999999999999986
      vertex 48.98926297871907 -2.562404951007975 1.1999999999999993
      vertex 49.17528761539865 -2.599407551880851 1.1999999999999993
    endloop
  endfacet
  facet normal -0.3214394653031631 -0.9469301294951051 0
    outer loop
      vertex 49.354890976929376 -2.660374677858634 2.3999999999999986
      vertex 49.17528761539865 -2.599407551880851 1.1999999999999993
      vertex 49.354890976929376 -2.660374677858634 1.1999999999999993
    endloop
  endfacet
  facet normal -0.44228869021899614 -0.8968727415326909 0
    outer loop
      vertex 49.525 -2.744263164512564 2.3999999999999986
      vertex 49.354890976929376 -2.660374677858634 1.1999999999999993
      vertex 49.525 -2.744263164512564 1.1999999999999993
    endloop
  endfacet
  facet normal 0.7518398074789852 -0.6593458151000601 0
    outer loop
      vertex 47.7746951672795 -2.9746951672795063 2.3999999999999986
      vertex 47.64963765657771 -3.117295927937355 1.1999999999999993
      vertex 47.7746951672795 -2.9746951672795063 1.1999999999999993
    endloop
  endfacet
  facet normal 0.6593458151000683 0.7518398074789779 0
    outer loop
      vertex 47.7746951672795 -5.025304832720494 2.3999999999999986
      vertex 47.91729592793735 -5.150362343422291 1.1999999999999993
      vertex 47.7746951672795 -5.025304832720494 1.1999999999999993
    endloop
  endfacet
  facet normal 0.5555702330196086 0.831469612302541 0
    outer loop
      vertex 47.91729592793735 -5.150362343422291 2.3999999999999986
      vertex 48.074999999999996 -5.255736835487436 1.1999999999999993
      vertex 47.91729592793735 -5.150362343422291 1.1999999999999993
    endloop
  endfacet
  facet normal 0.4422886902189942 0.8968727415326918 0
    outer loop
      vertex 48.074999999999996 -5.255736835487436 2.3999999999999986
      vertex 48.24510902307062 -5.339625322141366 1.1999999999999993
      vertex 48.074999999999996 -5.255736835487436 1.1999999999999993
    endloop
  endfacet
  facet normal 0.3214394653031609 0.9469301294951058 0
    outer loop
      vertex 48.24510902307062 -5.339625322141366 2.3999999999999986
      vertex 48.42471238460134 -5.4005924481191485 1.1999999999999993
      vertex 48.24510902307062 -5.339625322141366 1.1999999999999993
    endloop
  endfacet
  facet normal 0.19509032201612517 0.9807852804032311 0
    outer loop
      vertex 48.42471238460134 -5.4005924481191485 2.3999999999999986
      vertex 48.610737021280926 -5.437595048992025 1.1999999999999993
      vertex 48.42471238460134 -5.4005924481191485 1.1999999999999993
    endloop
  endfacet
  facet normal -0.3214394653031609 0.9469301294951058 0
    outer loop
      vertex 49.17528761539865 -5.4005924481191485 2.3999999999999986
      vertex 49.354890976929376 -5.339625322141366 1.1999999999999993
      vertex 49.17528761539865 -5.4005924481191485 1.1999999999999993
    endloop
  endfacet
  facet normal -0.4422886902189942 0.8968727415326918 0
    outer loop
      vertex 49.354890976929376 -5.339625322141366 2.3999999999999986
      vertex 49.525 -5.255736835487436 1.1999999999999993
      vertex 49.354890976929376 -5.339625322141366 1.1999999999999993
    endloop
  endfacet
  facet normal 0.06540312923014771 0.9978589232386033 0
    outer loop
      vertex 48.610737021280926 -5.437595048992025 2.3999999999999986
      vertex 48.8 -5.45 1.1999999999999993
      vertex 48.610737021280926 -5.437595048992025 1.1999999999999993
    endloop
  endfacet
  facet normal -0.06540312923014771 0.9978589232386033 0
    outer loop
      vertex 48.8 -5.45 2.3999999999999986
      vertex 48.98926297871907 -5.437595048992025 1.1999999999999993
      vertex 48.8 -5.45 1.1999999999999993
    endloop
  endfacet
  facet normal -0.19509032201612517 0.9807852804032311 0
    outer loop
      vertex 48.98926297871907 -5.437595048992025 2.3999999999999986
      vertex 49.17528761539865 -5.4005924481191485 1.1999999999999993
      vertex 48.98926297871907 -5.437595048992025 1.1999999999999993
    endloop
  endfacet
  facet normal -0.555570233019607 -0.831469612302542 0
    outer loop
      vertex 49.68270407206264 -2.849637656577709 2.3999999999999986
      vertex 49.525 -2.744263164512564 1.1999999999999993
      vertex 49.68270407206264 -2.849637656577709 1.1999999999999993
    endloop
  endfacet
  facet normal -0.6593458151000683 -0.7518398074789779 0
    outer loop
      vertex 49.82530483272049 -2.9746951672795063 2.3999999999999986
      vertex 49.68270407206264 -2.849637656577709 1.1999999999999993
      vertex 49.82530483272049 -2.9746951672795063 1.1999999999999993
    endloop
  endfacet
  facet normal -0.7518398074789852 -0.6593458151000601 0
    outer loop
      vertex 49.950362343422285 -3.117295927937355 2.3999999999999986
      vertex 49.82530483272049 -2.9746951672795063 1.1999999999999993
      vertex 49.950362343422285 -3.117295927937355 1.1999999999999993
    endloop
  endfacet
  facet normal -0.5555702330196086 0.831469612302541 0
    outer loop
      vertex 49.525 -5.255736835487436 2.3999999999999986
      vertex 49.68270407206264 -5.150362343422291 1.1999999999999993
      vertex 49.525 -5.255736835487436 1.1999999999999993
    endloop
  endfacet
  facet normal -0.6593458151000683 0.7518398074789779 0
    outer loop
      vertex 49.68270407206264 -5.150362343422291 2.3999999999999986
      vertex 49.82530483272049 -5.025304832720494 1.1999999999999993
      vertex 49.68270407206264 -5.150362343422291 1.1999999999999993
    endloop
  endfacet
  facet normal -0.7518398074789852 0.6593458151000601 0
    outer loop
      vertex 49.82530483272049 -5.025304832720494 2.3999999999999986
      vertex 49.950362343422285 -4.882704072062645 1.1999999999999993
      vertex 49.82530483272049 -5.025304832720494 1.1999999999999993
    endloop
  endfacet
  facet normal -0.8314696123025446 -0.5555702330196032 0
    outer loop
      vertex 50.05573683548743 -3.275 2.3999999999999986
      vertex 49.950362343422285 -3.117295927937355 1.1999999999999993
      vertex 50.05573683548743 -3.275 1.1999999999999993
    endloop
  endfacet
  facet normal -0.8968727415326813 -0.4422886902190158 0
    outer loop
      vertex 50.13962532214136 -3.4451090230706196 2.3999999999999986
      vertex 50.05573683548743 -3.275 1.1999999999999993
      vertex 50.13962532214136 -3.4451090230706196 1.1999999999999993
    endloop
  endfacet
  facet normal -0.9469301294951068 -0.3214394653031581 0
    outer loop
      vertex 50.200592448119146 -3.624712384601345 2.3999999999999986
      vertex 50.13962532214136 -3.4451090230706196 1.1999999999999993
      vertex 50.200592448119146 -3.624712384601345 1.1999999999999993
    endloop
  endfacet
  facet normal -0.9807852804032321 -0.19509032201611975 0
    outer loop
      vertex 50.23759504899202 -3.810737021280925 2.3999999999999986
      vertex 50.200592448119146 -3.624712384601345 1.1999999999999993
      vertex 50.23759504899202 -3.810737021280925 1.1999999999999993
    endloop
  endfacet
  facet normal -0.9978589232386018 -0.06540312923016979 0
    outer loop
      vertex 50.25 -4 2.3999999999999986
      vertex 50.23759504899202 -3.810737021280925 1.1999999999999993
      vertex 50.25 -4 1.1999999999999993
    endloop
  endfacet
  facet normal -0.9978589232386018 0.06540312923016979 0
    outer loop
      vertex 50.23759504899202 -4.189262978719075 2.3999999999999986
      vertex 50.25 -4 1.1999999999999993
      vertex 50.23759504899202 -4.189262978719075 1.1999999999999993
    endloop
  endfacet
  facet normal -0.8968727415326807 0.4422886902190167 0
    outer loop
      vertex 50.05573683548743 -4.725 2.3999999999999986
      vertex 50.13962532214136 -4.55489097692938 1.1999999999999993
      vertex 50.05573683548743 -4.725 1.1999999999999993
    endloop
  endfacet
  facet normal -0.8314696123025453 0.5555702330196021 0
    outer loop
      vertex 49.950362343422285 -4.882704072062645 2.3999999999999986
      vertex 50.05573683548743 -4.725 1.1999999999999993
      vertex 49.950362343422285 -4.882704072062645 1.1999999999999993
    endloop
  endfacet
  facet normal -0.9807852804032321 0.19509032201611975 0
    outer loop
      vertex 50.200592448119146 -4.375287615398655 2.3999999999999986
      vertex 50.23759504899202 -4.189262978719075 1.1999999999999993
      vertex 50.200592448119146 -4.375287615398655 1.1999999999999993
    endloop
  endfacet
  facet normal -0.9469301294951068 0.3214394653031581 0
    outer loop
      vertex 50.13962532214136 -4.55489097692938 2.3999999999999986
      vertex 50.200592448119146 -4.375287615398655 1.1999999999999993
      vertex 50.13962532214136 -4.55489097692938 1.1999999999999993
    endloop
  endfacet
  facet normal 0 0 -1
    outer loop
      vertex 47.21722028457732 -1.9372813152427883 1.1999999999999993
      vertex 47.5 -1.7483339501604598 1.1999999999999993
      vertex 47.46037467785863 -3.4451090230706196 1.1999999999999993
    endloop
  endfacet
  facet normal 0 0 -1
    outer loop
      vertex 47.5 -1.7483339501604598 1.1999999999999993
      vertex 47.80502307585076 -1.5979132154706543 1.1999999999999993
      vertex 47.7746951672795 -2.9746951672795063 1.1999999999999993
    endloop
  endfacet
  facet normal 0 0 -1
    outer loop
      vertex 47.5 -1.7483339501604598 1.1999999999999993
      vertex 47.544263164512564 -3.275 1.1999999999999993
      vertex 47.46037467785863 -3.4451090230706196 1.1999999999999993
    endloop
  endfacet
  facet normal 0 0 -1
    outer loop
      vertex 47.5 -1.7483339501604598 1.1999999999999993
      vertex 47.64963765657771 -3.117295927937355 1.1999999999999993
      vertex 47.544263164512564 -3.275 1.1999999999999993
    endloop
  endfacet
  facet normal 0 0 -1
    outer loop
      vertex 47.5 -1.7483339501604598 1.1999999999999993
      vertex 47.7746951672795 -2.9746951672795063 1.1999999999999993
      vertex 47.64963765657771 -3.117295927937355 1.1999999999999993
    endloop
  endfacet
  facet normal 0 0 -1
    outer loop
      vertex 46.22224336042809 -3.660631900227866 1.1999999999999993
      vertex 46.22224336042809 -4.339368099772134 1.1999999999999993
      vertex 46.199999999999996 -4 1.1999999999999993
    endloop
  endfacet
  facet normal 0 0 -1
    outer loop
      vertex 46.28859285164842 -3.327070482733446 1.1999999999999993
      vertex 46.39791321547065 -3.0050230758507666 1.1999999999999993
      vertex 46.39791321547065 -4.994976924149233 1.1999999999999993
    endloop
  endfacet
  facet normal 0 0 -1
    outer loop
      vertex 46.28859285164842 -3.327070482733446 1.1999999999999993
      vertex 46.28859285164842 -4.672929517266554 1.1999999999999993
      vertex 46.22224336042809 -3.660631900227866 1.1999999999999993
    endloop
  endfacet
  facet normal 0 0 -1
    outer loop
      vertex 46.22224336042809 -3.660631900227866 1.1999999999999993
      vertex 46.28859285164842 -4.672929517266554 1.1999999999999993
      vertex 46.22224336042809 -4.339368099772134 1.1999999999999993
    endloop
  endfacet
  facet normal 0 0 -1
    outer loop
      vertex 46.28859285164842 -3.327070482733446 1.1999999999999993
      vertex 46.39791321547065 -4.994976924149233 1.1999999999999993
      vertex 46.28859285164842 -4.672929517266554 1.1999999999999993
    endloop
  endfacet
  facet normal 0 0 -1
    outer loop
      vertex 46.548333950160455 -2.7 1.1999999999999993
      vertex 46.548333950160455 -5.3 1.1999999999999993
      vertex 46.39791321547065 -3.0050230758507666 1.1999999999999993
    endloop
  endfacet
  facet normal 0 0 -1
    outer loop
      vertex 46.548333950160455 -2.7 1.1999999999999993
      vertex 46.73728131524278 -2.4172202845773265 1.1999999999999993
      vertex 46.73728131524278 -5.5827797154226735 1.1999999999999993
    endloop
  endfacet
  facet normal 0 0 -1
    outer loop
      vertex 46.39791321547065 -3.0050230758507666 1.1999999999999993
      vertex 46.548333950160455 -5.3 1.1999999999999993
      vertex 46.39791321547065 -4.994976924149233 1.1999999999999993
    endloop
  endfacet
  facet normal 0 0 -1
    outer loop
      vertex 46.548333950160455 -2.7 1.1999999999999993
      vertex 46.73728131524278 -5.5827797154226735 1.1999999999999993
      vertex 46.548333950160455 -5.3 1.1999999999999993
    endloop
  endfacet
  facet normal 0 0 -1
    outer loop
      vertex 46.73728131524278 -2.4172202845773265 1.1999999999999993
      vertex 46.96152236891497 -5.8384776310850235 1.1999999999999993
      vertex 46.73728131524278 -5.5827797154226735 1.1999999999999993
    endloop
  endfacet
  facet normal 0 0 -1
    outer loop
      vertex 46.73728131524278 -2.4172202845773265 1.1999999999999993
      vertex 46.96152236891497 -2.1615223689149765 1.1999999999999993
      vertex 46.96152236891497 -5.8384776310850235 1.1999999999999993
    endloop
  endfacet
  facet normal 0 0 -1
    outer loop
      vertex 46.96152236891497 -2.1615223689149765 1.1999999999999993
      vertex 47.21722028457732 -1.9372813152427883 1.1999999999999993
      vertex 47.21722028457732 -6.062718684757211 1.1999999999999993
    endloop
  endfacet
  facet normal 0 0 -1
    outer loop
      vertex 46.96152236891497 -2.1615223689149765 1.1999999999999993
      vertex 47.21722028457732 -6.062718684757211 1.1999999999999993
      vertex 46.96152236891497 -5.8384776310850235 1.1999999999999993
    endloop
  endfacet
  facet normal 0 0 -1
    outer loop
      vertex 47.21722028457732 -1.9372813152427883 1.1999999999999993
      vertex 47.46037467785863 -3.4451090230706196 1.1999999999999993
      vertex 47.39940755188085 -3.624712384601345 1.1999999999999993
    endloop
  endfacet
  facet normal 0 0 -1
    outer loop
      vertex 47.21722028457732 -1.9372813152427883 1.1999999999999993
      vertex 47.39940755188085 -3.624712384601345 1.1999999999999993
      vertex 47.362404951007974 -3.810737021280925 1.1999999999999993
    endloop
  endfacet
  facet normal 0 0 -1
    outer loop
      vertex 47.21722028457732 -1.9372813152427883 1.1999999999999993
      vertex 47.362404951007974 -3.810737021280925 1.1999999999999993
      vertex 47.349999999999994 -4 1.1999999999999993
    endloop
  endfacet
  facet normal 0 0 -1
    outer loop
      vertex 47.21722028457732 -1.9372813152427883 1.1999999999999993
      vertex 47.349999999999994 -4 1.1999999999999993
      vertex 47.21722028457732 -6.062718684757211 1.1999999999999993
    endloop
  endfacet
  facet normal 0 0 -1
    outer loop
      vertex 47.349999999999994 -4 1.1999999999999993
      vertex 47.362404951007974 -4.189262978719075 1.1999999999999993
      vertex 47.21722028457732 -6.062718684757211 1.1999999999999993
    endloop
  endfacet
  facet normal 0 0 -1
    outer loop
      vertex 47.362404951007974 -4.189262978719075 1.1999999999999993
      vertex 47.39940755188085 -4.375287615398655 1.1999999999999993
      vertex 47.21722028457732 -6.062718684757211 1.1999999999999993
    endloop
  endfacet
  facet normal 0 0 -1
    outer loop
      vertex 47.39940755188085 -4.375287615398655 1.1999999999999993
      vertex 47.46037467785863 -4.55489097692938 1.1999999999999993
      vertex 47.5 -6.251666049839541 1.1999999999999993
    endloop
  endfacet
  facet normal 0 0 -1
    outer loop
      vertex 47.46037467785863 -4.55489097692938 1.1999999999999993
      vertex 47.544263164512564 -4.725 1.1999999999999993
      vertex 47.5 -6.251666049839541 1.1999999999999993
    endloop
  endfacet
  facet normal 0 0 -1
    outer loop
      vertex 47.544263164512564 -4.725 1.1999999999999993
      vertex 47.64963765657771 -4.882704072062645 1.1999999999999993
      vertex 47.5 -6.251666049839541 1.1999999999999993
    endloop
  endfacet
  facet normal 0 0 -1
    outer loop
      vertex 47.64963765657771 -4.882704072062645 1.1999999999999993
      vertex 47.7746951672795 -5.025304832720494 1.1999999999999993
      vertex 47.5 -6.251666049839541 1.1999999999999993
    endloop
  endfacet
  facet normal 0 0 -1
    outer loop
      vertex 47.39940755188085 -4.375287615398655 1.1999999999999993
      vertex 47.5 -6.251666049839541 1.1999999999999993
      vertex 47.21722028457732 -6.062718684757211 1.1999999999999993
    endloop
  endfacet
  facet normal 0 0 -1
    outer loop
      vertex 47.5 -6.251666049839541 1.1999999999999993
      vertex 47.7746951672795 -5.025304832720494 1.1999999999999993
      vertex 47.80502307585076 -6.402086784529345 1.1999999999999993
    endloop
  endfacet
  facet normal 0.8968727415326909 -0.4422886902189961 -2.4077805257041562e-18
    outer loop
      vertex 46.548333950160455 -2.7 1.1999999999999993
      vertex 46.39791321547065 -3.0050230758507666 1.1999999999999993
      vertex 46.39791321547065 -3.0050230758507666 0
    endloop
  endfacet
  facet normal 0.831469612302547 -0.5555702330195994 0
    outer loop
      vertex 46.548333950160455 -2.7 1.1999999999999993
      vertex 46.548333950160455 -2.7 0
      vertex 46.73728131524278 -2.4172202845773265 1.1999999999999993
    endloop
  endfacet
  facet normal 0.7518398074789776 -0.6593458151000685 0
    outer loop
      vertex 46.73728131524278 -2.4172202845773265 1.1999999999999993
      vertex 46.73728131524278 -2.4172202845773265 0
      vertex 46.96152236891497 -2.1615223689149765 1.1999999999999993
    endloop
  endfacet
  facet normal 0.6593458151000653 -0.7518398074789805 0
    outer loop
      vertex 46.96152236891497 -2.1615223689149765 1.1999999999999993
      vertex 46.96152236891497 -2.1615223689149765 0
      vertex 47.21722028457732 -1.9372813152427883 1.1999999999999993
    endloop
  endfacet
  facet normal 0.442288690219007 -0.8968727415326855 0
    outer loop
      vertex 47.5 -1.7483339501604598 1.1999999999999993
      vertex 47.5 -1.7483339501604598 0
      vertex 47.80502307585076 -1.5979132154706543 1.1999999999999993
    endloop
  endfacet
  facet normal 0.5555702330195964 -0.8314696123025491 0
    outer loop
      vertex 47.21722028457732 -1.9372813152427883 1.1999999999999993
      vertex 47.21722028457732 -1.9372813152427883 0
      vertex 47.5 -1.7483339501604598 1.1999999999999993
    endloop
  endfacet
  facet normal 0.8968727415326909 -0.4422886902189961 0
    outer loop
      vertex 46.548333950160455 -2.7 1.1999999999999993
      vertex 46.39791321547065 -3.0050230758507666 0
      vertex 46.548333950160455 -2.7 0
    endloop
  endfacet
  facet normal 0.831469612302547 -0.5555702330195994 0
    outer loop
      vertex 46.73728131524278 -2.4172202845773265 1.1999999999999993
      vertex 46.548333950160455 -2.7 0
      vertex 46.73728131524278 -2.4172202845773265 0
    endloop
  endfacet
  facet normal 0.7518398074789776 -0.6593458151000685 0
    outer loop
      vertex 46.96152236891497 -2.1615223689149765 1.1999999999999993
      vertex 46.73728131524278 -2.4172202845773265 0
      vertex 46.96152236891497 -2.1615223689149765 0
    endloop
  endfacet
  facet normal 0.6593458151000653 -0.7518398074789805 0
    outer loop
      vertex 47.21722028457732 -1.9372813152427883 1.1999999999999993
      vertex 46.96152236891497 -2.1615223689149765 0
      vertex 47.21722028457732 -1.9372813152427883 0
    endloop
  endfacet
  facet normal 0.5555702330195964 -0.8314696123025491 0
    outer loop
      vertex 47.5 -1.7483339501604598 1.1999999999999993
      vertex 47.21722028457732 -1.9372813152427883 0
      vertex 47.5 -1.7483339501604598 0
    endloop
  endfacet
  facet normal 0.9807852804032307 -0.19509032201612694 3.5581401055935035e-18
    outer loop
      vertex 46.28859285164842 -3.327070482733446 1.1999999999999993
      vertex 46.22224336042809 -3.660631900227866 1.1999999999999993
      vertex 46.22224336042809 -3.660631900227866 0
    endloop
  endfacet
  facet normal 0.9469301294951031 -0.32143946530316914 0
    outer loop
      vertex 46.28859285164842 -3.327070482733446 1.1999999999999993
      vertex 46.28859285164842 -3.327070482733446 0
      vertex 46.39791321547065 -3.0050230758507666 1.1999999999999993
    endloop
  endfacet
  facet normal 0.9978589232386036 -0.06540312923014117 9.65238288052173e-19
    outer loop
      vertex 46.22224336042809 -3.660631900227866 1.1999999999999993
      vertex 46.199999999999996 -4 1.1999999999999993
      vertex 46.199999999999996 -4 0
    endloop
  endfacet
  facet normal 0.9978589232386036 0.06540312923014117 -9.65238288052173e-19
    outer loop
      vertex 46.199999999999996 -4 1.1999999999999993
      vertex 46.22224336042809 -4.339368099772134 1.1999999999999993
      vertex 46.22224336042809 -4.339368099772134 0
    endloop
  endfacet
  facet normal 0.9807852804032307 0.19509032201612694 -3.5581401055935035e-18
    outer loop
      vertex 46.22224336042809 -4.339368099772134 1.1999999999999993
      vertex 46.28859285164842 -4.672929517266554 1.1999999999999993
      vertex 46.28859285164842 -4.672929517266554 0
    endloop
  endfacet
  facet normal 0.946930129495103 0.3214394653031696 -2.164183080431527e-18
    outer loop
      vertex 46.28859285164842 -4.672929517266554 1.1999999999999993
      vertex 46.39791321547065 -4.994976924149233 1.1999999999999993
      vertex 46.39791321547065 -4.994976924149233 0
    endloop
  endfacet
  facet normal 0.8968727415326911 0.44228869021899553 -8.251407368248568e-18
    outer loop
      vertex 46.39791321547065 -4.994976924149233 1.1999999999999993
      vertex 46.548333950160455 -5.3 1.1999999999999993
      vertex 46.548333950160455 -5.3 0
    endloop
  endfacet
  facet normal 0.831469612302547 0.5555702330195994 -2.480861052105741e-18
    outer loop
      vertex 46.548333950160455 -5.3 1.1999999999999993
      vertex 46.73728131524278 -5.5827797154226735 1.1999999999999993
      vertex 46.73728131524278 -5.5827797154226735 0
    endloop
  endfacet
  facet normal 0.7518398074789776 0.6593458151000685 3.3983944447602227e-18
    outer loop
      vertex 46.73728131524278 -5.5827797154226735 1.1999999999999993
      vertex 46.96152236891497 -5.8384776310850235 1.1999999999999993
      vertex 46.96152236891497 -5.8384776310850235 0
    endloop
  endfacet
  facet normal 0.6593458151000646 0.7518398074789812 1.5525486912438723e-18
    outer loop
      vertex 46.96152236891497 -5.8384776310850235 1.1999999999999993
      vertex 47.21722028457732 -6.062718684757211 1.1999999999999993
      vertex 47.21722028457732 -6.062718684757211 0
    endloop
  endfacet
  facet normal 0.5555702330195982 0.8314696123025479 -4.736350530376261e-18
    outer loop
      vertex 47.21722028457732 -6.062718684757211 1.1999999999999993
      vertex 47.5 -6.251666049839541 1.1999999999999993
      vertex 47.5 -6.251666049839541 0
    endloop
  endfacet
  facet normal 0.9469301294951031 -0.32143946530316914 0
    outer loop
      vertex 46.39791321547065 -3.0050230758507666 1.1999999999999993
      vertex 46.28859285164842 -3.327070482733446 0
      vertex 46.39791321547065 -3.0050230758507666 0
    endloop
  endfacet
  facet normal 0.9807852804032307 -0.19509032201612694 0
    outer loop
      vertex 46.28859285164842 -3.327070482733446 1.1999999999999993
      vertex 46.22224336042809 -3.660631900227866 0
      vertex 46.28859285164842 -3.327070482733446 0
    endloop
  endfacet
  facet normal 0.9978589232386036 -0.06540312923014117 0
    outer loop
      vertex 46.22224336042809 -3.660631900227866 1.1999999999999993
      vertex 46.199999999999996 -4 0
      vertex 46.22224336042809 -3.660631900227866 0
    endloop
  endfacet
  facet normal 0.9978589232386036 0.06540312923014117 0
    outer loop
      vertex 46.199999999999996 -4 1.1999999999999993
      vertex 46.22224336042809 -4.339368099772134 0
      vertex 46.199999999999996 -4 0
    endloop
  endfacet
  facet normal 0.9807852804032307 0.19509032201612694 0
    outer loop
      vertex 46.22224336042809 -4.339368099772134 1.1999999999999993
      vertex 46.28859285164842 -4.672929517266554 0
      vertex 46.22224336042809 -4.339368099772134 0
    endloop
  endfacet
  facet normal 0.946930129495103 0.3214394653031696 0
    outer loop
      vertex 46.28859285164842 -4.672929517266554 1.1999999999999993
      vertex 46.39791321547065 -4.994976924149233 0
      vertex 46.28859285164842 -4.672929517266554 0
    endloop
  endfacet
  facet normal 0.8968727415326911 0.44228869021899553 0
    outer loop
      vertex 46.39791321547065 -4.994976924149233 1.1999999999999993
      vertex 46.548333950160455 -5.3 0
      vertex 46.39791321547065 -4.994976924149233 0
    endloop
  endfacet
  facet normal 0.831469612302547 0.5555702330195994 0
    outer loop
      vertex 46.548333950160455 -5.3 1.1999999999999993
      vertex 46.73728131524278 -5.5827797154226735 0
      vertex 46.548333950160455 -5.3 0
    endloop
  endfacet
  facet normal 0.7518398074789776 0.6593458151000685 0
    outer loop
      vertex 46.73728131524278 -5.5827797154226735 1.1999999999999993
      vertex 46.96152236891497 -5.8384776310850235 0
      vertex 46.73728131524278 -5.5827797154226735 0
    endloop
  endfacet
  facet normal 0.6593458151000646 0.7518398074789812 0
    outer loop
      vertex 46.96152236891497 -5.8384776310850235 1.1999999999999993
      vertex 47.21722028457732 -6.062718684757211 0
      vertex 46.96152236891497 -5.8384776310850235 0
    endloop
  endfacet
  facet normal 0.5555702330195982 0.8314696123025479 0
    outer loop
      vertex 47.21722028457732 -6.062718684757211 1.1999999999999993
      vertex 47.5 -6.251666049839541 0
      vertex 47.21722028457732 -6.062718684757211 0
    endloop
  endfacet
  facet normal 0.4422886902190049 0.8968727415326866 0
    outer loop
      vertex 47.5 -6.251666049839541 1.1999999999999993
      vertex 47.80502307585076 -6.402086784529345 0
      vertex 47.5 -6.251666049839541 0
    endloop
  endfacet
  facet normal 0 0 -1
    outer loop
      vertex 47.80502307585076 -1.5979132154706543 1.1999999999999993
      vertex 47.91729592793735 -2.849637656577709 1.1999999999999993
      vertex 47.7746951672795 -2.9746951672795063 1.1999999999999993
    endloop
  endfacet
  facet normal 0 0 -1
    outer loop
      vertex 47.80502307585076 -1.5979132154706543 1.1999999999999993
      vertex 48.127070482733444 -1.4885928516484221 1.1999999999999993
      vertex 48.074999999999996 -2.744263164512564 1.1999999999999993
    endloop
  endfacet
  facet normal 0 0 -1
    outer loop
      vertex 47.80502307585076 -1.5979132154706543 1.1999999999999993
      vertex 48.074999999999996 -2.744263164512564 1.1999999999999993
      vertex 47.91729592793735 -2.849637656577709 1.1999999999999993
    endloop
  endfacet
  facet normal 0 0 -1
    outer loop
      vertex 48.127070482733444 -1.4885928516484221 1.1999999999999993
      vertex 48.24510902307062 -2.660374677858634 1.1999999999999993
      vertex 48.074999999999996 -2.744263164512564 1.1999999999999993
    endloop
  endfacet
  facet normal 0 0 -1
    outer loop
      vertex 48.127070482733444 -1.4885928516484221 1.1999999999999993
      vertex 48.46063190022786 -1.422243360428093 1.1999999999999993
      vertex 48.42471238460134 -2.599407551880851 1.1999999999999993
    endloop
  endfacet
  facet normal 0 0 -1
    outer loop
      vertex 48.127070482733444 -1.4885928516484221 1.1999999999999993
      vertex 48.42471238460134 -2.599407551880851 1.1999999999999993
      vertex 48.24510902307062 -2.660374677858634 1.1999999999999993
    endloop
  endfacet
  facet normal 0 0 -1
    outer loop
      vertex 48.46063190022786 -1.422243360428093 1.1999999999999993
      vertex 48.610737021280926 -2.562404951007975 1.1999999999999993
      vertex 48.42471238460134 -2.599407551880851 1.1999999999999993
    endloop
  endfacet
  facet normal 0 0 -1
    outer loop
      vertex 48.46063190022786 -1.422243360428093 1.1999999999999993
      vertex 48.8 -1.4 1.1999999999999993
      vertex 48.8 -2.55 1.1999999999999993
    endloop
  endfacet
  facet normal 0 0 -1
    outer loop
      vertex 48.46063190022786 -1.422243360428093 1.1999999999999993
      vertex 48.8 -2.55 1.1999999999999993
      vertex 48.610737021280926 -2.562404951007975 1.1999999999999993
    endloop
  endfacet
  facet normal 0 0 -1
    outer loop
      vertex 48.8 -1.4 1.1999999999999993
      vertex 49.139368099772135 -1.422243360428093 1.1999999999999993
      vertex 48.8 -2.55 1.1999999999999993
    endloop
  endfacet
  facet normal 0 0 -1
    outer loop
      vertex 48.8 -2.55 1.1999999999999993
      vertex 49.139368099772135 -1.422243360428093 1.1999999999999993
      vertex 48.98926297871907 -2.562404951007975 1.1999999999999993
    endloop
  endfacet
  facet normal 0 0 -1
    outer loop
      vertex 48.98926297871907 -2.562404951007975 1.1999999999999993
      vertex 49.139368099772135 -1.422243360428093 1.1999999999999993
      vertex 49.17528761539865 -2.599407551880851 1.1999999999999993
    endloop
  endfacet
  facet normal 0 0 -1
    outer loop
      vertex 49.139368099772135 -1.422243360428093 1.1999999999999993
      vertex 49.47292951726655 -1.4885928516484221 1.1999999999999993
      vertex 49.17528761539865 -2.599407551880851 1.1999999999999993
    endloop
  endfacet
  facet normal 0 0 -1
    outer loop
      vertex 49.47292951726655 -1.4885928516484221 1.1999999999999993
      vertex 49.354890976929376 -2.660374677858634 1.1999999999999993
      vertex 49.17528761539865 -2.599407551880851 1.1999999999999993
    endloop
  endfacet
  facet normal 0 0 -1
    outer loop
      vertex 49.47292951726655 -1.4885928516484221 1.1999999999999993
      vertex 49.525 -2.744263164512564 1.1999999999999993
      vertex 49.354890976929376 -2.660374677858634 1.1999999999999993
    endloop
  endfacet
  facet normal 0 0 -1
    outer loop
      vertex 47.7746951672795 -5.025304832720494 1.1999999999999993
      vertex 47.91729592793735 -5.150362343422291 1.1999999999999993
      vertex 47.80502307585076 -6.402086784529345 1.1999999999999993
    endloop
  endfacet
  facet normal 0 0 -1
    outer loop
      vertex 47.91729592793735 -5.150362343422291 1.1999999999999993
      vertex 48.074999999999996 -5.255736835487436 1.1999999999999993
      vertex 47.80502307585076 -6.402086784529345 1.1999999999999993
    endloop
  endfacet
  facet normal 0 0 -1
    outer loop
      vertex 48.074999999999996 -5.255736835487436 1.1999999999999993
      vertex 48.127070482733444 -6.511407148351578 1.1999999999999993
      vertex 47.80502307585076 -6.402086784529345 1.1999999999999993
    endloop
  endfacet
  facet normal 0 0 -1
    outer loop
      vertex 48.074999999999996 -5.255736835487436 1.1999999999999993
      vertex 48.24510902307062 -5.339625322141366 1.1999999999999993
      vertex 48.127070482733444 -6.511407148351578 1.1999999999999993
    endloop
  endfacet
  facet normal 0 0 -1
    outer loop
      vertex 48.24510902307062 -5.339625322141366 1.1999999999999993
      vertex 48.42471238460134 -5.4005924481191485 1.1999999999999993
      vertex 48.127070482733444 -6.511407148351578 1.1999999999999993
    endloop
  endfacet
  facet normal 0 0 -1
    outer loop
      vertex 48.42471238460134 -5.4005924481191485 1.1999999999999993
      vertex 48.46063190022786 -6.577756639571907 1.1999999999999993
      vertex 48.127070482733444 -6.511407148351578 1.1999999999999993
    endloop
  endfacet
  facet normal 0 0 -1
    outer loop
      vertex 48.42471238460134 -5.4005924481191485 1.1999999999999993
      vertex 48.610737021280926 -5.437595048992025 1.1999999999999993
      vertex 48.46063190022786 -6.577756639571907 1.1999999999999993
    endloop
  endfacet
  facet normal 0 0 -1
    outer loop
      vertex 48.46063190022786 -6.577756639571907 1.1999999999999993
      vertex 48.610737021280926 -5.437595048992025 1.1999999999999993
      vertex 48.8 -5.45 1.1999999999999993
    endloop
  endfacet
  facet normal 0 0 -1
    outer loop
      vertex 48.46063190022786 -6.577756639571907 1.1999999999999993
      vertex 48.8 -5.45 1.1999999999999993
      vertex 48.8 -6.6 1.1999999999999993
    endloop
  endfacet
  facet normal 0 0 -1
    outer loop
      vertex 48.8 -5.45 1.1999999999999993
      vertex 48.98926297871907 -5.437595048992025 1.1999999999999993
      vertex 49.139368099772135 -6.577756639571907 1.1999999999999993
    endloop
  endfacet
  facet normal 0 0 -1
    outer loop
      vertex 48.8 -5.45 1.1999999999999993
      vertex 49.139368099772135 -6.577756639571907 1.1999999999999993
      vertex 48.8 -6.6 1.1999999999999993
    endloop
  endfacet
  facet normal 0 0 -1
    outer loop
      vertex 49.17528761539865 -5.4005924481191485 1.1999999999999993
      vertex 49.139368099772135 -6.577756639571907 1.1999999999999993
      vertex 48.98926297871907 -5.437595048992025 1.1999999999999993
    endloop
  endfacet
  facet normal 0 0 -1
    outer loop
      vertex 49.17528761539865 -5.4005924481191485 1.1999999999999993
      vertex 49.354890976929376 -5.339625322141366 1.1999999999999993
      vertex 49.47292951726655 -6.511407148351578 1.1999999999999993
    endloop
  endfacet
  facet normal 0 0 -1
    outer loop
      vertex 49.354890976929376 -5.339625322141366 1.1999999999999993
      vertex 49.525 -5.255736835487436 1.1999999999999993
      vertex 49.47292951726655 -6.511407148351578 1.1999999999999993
    endloop
  endfacet
  facet normal 0 0 -1
    outer loop
      vertex 49.17528761539865 -5.4005924481191485 1.1999999999999993
      vertex 49.47292951726655 -6.511407148351578 1.1999999999999993
      vertex 49.139368099772135 -6.577756639571907 1.1999999999999993
    endloop
  endfacet
  facet normal 0 0 -1
    outer loop
      vertex 49.47292951726655 -1.4885928516484221 1.1999999999999993
      vertex 49.79497692414923 -1.5979132154706543 1.1999999999999993
      vertex 49.525 -2.744263164512564 1.1999999999999993
    endloop
  endfacet
  facet normal 0 0 -1
    outer loop
      vertex 49.79497692414923 -1.5979132154706543 1.1999999999999993
      vertex 49.68270407206264 -2.849637656577709 1.1999999999999993
      vertex 49.525 -2.744263164512564 1.1999999999999993
    endloop
  endfacet
  facet normal 0 0 -1
    outer loop
      vertex 49.79497692414923 -1.5979132154706543 1.1999999999999993
      vertex 50.099999999999994 -1.7483339501604598 1.1999999999999993
      vertex 49.82530483272049 -2.9746951672795063 1.1999999999999993
    endloop
  endfacet
  facet normal 0 0 -1
    outer loop
      vertex 49.79497692414923 -1.5979132154706543 1.1999999999999993
      vertex 49.82530483272049 -2.9746951672795063 1.1999999999999993
      vertex 49.68270407206264 -2.849637656577709 1.1999999999999993
    endloop
  endfacet
  facet normal 0 0 -1
    outer loop
      vertex 50.099999999999994 -1.7483339501604598 1.1999999999999993
      vertex 49.950362343422285 -3.117295927937355 1.1999999999999993
      vertex 49.82530483272049 -2.9746951672795063 1.1999999999999993
    endloop
  endfacet
  facet normal 0 0 -1
    outer loop
      vertex 50.099999999999994 -1.7483339501604598 1.1999999999999993
      vertex 50.05573683548743 -3.275 1.1999999999999993
      vertex 49.950362343422285 -3.117295927937355 1.1999999999999993
    endloop
  endfacet
  facet normal 0 0 -1
    outer loop
      vertex 50.099999999999994 -1.7483339501604598 1.1999999999999993
      vertex 50.13962532214136 -3.4451090230706196 1.1999999999999993
      vertex 50.05573683548743 -3.275 1.1999999999999993
    endloop
  endfacet
  facet normal 0 0 -1
    outer loop
      vertex 50.099999999999994 -1.7483339501604598 1.1999999999999993
      vertex 50.38277971542267 -1.9372813152427883 1.1999999999999993
      vertex 50.200592448119146 -3.624712384601345 1.1999999999999993
    endloop
  endfacet
  facet normal 0 0 -1
    outer loop
      vertex 50.099999999999994 -1.7483339501604598 1.1999999999999993
      vertex 50.200592448119146 -3.624712384601345 1.1999999999999993
      vertex 50.13962532214136 -3.4451090230706196 1.1999999999999993
    endloop
  endfacet
  facet normal 0 0 -1
    outer loop
      vertex 50.38277971542267 -1.9372813152427883 1.1999999999999993
      vertex 50.23759504899202 -3.810737021280925 1.1999999999999993
      vertex 50.200592448119146 -3.624712384601345 1.1999999999999993
    endloop
  endfacet
  facet normal 0 0 -1
    outer loop
      vertex 50.38277971542267 -1.9372813152427883 1.1999999999999993
      vertex 50.25 -4 1.1999999999999993
      vertex 50.23759504899202 -3.810737021280925 1.1999999999999993
    endloop
  endfacet
  facet normal 0 0 -1
    outer loop
      vertex 50.38277971542267 -1.9372813152427883 1.1999999999999993
      vertex 50.38277971542267 -6.062718684757211 1.1999999999999993
      vertex 50.25 -4 1.1999999999999993
    endloop
  endfacet
  facet normal 0 0 -1
    outer loop
      vertex 49.82530483272049 -5.025304832720494 1.1999999999999993
      vertex 49.950362343422285 -4.882704072062645 1.1999999999999993
      vertex 50.099999999999994 -6.251666049839541 1.1999999999999993
    endloop
  endfacet
  facet normal 0 0 -1
    outer loop
      vertex 50.05573683548743 -4.725 1.1999999999999993
      vertex 50.099999999999994 -6.251666049839541 1.1999999999999993
      vertex 49.950362343422285 -4.882704072062645 1.1999999999999993
    endloop
  endfacet
  facet normal 0 0 -1
    outer loop
      vertex 50.05573683548743 -4.725 1.1999999999999993
      vertex 50.13962532214136 -4.55489097692938 1.1999999999999993
      vertex 50.099999999999994 -6.251666049839541 1.1999999999999993
    endloop
  endfacet
  facet normal 0 0 -1
    outer loop
      vertex 50.25 -4 1.1999999999999993
      vertex 50.38277971542267 -6.062718684757211 1.1999999999999993
      vertex 50.23759504899202 -4.189262978719075 1.1999999999999993
    endloop
  endfacet
  facet normal 0 0 -1
    outer loop
      vertex 50.13962532214136 -4.55489097692938 1.1999999999999993
      vertex 50.200592448119146 -4.375287615398655 1.1999999999999993
      vertex 50.38277971542267 -6.062718684757211 1.1999999999999993
    endloop
  endfacet
  facet normal 0 0 -1
    outer loop
      vertex 50.23759504899202 -4.189262978719075 1.1999999999999993
      vertex 50.38277971542267 -6.062718684757211 1.1999999999999993
      vertex 50.200592448119146 -4.375287615398655 1.1999999999999993
    endloop
  endfacet
  facet normal 0 0 -1
    outer loop
      vertex 49.525 -5.255736835487436 1.1999999999999993
      vertex 49.68270407206264 -5.150362343422291 1.1999999999999993
      vertex 49.79497692414923 -6.402086784529345 1.1999999999999993
    endloop
  endfacet
  facet normal 0 0 -1
    outer loop
      vertex 49.47292951726655 -6.511407148351578 1.1999999999999993
      vertex 49.525 -5.255736835487436 1.1999999999999993
      vertex 49.79497692414923 -6.402086784529345 1.1999999999999993
    endloop
  endfacet
  facet normal 0 0 -1
    outer loop
      vertex 49.68270407206264 -5.150362343422291 1.1999999999999993
      vertex 49.82530483272049 -5.025304832720494 1.1999999999999993
      vertex 49.79497692414923 -6.402086784529345 1.1999999999999993
    endloop
  endfacet
  facet normal 0 0 -1
    outer loop
      vertex 49.82530483272049 -5.025304832720494 1.1999999999999993
      vertex 50.099999999999994 -6.251666049839541 1.1999999999999993
      vertex 49.79497692414923 -6.402086784529345 1.1999999999999993
    endloop
  endfacet
  facet normal 0 0 -1
    outer loop
      vertex 50.13962532214136 -4.55489097692938 1.1999999999999993
      vertex 50.38277971542267 -6.062718684757211 1.1999999999999993
      vertex 50.099999999999994 -6.251666049839541 1.1999999999999993
    endloop
  endfacet
  facet normal 0 0 -1
    outer loop
      vertex 50.38277971542267 -1.9372813152427883 1.1999999999999993
      vertex 50.638477631085024 -2.1615223689149765 1.1999999999999993
      vertex 50.638477631085024 -5.8384776310850235 1.1999999999999993
    endloop
  endfacet
  facet normal 0 0 -1
    outer loop
      vertex 50.638477631085024 -2.1615223689149765 1.1999999999999993
      vertex 50.86271868475721 -2.4172202845773265 1.1999999999999993
      vertex 50.86271868475721 -5.5827797154226735 1.1999999999999993
    endloop
  endfacet
  facet normal 0 0 -1
    outer loop
      vertex 50.38277971542267 -1.9372813152427883 1.1999999999999993
      vertex 50.638477631085024 -5.8384776310850235 1.1999999999999993
      vertex 50.38277971542267 -6.062718684757211 1.1999999999999993
    endloop
  endfacet
  facet normal 0 0 -1
    outer loop
      vertex 50.638477631085024 -2.1615223689149765 1.1999999999999993
      vertex 50.86271868475721 -5.5827797154226735 1.1999999999999993
      vertex 50.638477631085024 -5.8384776310850235 1.1999999999999993
    endloop
  endfacet
  facet normal 0 0 -1
    outer loop
      vertex 50.86271868475721 -2.4172202845773265 1.1999999999999993
      vertex 51.05166604983954 -2.7 1.1999999999999993
      vertex 51.05166604983954 -5.3 1.1999999999999993
    endloop
  endfacet
  facet normal 0 0 -1
    outer loop
      vertex 51.05166604983954 -2.7 1.1999999999999993
      vertex 51.20208678452934 -3.0050230758507666 1.1999999999999993
      vertex 51.20208678452934 -4.994976924149233 1.1999999999999993
    endloop
  endfacet
  facet normal 0 0 -1
    outer loop
      vertex 50.86271868475721 -2.4172202845773265 1.1999999999999993
      vertex 51.05166604983954 -5.3 1.1999999999999993
      vertex 50.86271868475721 -5.5827797154226735 1.1999999999999993
    endloop
  endfacet
  facet normal 0 0 -1
    outer loop
      vertex 51.05166604983954 -2.7 1.1999999999999993
      vertex 51.20208678452934 -4.994976924149233 1.1999999999999993
      vertex 51.05166604983954 -5.3 1.1999999999999993
    endloop
  endfacet
  facet normal 0 0 -1
    outer loop
      vertex 51.20208678452934 -3.0050230758507666 1.1999999999999993
      vertex 51.31140714835158 -4.672929517266554 1.1999999999999993
      vertex 51.20208678452934 -4.994976924149233 1.1999999999999993
    endloop
  endfacet
  facet normal 0.3214394653031601 -0.9469301294951061 0
    outer loop
      vertex 47.80502307585076 -1.5979132154706543 1.1999999999999993
      vertex 47.80502307585076 -1.5979132154706543 0
      vertex 48.127070482733444 -1.4885928516484221 1.1999999999999993
    endloop
  endfacet
  facet normal 0.19509032201612947 -0.9807852804032303 0
    outer loop
      vertex 48.127070482733444 -1.4885928516484221 1.1999999999999993
      vertex 48.127070482733444 -1.4885928516484221 0
      vertex 48.46063190022786 -1.422243360428093 1.1999999999999993
    endloop
  endfacet
  facet normal 0.06540312923014309 -0.9978589232386035 0
    outer loop
      vertex 48.46063190022786 -1.422243360428093 1.1999999999999993
      vertex 48.46063190022786 -1.422243360428093 0
      vertex 48.8 -1.4 1.1999999999999993
    endloop
  endfacet
  facet normal -0.06540312923014309 -0.9978589232386035 0
    outer loop
      vertex 48.8 -1.4 1.1999999999999993
      vertex 48.8 -1.4 0
      vertex 49.139368099772135 -1.422243360428093 1.1999999999999993
    endloop
  endfacet
  facet normal -0.19509032201612947 -0.9807852804032303 0
    outer loop
      vertex 49.139368099772135 -1.422243360428093 1.1999999999999993
      vertex 49.139368099772135 -1.422243360428093 0
      vertex 49.47292951726655 -1.4885928516484221 1.1999999999999993
    endloop
  endfacet
  facet normal 0.442288690219007 -0.8968727415326855 5.864133152894001e-18
    outer loop
      vertex 47.5 -1.7483339501604598 0
      vertex 47.80502307585076 -1.5979132154706543 0
      vertex 47.80502307585076 -1.5979132154706543 1.1999999999999993
    endloop
  endfacet
  facet normal 0.3214394653031601 -0.9469301294951061 0
    outer loop
      vertex 48.127070482733444 -1.4885928516484221 1.1999999999999993
      vertex 47.80502307585076 -1.5979132154706543 0
      vertex 48.127070482733444 -1.4885928516484221 0
    endloop
  endfacet
  facet normal 0.19509032201612947 -0.9807852804032303 0
    outer loop
      vertex 48.46063190022786 -1.422243360428093 1.1999999999999993
      vertex 48.127070482733444 -1.4885928516484221 0
      vertex 48.46063190022786 -1.422243360428093 0
    endloop
  endfacet
  facet normal 0.06540312923014309 -0.9978589232386035 0
    outer loop
      vertex 48.8 -1.4 1.1999999999999993
      vertex 48.46063190022786 -1.422243360428093 0
      vertex 48.8 -1.4 0
    endloop
  endfacet
  facet normal -0.06540312923014309 -0.9978589232386035 0
    outer loop
      vertex 49.139368099772135 -1.422243360428093 1.1999999999999993
      vertex 48.8 -1.4 0
      vertex 49.139368099772135 -1.422243360428093 0
    endloop
  endfacet
  facet normal -0.19509032201612947 -0.9807852804032303 0
    outer loop
      vertex 49.47292951726655 -1.4885928516484221 1.1999999999999993
      vertex 49.139368099772135 -1.422243360428093 0
      vertex 49.47292951726655 -1.4885928516484221 0
    endloop
  endfacet
  facet normal 0.4422886902190049 0.8968727415326866 -5.133822224879007e-18
    outer loop
      vertex 47.5 -6.251666049839541 1.1999999999999993
      vertex 47.80502307585076 -6.402086784529345 1.1999999999999993
      vertex 47.80502307585076 -6.402086784529345 0
    endloop
  endfacet
  facet normal 0.3214394653031625 0.9469301294951054 5.7438564821692294e-18
    outer loop
      vertex 47.80502307585076 -6.402086784529345 1.1999999999999993
      vertex 48.127070482733444 -6.511407148351578 1.1999999999999993
      vertex 48.127070482733444 -6.511407148351578 0
    endloop
  endfacet
  facet normal 0.19509032201612947 0.9807852804032303 -4.1757584020279175e-18
    outer loop
      vertex 48.127070482733444 -6.511407148351578 1.1999999999999993
      vertex 48.46063190022786 -6.577756639571907 1.1999999999999993
      vertex 48.46063190022786 -6.577756639571907 0
    endloop
  endfacet
  facet normal 0.06540312923014048 0.9978589232386036 9.288063869590862e-19
    outer loop
      vertex 48.46063190022786 -6.577756639571907 1.1999999999999993
      vertex 48.8 -6.6 1.1999999999999993
      vertex 48.8 -6.6 0
    endloop
  endfacet
  facet normal -0.06540312923014048 0.9978589232386036 -9.288063869590862e-19
    outer loop
      vertex 48.8 -6.6 1.1999999999999993
      vertex 49.139368099772135 -6.577756639571907 1.1999999999999993
      vertex 49.139368099772135 -6.577756639571907 0
    endloop
  endfacet
  facet normal -0.19509032201612947 0.9807852804032303 4.1757584020279175e-18
    outer loop
      vertex 49.139368099772135 -6.577756639571907 1.1999999999999993
      vertex 49.47292951726655 -6.511407148351578 1.1999999999999993
      vertex 49.47292951726655 -6.511407148351578 0
    endloop
  endfacet
  facet normal 0.3214394653031625 0.9469301294951054 0
    outer loop
      vertex 47.80502307585076 -6.402086784529345 1.1999999999999993
      vertex 48.127070482733444 -6.511407148351578 0
      vertex 47.80502307585076 -6.402086784529345 0
    endloop
  endfacet
  facet normal 0.19509032201612947 0.9807852804032303 0
    outer loop
      vertex 48.127070482733444 -6.511407148351578 1.1999999999999993
      vertex 48.46063190022786 -6.577756639571907 0
      vertex 48.127070482733444 -6.511407148351578 0
    endloop
  endfacet
  facet normal 0.06540312923014048 0.9978589232386036 0
    outer loop
      vertex 48.46063190022786 -6.577756639571907 1.1999999999999993
      vertex 48.8 -6.6 0
      vertex 48.46063190022786 -6.577756639571907 0
    endloop
  endfacet
  facet normal -0.06540312923014048 0.9978589232386036 0
    outer loop
      vertex 48.8 -6.6 1.1999999999999993
      vertex 49.139368099772135 -6.577756639571907 0
      vertex 48.8 -6.6 0
    endloop
  endfacet
  facet normal -0.19509032201612947 0.9807852804032303 0
    outer loop
      vertex 49.139368099772135 -6.577756639571907 1.1999999999999993
      vertex 49.47292951726655 -6.511407148351578 0
      vertex 49.139368099772135 -6.577756639571907 0
    endloop
  endfacet
  facet normal -0.3214394653031601 -0.9469301294951061 0
    outer loop
      vertex 49.47292951726655 -1.4885928516484221 1.1999999999999993
      vertex 49.47292951726655 -1.4885928516484221 0
      vertex 49.79497692414923 -1.5979132154706543 1.1999999999999993
    endloop
  endfacet
  facet normal -0.442288690219007 -0.8968727415326855 0
    outer loop
      vertex 49.79497692414923 -1.5979132154706543 1.1999999999999993
      vertex 49.79497692414923 -1.5979132154706543 0
      vertex 50.099999999999994 -1.7483339501604598 1.1999999999999993
    endloop
  endfacet
  facet normal -0.5555702330195964 -0.8314696123025491 0
    outer loop
      vertex 50.099999999999994 -1.7483339501604598 1.1999999999999993
      vertex 50.099999999999994 -1.7483339501604598 0
      vertex 50.38277971542267 -1.9372813152427883 1.1999999999999993
    endloop
  endfacet
  facet normal -0.6593458151000653 -0.7518398074789805 0
    outer loop
      vertex 50.38277971542267 -1.9372813152427883 1.1999999999999993
      vertex 50.38277971542267 -1.9372813152427883 0
      vertex 50.638477631085024 -2.1615223689149765 1.1999999999999993
    endloop
  endfacet
  facet normal -0.7518398074789776 -0.6593458151000685 0
    outer loop
      vertex 50.638477631085024 -2.1615223689149765 1.1999999999999993
      vertex 50.638477631085024 -2.1615223689149765 0
      vertex 50.86271868475721 -2.4172202845773265 1.1999999999999993
    endloop
  endfacet
  facet normal -0.831469612302547 -0.5555702330195994 0
    outer loop
      vertex 50.86271868475721 -2.4172202845773265 1.1999999999999993
      vertex 50.86271868475721 -2.4172202845773265 0
      vertex 51.05166604983954 -2.7 1.1999999999999993
    endloop
  endfacet
  facet normal -0.8968727415326909 -0.4422886902189961 0
    outer loop
      vertex 51.05166604983954 -2.7 1.1999999999999993
      vertex 51.05166604983954 -2.7 0
      vertex 51.20208678452934 -3.0050230758507666 1.1999999999999993
    endloop
  endfacet
  facet normal -0.3214394653031601 -0.9469301294951061 0
    outer loop
      vertex 49.79497692414923 -1.5979132154706543 1.1999999999999993
      vertex 49.47292951726655 -1.4885928516484221 0
      vertex 49.79497692414923 -1.5979132154706543 0
    endloop
  endfacet
  facet normal -0.442288690219007 -0.8968727415326855 0
    outer loop
      vertex 50.099999999999994 -1.7483339501604598 1.1999999999999993
      vertex 49.79497692414923 -1.5979132154706543 0
      vertex 50.099999999999994 -1.7483339501604598 0
    endloop
  endfacet
  facet normal -0.5555702330195964 -0.8314696123025491 0
    outer loop
      vertex 50.38277971542267 -1.9372813152427883 1.1999999999999993
      vertex 50.099999999999994 -1.7483339501604598 0
      vertex 50.38277971542267 -1.9372813152427883 0
    endloop
  endfacet
  facet normal -0.6593458151000653 -0.7518398074789805 0
    outer loop
      vertex 50.638477631085024 -2.1615223689149765 1.1999999999999993
      vertex 50.38277971542267 -1.9372813152427883 0
      vertex 50.638477631085024 -2.1615223689149765 0
    endloop
  endfacet
  facet normal -0.7518398074789776 -0.6593458151000685 0
    outer loop
      vertex 50.86271868475721 -2.4172202845773265 1.1999999999999993
      vertex 50.638477631085024 -2.1615223689149765 0
      vertex 50.86271868475721 -2.4172202845773265 0
    endloop
  endfacet
  facet normal -0.831469612302547 -0.5555702330195994 0
    outer loop
      vertex 51.05166604983954 -2.7 1.1999999999999993
      vertex 50.86271868475721 -2.4172202845773265 0
      vertex 51.05166604983954 -2.7 0
    endloop
  endfacet
  facet normal -0.8968727415326909 -0.4422886902189961 0
    outer loop
      vertex 51.20208678452934 -3.0050230758507666 1.1999999999999993
      vertex 51.05166604983954 -2.7 0
      vertex 51.20208678452934 -3.0050230758507666 0
    endloop
  endfacet
  facet normal -0.3214394653031625 0.9469301294951054 -5.7438564821692294e-18
    outer loop
      vertex 49.47292951726655 -6.511407148351578 1.1999999999999993
      vertex 49.79497692414923 -6.402086784529345 1.1999999999999993
      vertex 49.79497692414923 -6.402086784529345 0
    endloop
  endfacet
  facet normal -0.4422886902190049 0.8968727415326866 5.133822224879007e-18
    outer loop
      vertex 49.79497692414923 -6.402086784529345 1.1999999999999993
      vertex 50.099999999999994 -6.251666049839541 1.1999999999999993
      vertex 50.099999999999994 -6.251666049839541 0
    endloop
  endfacet
  facet normal -0.5555702330195982 0.8314696123025479 4.736350530376261e-18
    outer loop
      vertex 50.099999999999994 -6.251666049839541 1.1999999999999993
      vertex 50.38277971542267 -6.062718684757211 1.1999999999999993
      vertex 50.38277971542267 -6.062718684757211 0
    endloop
  endfacet
  facet normal -0.9469301294951031 -0.32143946530316914 0
    outer loop
      vertex 51.20208678452934 -3.0050230758507666 1.1999999999999993
      vertex 51.20208678452934 -3.0050230758507666 0
      vertex 51.31140714835158 -3.327070482733446 1.1999999999999993
    endloop
  endfacet
  facet normal -0.831469612302547 0.5555702330195994 0
    outer loop
      vertex 51.05166604983954 -5.3 1.1999999999999993
      vertex 51.05166604983954 -5.3 0
      vertex 50.86271868475721 -5.5827797154226735 1.1999999999999993
    endloop
  endfacet
  facet normal -0.8968727415326911 0.44228869021899553 8.251407368248568e-18
    outer loop
      vertex 51.05166604983954 -5.3 1.1999999999999993
      vertex 51.20208678452934 -4.994976924149233 1.1999999999999993
      vertex 51.20208678452934 -4.994976924149233 0
    endloop
  endfacet
  facet normal -0.6593458151000646 0.7518398074789812 -1.5525486912438723e-18
    outer loop
      vertex 50.38277971542267 -6.062718684757211 1.1999999999999993
      vertex 50.638477631085024 -5.8384776310850235 1.1999999999999993
      vertex 50.638477631085024 -5.8384776310850235 0
    endloop
  endfacet
  facet normal -0.7518398074789776 0.6593458151000685 -3.3983944447602227e-18
    outer loop
      vertex 50.638477631085024 -5.8384776310850235 1.1999999999999993
      vertex 50.86271868475721 -5.5827797154226735 1.1999999999999993
      vertex 50.86271868475721 -5.5827797154226735 0
    endloop
  endfacet
  facet normal -0.3214394653031625 0.9469301294951054 0
    outer loop
      vertex 49.47292951726655 -6.511407148351578 1.1999999999999993
      vertex 49.79497692414923 -6.402086784529345 0
      vertex 49.47292951726655 -6.511407148351578 0
    endloop
  endfacet
  facet normal -0.4422886902190049 0.8968727415326866 0
    outer loop
      vertex 49.79497692414923 -6.402086784529345 1.1999999999999993
      vertex 50.099999999999994 -6.251666049839541 0
      vertex 49.79497692414923 -6.402086784529345 0
    endloop
  endfacet
  facet normal -0.5555702330195982 0.8314696123025479 0
    outer loop
      vertex 50.099999999999994 -6.251666049839541 1.1999999999999993
      vertex 50.38277971542267 -6.062718684757211 0
      vertex 50.099999999999994 -6.251666049839541 0
    endloop
  endfacet
  facet normal -0.8968727415326911 0.44228869021899553 0
    outer loop
      vertex 51.05166604983954 -5.3 1.1999999999999993
      vertex 51.20208678452934 -4.994976924149233 0
      vertex 51.05166604983954 -5.3 0
    endloop
  endfacet
  facet normal -0.946930129495103 0.3214394653031696 0
    outer loop
      vertex 51.20208678452934 -4.994976924149233 1.1999999999999993
      vertex 51.31140714835158 -4.672929517266554 0
      vertex 51.20208678452934 -4.994976924149233 0
    endloop
  endfacet
  facet normal -0.6593458151000646 0.7518398074789812 0
    outer loop
      vertex 50.38277971542267 -6.062718684757211 1.1999999999999993
      vertex 50.638477631085024 -5.8384776310850235 0
      vertex 50.38277971542267 -6.062718684757211 0
    endloop
  endfacet
  facet normal -0.7518398074789776 0.6593458151000685 0
    outer loop
      vertex 50.638477631085024 -5.8384776310850235 1.1999999999999993
      vertex 50.86271868475721 -5.5827797154226735 0
      vertex 50.638477631085024 -5.8384776310850235 0
    endloop
  endfacet
  facet normal -0.831469612302547 0.5555702330195994 0
    outer loop
      vertex 50.86271868475721 -5.5827797154226735 1.1999999999999993
      vertex 51.05166604983954 -5.3 0
      vertex 50.86271868475721 -5.5827797154226735 0
    endloop
  endfacet
  facet normal 0 0 -1
    outer loop
      vertex 51.20208678452934 -3.0050230758507666 1.1999999999999993
      vertex 51.31140714835158 -3.327070482733446 1.1999999999999993
      vertex 51.31140714835158 -4.672929517266554 1.1999999999999993
    endloop
  endfacet
  facet normal 0 0 -1
    outer loop
      vertex 51.31140714835158 -3.327070482733446 1.1999999999999993
      vertex 51.377756639571906 -3.660631900227866 1.1999999999999993
      vertex 51.377756639571906 -4.339368099772134 1.1999999999999993
    endloop
  endfacet
  facet normal 0 0 -1
    outer loop
      vertex 51.31140714835158 -3.327070482733446 1.1999999999999993
      vertex 51.377756639571906 -4.339368099772134 1.1999999999999993
      vertex 51.31140714835158 -4.672929517266554 1.1999999999999993
    endloop
  endfacet
  facet normal 0 0 -1
    outer loop
      vertex 51.377756639571906 -3.660631900227866 1.1999999999999993
      vertex 51.4 -4 1.1999999999999993
      vertex 51.377756639571906 -4.339368099772134 1.1999999999999993
    endloop
  endfacet
  facet normal -0.9807852804032307 -0.19509032201612694 0
    outer loop
      vertex 51.31140714835158 -3.327070482733446 1.1999999999999993
      vertex 51.31140714835158 -3.327070482733446 0
      vertex 51.377756639571906 -3.660631900227866 1.1999999999999993
    endloop
  endfacet
  facet normal -0.9978589232386036 -0.06540312923014117 0
    outer loop
      vertex 51.377756639571906 -3.660631900227866 1.1999999999999993
      vertex 51.377756639571906 -3.660631900227866 0
      vertex 51.4 -4 1.1999999999999993
    endloop
  endfacet
  facet normal -0.9978589232386036 0.06540312923014117 0
    outer loop
      vertex 51.4 -4 1.1999999999999993
      vertex 51.4 -4 0
      vertex 51.377756639571906 -4.339368099772134 1.1999999999999993
    endloop
  endfacet
  facet normal -0.9807852804032307 0.19509032201612694 3.5581401055935035e-18
    outer loop
      vertex 51.31140714835158 -4.672929517266554 1.1999999999999993
      vertex 51.377756639571906 -4.339368099772134 1.1999999999999993
      vertex 51.377756639571906 -4.339368099772134 0
    endloop
  endfacet
  facet normal -0.946930129495103 0.3214394653031696 2.164183080431527e-18
    outer loop
      vertex 51.20208678452934 -4.994976924149233 1.1999999999999993
      vertex 51.31140714835158 -4.672929517266554 1.1999999999999993
      vertex 51.31140714835158 -4.672929517266554 0
    endloop
  endfacet
  facet normal -0.9469301294951031 -0.32143946530316914 0
    outer loop
      vertex 51.31140714835158 -3.327070482733446 1.1999999999999993
      vertex 51.20208678452934 -3.0050230758507666 0
      vertex 51.31140714835158 -3.327070482733446 0
    endloop
  endfacet
  facet normal -0.9807852804032307 -0.19509032201612694 0
    outer loop
      vertex 51.377756639571906 -3.660631900227866 1.1999999999999993
      vertex 51.31140714835158 -3.327070482733446 0
      vertex 51.377756639571906 -3.660631900227866 0
    endloop
  endfacet
  facet normal -0.9978589232386036 -0.06540312923014117 0
    outer loop
      vertex 51.4 -4 1.1999999999999993
      vertex 51.377756639571906 -3.660631900227866 0
      vertex 51.4 -4 0
    endloop
  endfacet
  facet normal -0.9807852804032307 0.19509032201612694 0
    outer loop
      vertex 51.31140714835158 -4.672929517266554 1.1999999999999993
      vertex 51.377756639571906 -4.339368099772134 0
      vertex 51.31140714835158 -4.672929517266554 0
    endloop
  endfacet
  facet normal -0.9978589232386036 0.06540312923014117 0
    outer loop
      vertex 51.377756639571906 -4.339368099772134 1.1999999999999993
      vertex 51.4 -4 0
      vertex 51.377756639571906 -4.339368099772134 0
    endloop
  endfacet
  facet normal 0.9807852804032297 -0.19509032201613236 -1.6295371419538916e-18
    outer loop
      vertex 2.599407551880851 -149.62471238460134 2.3999999999999986
      vertex 2.562404951007975 -149.81073702128091 2.3999999999999986
      vertex 2.562404951007975 -149.81073702128091 1.1999999999999993
    endloop
  endfacet
  facet normal 0.9469301294951051 -0.3214394653031631 0
    outer loop
      vertex 2.599407551880851 -149.62471238460134 2.3999999999999986
      vertex 2.599407551880851 -149.62471238460134 1.1999999999999993
      vertex 2.660374677858634 -149.44510902307061 2.3999999999999986
    endloop
  endfacet
  facet normal 0.8968727415326762 -0.44228869021902584 0
    outer loop
      vertex 2.660374677858634 -149.44510902307061 2.3999999999999986
      vertex 2.660374677858634 -149.44510902307061 1.1999999999999993
      vertex 2.744263164512564 -149.275 2.3999999999999986
    endloop
  endfacet
  facet normal 0.831469612302542 -0.555570233019607 2.0213766340432895e-18
    outer loop
      vertex 2.849637656577709 -149.11729592793736 2.3999999999999986
      vertex 2.744263164512564 -149.275 2.3999999999999986
      vertex 2.744263164512564 -149.275 1.1999999999999993
    endloop
  endfacet
  facet normal 0.9978589232386037 -0.06540312923014048 4.952503158304696e-19
    outer loop
      vertex 2.562404951007975 -149.81073702128091 2.3999999999999986
      vertex 2.55 -150 2.3999999999999986
      vertex 2.55 -150 1.1999999999999993
    endloop
  endfacet
  facet normal 0.9978589232386037 0.06540312923014048 -4.952503158304696e-19
    outer loop
      vertex 2.55 -150 2.3999999999999986
      vertex 2.562404951007975 -150.18926297871909 2.3999999999999986
      vertex 2.562404951007975 -150.18926297871909 1.1999999999999993
    endloop
  endfacet
  facet normal 0.9807852804032297 0.19509032201613236 1.6295371419538916e-18
    outer loop
      vertex 2.562404951007975 -150.18926297871909 2.3999999999999986
      vertex 2.599407551880851 -150.37528761539866 2.3999999999999986
      vertex 2.599407551880851 -150.37528761539866 1.1999999999999993
    endloop
  endfacet
  facet normal 0.9469301294951051 0.3214394653031631 -1.0525435896465501e-18
    outer loop
      vertex 2.599407551880851 -150.37528761539866 2.3999999999999986
      vertex 2.660374677858634 -150.55489097692939 2.3999999999999986
      vertex 2.660374677858634 -150.55489097692939 1.1999999999999993
    endloop
  endfacet
  facet normal 0.8968727415326762 0.44228869021902584 -3.0230704360670075e-20
    outer loop
      vertex 2.660374677858634 -150.55489097692939 2.3999999999999986
      vertex 2.744263164512564 -150.725 2.3999999999999986
      vertex 2.744263164512564 -150.725 1.1999999999999993
    endloop
  endfacet
  facet normal 0.831469612302542 0.555570233019607 -2.0213766340432895e-18
    outer loop
      vertex 2.744263164512564 -150.725 2.3999999999999986
      vertex 2.849637656577709 -150.88270407206264 2.3999999999999986
      vertex 2.849637656577709 -150.88270407206264 1.1999999999999993
    endloop
  endfacet
  facet normal 0.7518398074790268 -0.6593458151000126 0
    outer loop
      vertex 2.849637656577709 -149.11729592793736 2.3999999999999986
      vertex 2.849637656577709 -149.11729592793736 1.1999999999999993
      vertex 2.9746951672795063 -148.9746951672795 2.3999999999999986
    endloop
  endfacet
  facet normal 0.6593458151000601 -0.7518398074789852 0
    outer loop
      vertex 2.9746951672795063 -148.9746951672795 2.3999999999999986
      vertex 2.9746951672795063 -148.9746951672795 1.1999999999999993
      vertex 3.117295927937355 -148.8496376565777 2.3999999999999986
    endloop
  endfacet
  facet normal 0.5555702330195255 -0.8314696123025966 0
    outer loop
      vertex 3.117295927937355 -148.8496376565777 2.3999999999999986
      vertex 3.117295927937355 -148.8496376565777 1.1999999999999993
      vertex 3.275 -148.74426316451257 2.3999999999999986
    endloop
  endfacet
  facet normal 0.7518398074790268 0.6593458151000126 -9.452750688352988e-19
    outer loop
      vertex 2.849637656577709 -150.88270407206264 2.3999999999999986
      vertex 2.9746951672795063 -151.0253048327205 2.3999999999999986
      vertex 2.9746951672795063 -151.0253048327205 1.1999999999999993
    endloop
  endfacet
  facet normal 0.6593458151000601 0.7518398074789852 5.01867432954595e-18
    outer loop
      vertex 2.9746951672795063 -151.0253048327205 2.3999999999999986
      vertex 3.117295927937355 -151.1503623434223 2.3999999999999986
      vertex 3.117295927937355 -151.1503623434223 1.1999999999999993
    endloop
  endfacet
  facet normal 0.5555702330195255 0.8314696123025966 2.673942027872908e-18
    outer loop
      vertex 3.117295927937355 -151.1503623434223 2.3999999999999986
      vertex 3.275 -151.25573683548743 2.3999999999999986
      vertex 3.275 -151.25573683548743 1.1999999999999993
    endloop
  endfacet
  facet normal 0.19509032201615578 -0.980785280403225 2.6834870630241206e-19
    outer loop
      vertex 3.810737021280925 -148.56240495100798 2.3999999999999986
      vertex 3.624712384601345 -148.59940755188086 2.3999999999999986
      vertex 3.624712384601345 -148.59940755188086 1.1999999999999993
    endloop
  endfacet
  facet normal 0.06540312923009518 -0.9978589232386067 0
    outer loop
      vertex 3.810737021280925 -148.56240495100798 2.3999999999999986
      vertex 3.810737021280925 -148.56240495100798 1.1999999999999993
      vertex 4 -148.55 2.3999999999999986
    endloop
  endfacet
  facet normal -0.06540312923009518 -0.9978589232386067 0
    outer loop
      vertex 4 -148.55 2.3999999999999986
      vertex 4 -148.55 1.1999999999999993
      vertex 4.189262978719075 -148.56240495100798 2.3999999999999986
    endloop
  endfacet
  facet normal 0.4422886902190158 -0.8968727415326813 0
    outer loop
      vertex 3.275 -148.74426316451257 2.3999999999999986
      vertex 3.275 -148.74426316451257 1.1999999999999993
      vertex 3.4451090230706196 -148.66037467785864 2.3999999999999986
    endloop
  endfacet
  facet normal 0.3214394653031581 -0.9469301294951068 0
    outer loop
      vertex 3.4451090230706196 -148.66037467785864 2.3999999999999986
      vertex 3.4451090230706196 -148.66037467785864 1.1999999999999993
      vertex 3.624712384601345 -148.59940755188086 2.3999999999999986
    endloop
  endfacet
  facet normal -0.19509032201615578 -0.980785280403225 0
    outer loop
      vertex 4.189262978719075 -148.56240495100798 2.3999999999999986
      vertex 4.189262978719075 -148.56240495100798 1.1999999999999993
      vertex 4.375287615398655 -148.59940755188086 2.3999999999999986
    endloop
  endfacet
  facet normal -0.3214394653031581 -0.9469301294951068 0
    outer loop
      vertex 4.375287615398655 -148.59940755188086 2.3999999999999986
      vertex 4.375287615398655 -148.59940755188086 1.1999999999999993
      vertex 4.55489097692938 -148.66037467785864 2.3999999999999986
    endloop
  endfacet
  facet normal -0.4422886902190167 -0.8968727415326807 0
    outer loop
      vertex 4.55489097692938 -148.66037467785864 2.3999999999999986
      vertex 4.55489097692938 -148.66037467785864 1.1999999999999993
      vertex 4.725 -148.74426316451257 2.3999999999999986
    endloop
  endfacet
  facet normal -0.5555702330195244 -0.8314696123025972 0
    outer loop
      vertex 4.725 -148.74426316451257 2.3999999999999986
      vertex 4.725 -148.74426316451257 1.1999999999999993
      vertex 4.882704072062645 -148.8496376565777 2.3999999999999986
    endloop
  endfacet
  facet normal -0.6593458151000601 -0.7518398074789852 0
    outer loop
      vertex 4.882704072062645 -148.8496376565777 2.3999999999999986
      vertex 4.882704072062645 -148.8496376565777 1.1999999999999993
      vertex 5.025304832720494 -148.9746951672795 2.3999999999999986
    endloop
  endfacet
  facet normal -0.7518398074790268 -0.6593458151000126 0
    outer loop
      vertex 5.025304832720494 -148.9746951672795 2.3999999999999986
      vertex 5.025304832720494 -148.9746951672795 1.1999999999999993
      vertex 5.150362343422291 -149.11729592793736 2.3999999999999986
    endloop
  endfacet
  facet normal 0.4422886902190158 0.8968727415326813 2.091013999290054e-18
    outer loop
      vertex 3.275 -151.25573683548743 2.3999999999999986
      vertex 3.4451090230706196 -151.33962532214136 2.3999999999999986
      vertex 3.4451090230706196 -151.33962532214136 1.1999999999999993
    endloop
  endfacet
  facet normal 0.3214394653031581 0.9469301294951068 3.125095772292463e-18
    outer loop
      vertex 3.4451090230706196 -151.33962532214136 2.3999999999999986
      vertex 3.624712384601345 -151.40059244811914 2.3999999999999986
      vertex 3.624712384601345 -151.40059244811914 1.1999999999999993
    endloop
  endfacet
  facet normal 0.19509032201615578 0.980785280403225 -2.6834870630241206e-19
    outer loop
      vertex 3.624712384601345 -151.40059244811914 2.3999999999999986
      vertex 3.810737021280925 -151.43759504899202 2.3999999999999986
      vertex 3.810737021280925 -151.43759504899202 1.1999999999999993
    endloop
  endfacet
  facet normal 0.06540312923009518 0.9978589232386067 -9.236469825654246e-19
    outer loop
      vertex 3.810737021280925 -151.43759504899202 2.3999999999999986
      vertex 4 -151.45 2.3999999999999986
      vertex 4 -151.45 1.1999999999999993
    endloop
  endfacet
  facet normal -0.06540312923009518 0.9978589232386067 9.236469825654246e-19
    outer loop
      vertex 4 -151.45 2.3999999999999986
      vertex 4.189262978719075 -151.43759504899202 2.3999999999999986
      vertex 4.189262978719075 -151.43759504899202 1.1999999999999993
    endloop
  endfacet
  facet normal -0.19509032201615578 0.980785280403225 2.6834870630241206e-19
    outer loop
      vertex 4.189262978719075 -151.43759504899202 2.3999999999999986
      vertex 4.375287615398655 -151.40059244811914 2.3999999999999986
      vertex 4.375287615398655 -151.40059244811914 1.1999999999999993
    endloop
  endfacet
  facet normal -0.3214394653031581 0.9469301294951068 -3.125095772292463e-18
    outer loop
      vertex 4.375287615398655 -151.40059244811914 2.3999999999999986
      vertex 4.55489097692938 -151.33962532214136 2.3999999999999986
      vertex 4.55489097692938 -151.33962532214136 1.1999999999999993
    endloop
  endfacet
  facet normal -0.4422886902190167 0.8968727415326807 1.906934879754967e-18
    outer loop
      vertex 4.55489097692938 -151.33962532214136 2.3999999999999986
      vertex 4.725 -151.25573683548743 2.3999999999999986
      vertex 4.725 -151.25573683548743 1.1999999999999993
    endloop
  endfacet
  facet normal -0.5555702330195244 0.8314696123025972 4.763856965943294e-18
    outer loop
      vertex 4.725 -151.25573683548743 2.3999999999999986
      vertex 4.882704072062645 -151.1503623434223 2.3999999999999986
      vertex 4.882704072062645 -151.1503623434223 1.1999999999999993
    endloop
  endfacet
  facet normal -0.6593458151000601 0.7518398074789852 0
    outer loop
      vertex 5.025304832720494 -151.0253048327205 2.3999999999999986
      vertex 5.025304832720494 -151.0253048327205 1.1999999999999993
      vertex 4.882704072062645 -151.1503623434223 2.3999999999999986
    endloop
  endfacet
  facet normal 0.9469301294951051 -0.3214394653031631 0
    outer loop
      vertex 2.660374677858634 -149.44510902307061 2.3999999999999986
      vertex 2.599407551880851 -149.62471238460134 1.1999999999999993
      vertex 2.660374677858634 -149.44510902307061 1.1999999999999993
    endloop
  endfacet
  facet normal 0.9807852804032297 -0.19509032201613236 0
    outer loop
      vertex 2.599407551880851 -149.62471238460134 2.3999999999999986
      vertex 2.562404951007975 -149.81073702128091 1.1999999999999993
      vertex 2.599407551880851 -149.62471238460134 1.1999999999999993
    endloop
  endfacet
  facet normal 0.831469612302542 -0.555570233019607 0
    outer loop
      vertex 2.849637656577709 -149.11729592793736 2.3999999999999986
      vertex 2.744263164512564 -149.275 1.1999999999999993
      vertex 2.849637656577709 -149.11729592793736 1.1999999999999993
    endloop
  endfacet
  facet normal 0.8968727415326762 -0.44228869021902584 0
    outer loop
      vertex 2.744263164512564 -149.275 2.3999999999999986
      vertex 2.660374677858634 -149.44510902307061 1.1999999999999993
      vertex 2.744263164512564 -149.275 1.1999999999999993
    endloop
  endfacet
  facet normal 0.9978589232386037 -0.06540312923014048 0
    outer loop
      vertex 2.562404951007975 -149.81073702128091 2.3999999999999986
      vertex 2.55 -150 1.1999999999999993
      vertex 2.562404951007975 -149.81073702128091 1.1999999999999993
    endloop
  endfacet
  facet normal 0.9978589232386037 0.06540312923014048 0
    outer loop
      vertex 2.55 -150 2.3999999999999986
      vertex 2.562404951007975 -150.18926297871909 1.1999999999999993
      vertex 2.55 -150 1.1999999999999993
    endloop
  endfacet
  facet normal 0.9807852804032297 0.19509032201613236 0
    outer loop
      vertex 2.562404951007975 -150.18926297871909 2.3999999999999986
      vertex 2.599407551880851 -150.37528761539866 1.1999999999999993
      vertex 2.562404951007975 -150.18926297871909 1.1999999999999993
    endloop
  endfacet
  facet normal 0.9469301294951051 0.3214394653031631 0
    outer loop
      vertex 2.599407551880851 -150.37528761539866 2.3999999999999986
      vertex 2.660374677858634 -150.55489097692939 1.1999999999999993
      vertex 2.599407551880851 -150.37528761539866 1.1999999999999993
    endloop
  endfacet
  facet normal 0.8968727415326762 0.44228869021902584 0
    outer loop
      vertex 2.660374677858634 -150.55489097692939 2.3999999999999986
      vertex 2.744263164512564 -150.725 1.1999999999999993
      vertex 2.660374677858634 -150.55489097692939 1.1999999999999993
    endloop
  endfacet
  facet normal 0.831469612302542 0.555570233019607 0
    outer loop
      vertex 2.744263164512564 -150.725 2.3999999999999986
      vertex 2.849637656577709 -150.88270407206264 1.1999999999999993
      vertex 2.744263164512564 -150.725 1.1999999999999993
    endloop
  endfacet
  facet normal 0.7518398074790268 -0.6593458151000126 0
    outer loop
      vertex 2.9746951672795063 -148.9746951672795 2.3999999999999986
      vertex 2.849637656577709 -149.11729592793736 1.1999999999999993
      vertex 2.9746951672795063 -148.9746951672795 1.1999999999999993
    endloop
  endfacet
  facet normal 0.6593458151000601 -0.7518398074789852 0
    outer loop
      vertex 3.117295927937355 -148.8496376565777 2.3999999999999986
      vertex 2.9746951672795063 -148.9746951672795 1.1999999999999993
      vertex 3.117295927937355 -148.8496376565777 1.1999999999999993
    endloop
  endfacet
  facet normal 0.5555702330195255 -0.8314696123025966 0
    outer loop
      vertex 3.275 -148.74426316451257 2.3999999999999986
      vertex 3.117295927937355 -148.8496376565777 1.1999999999999993
      vertex 3.275 -148.74426316451257 1.1999999999999993
    endloop
  endfacet
  facet normal 0.7518398074790268 0.6593458151000126 0
    outer loop
      vertex 2.849637656577709 -150.88270407206264 2.3999999999999986
      vertex 2.9746951672795063 -151.0253048327205 1.1999999999999993
      vertex 2.849637656577709 -150.88270407206264 1.1999999999999993
    endloop
  endfacet
  facet normal 0.6593458151000601 0.7518398074789852 0
    outer loop
      vertex 2.9746951672795063 -151.0253048327205 2.3999999999999986
      vertex 3.117295927937355 -151.1503623434223 1.1999999999999993
      vertex 2.9746951672795063 -151.0253048327205 1.1999999999999993
    endloop
  endfacet
  facet normal 0.5555702330195255 0.8314696123025966 0
    outer loop
      vertex 3.117295927937355 -151.1503623434223 2.3999999999999986
      vertex 3.275 -151.25573683548743 1.1999999999999993
      vertex 3.117295927937355 -151.1503623434223 1.1999999999999993
    endloop
  endfacet
  facet normal 0.19509032201615578 -0.980785280403225 0
    outer loop
      vertex 3.810737021280925 -148.56240495100798 2.3999999999999986
      vertex 3.624712384601345 -148.59940755188086 1.1999999999999993
      vertex 3.810737021280925 -148.56240495100798 1.1999999999999993
    endloop
  endfacet
  facet normal 0.06540312923009518 -0.9978589232386067 0
    outer loop
      vertex 4 -148.55 2.3999999999999986
      vertex 3.810737021280925 -148.56240495100798 1.1999999999999993
      vertex 4 -148.55 1.1999999999999993
    endloop
  endfacet
  facet normal -0.06540312923009518 -0.9978589232386067 0
    outer loop
      vertex 4.189262978719075 -148.56240495100798 2.3999999999999986
      vertex 4 -148.55 1.1999999999999993
      vertex 4.189262978719075 -148.56240495100798 1.1999999999999993
    endloop
  endfacet
  facet normal 0.4422886902190158 -0.8968727415326813 0
    outer loop
      vertex 3.4451090230706196 -148.66037467785864 2.3999999999999986
      vertex 3.275 -148.74426316451257 1.1999999999999993
      vertex 3.4451090230706196 -148.66037467785864 1.1999999999999993
    endloop
  endfacet
  facet normal 0.3214394653031581 -0.9469301294951068 0
    outer loop
      vertex 3.624712384601345 -148.59940755188086 2.3999999999999986
      vertex 3.4451090230706196 -148.66037467785864 1.1999999999999993
      vertex 3.624712384601345 -148.59940755188086 1.1999999999999993
    endloop
  endfacet
  facet normal -0.19509032201615578 -0.980785280403225 0
    outer loop
      vertex 4.375287615398655 -148.59940755188086 2.3999999999999986
      vertex 4.189262978719075 -148.56240495100798 1.1999999999999993
      vertex 4.375287615398655 -148.59940755188086 1.1999999999999993
    endloop
  endfacet
  facet normal -0.3214394653031581 -0.9469301294951068 0
    outer loop
      vertex 4.55489097692938 -148.66037467785864 2.3999999999999986
      vertex 4.375287615398655 -148.59940755188086 1.1999999999999993
      vertex 4.55489097692938 -148.66037467785864 1.1999999999999993
    endloop
  endfacet
  facet normal -0.4422886902190167 -0.8968727415326807 0
    outer loop
      vertex 4.725 -148.74426316451257 2.3999999999999986
      vertex 4.55489097692938 -148.66037467785864 1.1999999999999993
      vertex 4.725 -148.74426316451257 1.1999999999999993
    endloop
  endfacet
  facet normal -0.5555702330195244 -0.8314696123025972 0
    outer loop
      vertex 4.882704072062645 -148.8496376565777 2.3999999999999986
      vertex 4.725 -148.74426316451257 1.1999999999999993
      vertex 4.882704072062645 -148.8496376565777 1.1999999999999993
    endloop
  endfacet
  facet normal -0.6593458151000601 -0.7518398074789852 0
    outer loop
      vertex 5.025304832720494 -148.9746951672795 2.3999999999999986
      vertex 4.882704072062645 -148.8496376565777 1.1999999999999993
      vertex 5.025304832720494 -148.9746951672795 1.1999999999999993
    endloop
  endfacet
  facet normal -0.7518398074790268 0.6593458151000126 0
    outer loop
      vertex 5.025304832720494 -151.0253048327205 2.3999999999999986
      vertex 5.150362343422291 -150.88270407206264 1.1999999999999993
      vertex 5.025304832720494 -151.0253048327205 1.1999999999999993
    endloop
  endfacet
  facet normal 0.4422886902190158 0.8968727415326813 0
    outer loop
      vertex 3.275 -151.25573683548743 2.3999999999999986
      vertex 3.4451090230706196 -151.33962532214136 1.1999999999999993
      vertex 3.275 -151.25573683548743 1.1999999999999993
    endloop
  endfacet
  facet normal 0.3214394653031581 0.9469301294951068 0
    outer loop
      vertex 3.4451090230706196 -151.33962532214136 2.3999999999999986
      vertex 3.624712384601345 -151.40059244811914 1.1999999999999993
      vertex 3.4451090230706196 -151.33962532214136 1.1999999999999993
    endloop
  endfacet
  facet normal 0.19509032201615578 0.980785280403225 0
    outer loop
      vertex 3.624712384601345 -151.40059244811914 2.3999999999999986
      vertex 3.810737021280925 -151.43759504899202 1.1999999999999993
      vertex 3.624712384601345 -151.40059244811914 1.1999999999999993
    endloop
  endfacet
  facet normal 0.06540312923009518 0.9978589232386067 0
    outer loop
      vertex 3.810737021280925 -151.43759504899202 2.3999999999999986
      vertex 4 -151.45 1.1999999999999993
      vertex 3.810737021280925 -151.43759504899202 1.1999999999999993
    endloop
  endfacet
  facet normal -0.06540312923009518 0.9978589232386067 0
    outer loop
      vertex 4 -151.45 2.3999999999999986
      vertex 4.189262978719075 -151.43759504899202 1.1999999999999993
      vertex 4 -151.45 1.1999999999999993
    endloop
  endfacet
  facet normal -0.19509032201615578 0.980785280403225 0
    outer loop
      vertex 4.189262978719075 -151.43759504899202 2.3999999999999986
      vertex 4.375287615398655 -151.40059244811914 1.1999999999999993
      vertex 4.189262978719075 -151.43759504899202 1.1999999999999993
    endloop
  endfacet
  facet normal -0.3214394653031581 0.9469301294951068 0
    outer loop
      vertex 4.375287615398655 -151.40059244811914 2.3999999999999986
      vertex 4.55489097692938 -151.33962532214136 1.1999999999999993
      vertex 4.375287615398655 -151.40059244811914 1.1999999999999993
    endloop
  endfacet
  facet normal -0.4422886902190167 0.8968727415326807 0
    outer loop
      vertex 4.55489097692938 -151.33962532214136 2.3999999999999986
      vertex 4.725 -151.25573683548743 1.1999999999999993
      vertex 4.55489097692938 -151.33962532214136 1.1999999999999993
    endloop
  endfacet
  facet normal -0.5555702330195244 0.8314696123025972 0
    outer loop
      vertex 4.725 -151.25573683548743 2.3999999999999986
      vertex 4.882704072062645 -151.1503623434223 1.1999999999999993
      vertex 4.725 -151.25573683548743 1.1999999999999993
    endloop
  endfacet
  facet normal -0.6593458151000601 0.7518398074789852 0
    outer loop
      vertex 4.882704072062645 -151.1503623434223 2.3999999999999986
      vertex 5.025304832720494 -151.0253048327205 1.1999999999999993
      vertex 4.882704072062645 -151.1503623434223 1.1999999999999993
    endloop
  endfacet
  facet normal -0.831469612302541 -0.5555702330196086 0
    outer loop
      vertex 5.150362343422291 -149.11729592793736 2.3999999999999986
      vertex 5.150362343422291 -149.11729592793736 1.1999999999999993
      vertex 5.255736835487436 -149.275 2.3999999999999986
    endloop
  endfacet
  facet normal -0.8968727415326772 -0.44228869021902395 0
    outer loop
      vertex 5.255736835487436 -149.275 2.3999999999999986
      vertex 5.255736835487436 -149.275 1.1999999999999993
      vertex 5.339625322141366 -149.44510902307061 2.3999999999999986
    endloop
  endfacet
  facet normal -0.9469301294951058 -0.3214394653031609 0
    outer loop
      vertex 5.339625322141366 -149.44510902307061 2.3999999999999986
      vertex 5.339625322141366 -149.44510902307061 1.1999999999999993
      vertex 5.4005924481191485 -149.62471238460134 2.3999999999999986
    endloop
  endfacet
  facet normal -0.9807852804032297 -0.19509032201613236 0
    outer loop
      vertex 5.4005924481191485 -149.62471238460134 2.3999999999999986
      vertex 5.4005924481191485 -149.62471238460134 1.1999999999999993
      vertex 5.437595048992025 -149.81073702128091 2.3999999999999986
    endloop
  endfacet
  facet normal -0.7518398074790268 0.6593458151000126 9.452750688352988e-19
    outer loop
      vertex 5.025304832720494 -151.0253048327205 2.3999999999999986
      vertex 5.150362343422291 -150.88270407206264 2.3999999999999986
      vertex 5.150362343422291 -150.88270407206264 1.1999999999999993
    endloop
  endfacet
  facet normal -0.8968727415326772 0.44228869021902395 3.475930801352458e-18
    outer loop
      vertex 5.255736835487436 -150.725 2.3999999999999986
      vertex 5.339625322141366 -150.55489097692939 2.3999999999999986
      vertex 5.339625322141366 -150.55489097692939 1.1999999999999993
    endloop
  endfacet
  facet normal -0.831469612302541 0.5555702330196086 4.858501040310487e-18
    outer loop
      vertex 5.150362343422291 -150.88270407206264 2.3999999999999986
      vertex 5.255736835487436 -150.725 2.3999999999999986
      vertex 5.255736835487436 -150.725 1.1999999999999993
    endloop
  endfacet
  facet normal -0.9807852804032297 0.19509032201613236 -1.6295371419538916e-18
    outer loop
      vertex 5.4005924481191485 -150.37528761539866 2.3999999999999986
      vertex 5.437595048992025 -150.18926297871909 2.3999999999999986
      vertex 5.437595048992025 -150.18926297871909 1.1999999999999993
    endloop
  endfacet
  facet normal -0.9469301294951058 0.3214394653031609 0
    outer loop
      vertex 5.4005924481191485 -150.37528761539866 2.3999999999999986
      vertex 5.4005924481191485 -150.37528761539866 1.1999999999999993
      vertex 5.339625322141366 -150.55489097692939 2.3999999999999986
    endloop
  endfacet
  facet normal -0.9978589232386035 -0.06540312923014281 0
    outer loop
      vertex 5.437595048992025 -149.81073702128091 2.3999999999999986
      vertex 5.437595048992025 -149.81073702128091 1.1999999999999993
      vertex 5.45 -150 2.3999999999999986
    endloop
  endfacet
  facet normal -0.9978589232386035 0.06540312923014281 0
    outer loop
      vertex 5.45 -150 2.3999999999999986
      vertex 5.45 -150 1.1999999999999993
      vertex 5.437595048992025 -150.18926297871909 2.3999999999999986
    endloop
  endfacet
  facet normal -0.7518398074790268 -0.6593458151000126 0
    outer loop
      vertex 5.150362343422291 -149.11729592793736 2.3999999999999986
      vertex 5.025304832720494 -148.9746951672795 1.1999999999999993
      vertex 5.150362343422291 -149.11729592793736 1.1999999999999993
    endloop
  endfacet
  facet normal -0.831469612302541 -0.5555702330196086 0
    outer loop
      vertex 5.255736835487436 -149.275 2.3999999999999986
      vertex 5.150362343422291 -149.11729592793736 1.1999999999999993
      vertex 5.255736835487436 -149.275 1.1999999999999993
    endloop
  endfacet
  facet normal -0.8968727415326772 -0.44228869021902395 0
    outer loop
      vertex 5.339625322141366 -149.44510902307061 2.3999999999999986
      vertex 5.255736835487436 -149.275 1.1999999999999993
      vertex 5.339625322141366 -149.44510902307061 1.1999999999999993
    endloop
  endfacet
  facet normal -0.9469301294951058 -0.3214394653031609 0
    outer loop
      vertex 5.4005924481191485 -149.62471238460134 2.3999999999999986
      vertex 5.339625322141366 -149.44510902307061 1.1999999999999993
      vertex 5.4005924481191485 -149.62471238460134 1.1999999999999993
    endloop
  endfacet
  facet normal -0.9807852804032297 -0.19509032201613236 0
    outer loop
      vertex 5.437595048992025 -149.81073702128091 2.3999999999999986
      vertex 5.4005924481191485 -149.62471238460134 1.1999999999999993
      vertex 5.437595048992025 -149.81073702128091 1.1999999999999993
    endloop
  endfacet
  facet normal -0.831469612302541 0.5555702330196086 0
    outer loop
      vertex 5.150362343422291 -150.88270407206264 2.3999999999999986
      vertex 5.255736835487436 -150.725 1.1999999999999993
      vertex 5.150362343422291 -150.88270407206264 1.1999999999999993
    endloop
  endfacet
  facet normal -0.8968727415326772 0.44228869021902395 0
    outer loop
      vertex 5.255736835487436 -150.725 2.3999999999999986
      vertex 5.339625322141366 -150.55489097692939 1.1999999999999993
      vertex 5.255736835487436 -150.725 1.1999999999999993
    endloop
  endfacet
  facet normal -0.9807852804032297 0.19509032201613236 0
    outer loop
      vertex 5.4005924481191485 -150.37528761539866 2.3999999999999986
      vertex 5.437595048992025 -150.18926297871909 1.1999999999999993
      vertex 5.4005924481191485 -150.37528761539866 1.1999999999999993
    endloop
  endfacet
  facet normal -0.9978589232386035 -0.06540312923014281 0
    outer loop
      vertex 5.45 -150 2.3999999999999986
      vertex 5.437595048992025 -149.81073702128091 1.1999999999999993
      vertex 5.45 -150 1.1999999999999993
    endloop
  endfacet
  facet normal -0.9978589232386035 0.06540312923014281 0
    outer loop
      vertex 5.437595048992025 -150.18926297871909 2.3999999999999986
      vertex 5.45 -150 1.1999999999999993
      vertex 5.437595048992025 -150.18926297871909 1.1999999999999993
    endloop
  endfacet
  facet normal -0.9469301294951058 0.3214394653031609 0
    outer loop
      vertex 5.339625322141366 -150.55489097692939 2.3999999999999986
      vertex 5.4005924481191485 -150.37528761539866 1.1999999999999993
      vertex 5.339625322141366 -150.55489097692939 1.1999999999999993
    endloop
  endfacet
  facet normal 0 0 -1
    outer loop
      vertex 1.422243360428093 -149.66063190022786 1.1999999999999993
      vertex 1.422243360428093 -150.33936809977214 1.1999999999999993
      vertex 1.4 -150 1.1999999999999993
    endloop
  endfacet
  facet normal 0 0 -1
    outer loop
      vertex 1.422243360428093 -149.66063190022786 1.1999999999999993
      vertex 1.4885928516484221 -149.32707048273343 1.1999999999999993
      vertex 1.4885928516484221 -150.67292951726657 1.1999999999999993
    endloop
  endfacet
  facet normal 0 0 -1
    outer loop
      vertex 1.422243360428093 -149.66063190022786 1.1999999999999993
      vertex 1.4885928516484221 -150.67292951726657 1.1999999999999993
      vertex 1.422243360428093 -150.33936809977214 1.1999999999999993
    endloop
  endfacet
  facet normal 0 0 -1
    outer loop
      vertex 1.4885928516484221 -149.32707048273343 1.1999999999999993
      vertex 1.5979132154706543 -150.99497692414923 1.1999999999999993
      vertex 1.4885928516484221 -150.67292951726657 1.1999999999999993
    endloop
  endfacet
  facet normal 0.9469301294950998 -0.3214394653031792 0
    outer loop
      vertex 1.4885928516484221 -149.32707048273343 1.1999999999999993
      vertex 1.4885928516484221 -149.32707048273343 0
      vertex 1.5979132154706543 -149.00502307585077 1.1999999999999993
    endloop
  endfacet
  facet normal 0.980785280403231 -0.19509032201612542 0
    outer loop
      vertex 1.422243360428093 -149.66063190022786 1.1999999999999993
      vertex 1.422243360428093 -149.66063190022786 0
      vertex 1.4885928516484221 -149.32707048273343 1.1999999999999993
    endloop
  endfacet
  facet normal 0.9978589232386037 -0.06540312923014173 6.238051314857714e-19
    outer loop
      vertex 1.422243360428093 -149.66063190022786 1.1999999999999993
      vertex 1.4 -150 1.1999999999999993
      vertex 1.4 -150 0
    endloop
  endfacet
  facet normal 0.9978589232386037 0.06540312923014173 -6.238051314857714e-19
    outer loop
      vertex 1.4 -150 1.1999999999999993
      vertex 1.422243360428093 -150.33936809977214 1.1999999999999993
      vertex 1.422243360428093 -150.33936809977214 0
    endloop
  endfacet
  facet normal 0.980785280403231 0.19509032201612542 -3.187569127732863e-18
    outer loop
      vertex 1.422243360428093 -150.33936809977214 1.1999999999999993
      vertex 1.4885928516484221 -150.67292951726657 1.1999999999999993
      vertex 1.4885928516484221 -150.67292951726657 0
    endloop
  endfacet
  facet normal 0.9978589232386037 -0.06540312923014173 0
    outer loop
      vertex 1.422243360428093 -149.66063190022786 1.1999999999999993
      vertex 1.4 -150 0
      vertex 1.422243360428093 -149.66063190022786 0
    endloop
  endfacet
  facet normal 0.980785280403231 -0.19509032201612542 0
    outer loop
      vertex 1.4885928516484221 -149.32707048273343 1.1999999999999993
      vertex 1.422243360428093 -149.66063190022786 0
      vertex 1.4885928516484221 -149.32707048273343 0
    endloop
  endfacet
  facet normal 0.9978589232386037 0.06540312923014173 0
    outer loop
      vertex 1.4 -150 1.1999999999999993
      vertex 1.422243360428093 -150.33936809977214 0
      vertex 1.4 -150 0
    endloop
  endfacet
  facet normal 0.980785280403231 0.19509032201612542 0
    outer loop
      vertex 1.422243360428093 -150.33936809977214 1.1999999999999993
      vertex 1.4885928516484221 -150.67292951726657 0
      vertex 1.422243360428093 -150.33936809977214 0
    endloop
  endfacet
  facet normal 0.9469301294950998 0.3214394653031792 0
    outer loop
      vertex 1.4885928516484221 -150.67292951726657 1.1999999999999993
      vertex 1.5979132154706543 -150.99497692414923 0
      vertex 1.4885928516484221 -150.67292951726657 0
    endloop
  endfacet
  facet normal 0 0 -1
    outer loop
      vertex 1.4885928516484221 -149.32707048273343 1.1999999999999993
      vertex 1.5979132154706543 -149.00502307585077 1.1999999999999993
      vertex 1.5979132154706543 -150.99497692414923 1.1999999999999993
    endloop
  endfacet
  facet normal 0 0 -1
    outer loop
      vertex 1.5979132154706543 -149.00502307585077 1.1999999999999993
      vertex 1.7483339501604598 -148.7 1.1999999999999993
      vertex 1.7483339501604598 -151.3 1.1999999999999993
    endloop
  endfacet
  facet normal 0 0 -1
    outer loop
      vertex 1.9372813152427883 -148.41722028457733 1.1999999999999993
      vertex 1.9372813152427883 -151.58277971542267 1.1999999999999993
      vertex 1.7483339501604598 -148.7 1.1999999999999993
    endloop
  endfacet
  facet normal 0 0 -1
    outer loop
      vertex 1.5979132154706543 -149.00502307585077 1.1999999999999993
      vertex 1.7483339501604598 -151.3 1.1999999999999993
      vertex 1.5979132154706543 -150.99497692414923 1.1999999999999993
    endloop
  endfacet
  facet normal 0 0 -1
    outer loop
      vertex 1.7483339501604598 -148.7 1.1999999999999993
      vertex 1.9372813152427883 -151.58277971542267 1.1999999999999993
      vertex 1.7483339501604598 -151.3 1.1999999999999993
    endloop
  endfacet
  facet normal 0 0 -1
    outer loop
      vertex 1.9372813152427883 -148.41722028457733 1.1999999999999993
      vertex 2.1615223689149765 -148.16152236891497 1.1999999999999993
      vertex 2.1615223689149765 -151.83847763108503 1.1999999999999993
    endloop
  endfacet
  facet normal 0 0 -1
    outer loop
      vertex 2.1615223689149765 -148.16152236891497 1.1999999999999993
      vertex 2.4172202845773265 -147.93728131524279 1.1999999999999993
      vertex 2.4172202845773265 -152.06271868475721 1.1999999999999993
    endloop
  endfacet
  facet normal 0 0 -1
    outer loop
      vertex 1.9372813152427883 -148.41722028457733 1.1999999999999993
      vertex 2.1615223689149765 -151.83847763108503 1.1999999999999993
      vertex 1.9372813152427883 -151.58277971542267 1.1999999999999993
    endloop
  endfacet
  facet normal 0 0 -1
    outer loop
      vertex 2.1615223689149765 -148.16152236891497 1.1999999999999993
      vertex 2.4172202845773265 -152.06271868475721 1.1999999999999993
      vertex 2.1615223689149765 -151.83847763108503 1.1999999999999993
    endloop
  endfacet
  facet normal 0 0 -1
    outer loop
      vertex 2.4172202845773265 -147.93728131524279 1.1999999999999993
      vertex 2.7 -147.74833395016046 1.1999999999999993
      vertex 2.660374677858634 -149.44510902307061 1.1999999999999993
    endloop
  endfacet
  facet normal 0 0 -1
    outer loop
      vertex 2.7 -147.74833395016046 1.1999999999999993
      vertex 3.0050230758507666 -147.59791321547064 1.1999999999999993
      vertex 2.9746951672795063 -148.9746951672795 1.1999999999999993
    endloop
  endfacet
  facet normal 0 0 -1
    outer loop
      vertex 3.0050230758507666 -147.59791321547064 1.1999999999999993
      vertex 3.117295927937355 -148.8496376565777 1.1999999999999993
      vertex 2.9746951672795063 -148.9746951672795 1.1999999999999993
    endloop
  endfacet
  facet normal 0 0 -1
    outer loop
      vertex 3.0050230758507666 -147.59791321547064 1.1999999999999993
      vertex 3.327070482733446 -147.48859285164843 1.1999999999999993
      vertex 3.275 -148.74426316451257 1.1999999999999993
    endloop
  endfacet
  facet normal 0 0 -1
    outer loop
      vertex 3.0050230758507666 -147.59791321547064 1.1999999999999993
      vertex 3.275 -148.74426316451257 1.1999999999999993
      vertex 3.117295927937355 -148.8496376565777 1.1999999999999993
    endloop
  endfacet
  facet normal 0 0 -1
    outer loop
      vertex 2.4172202845773265 -147.93728131524279 1.1999999999999993
      vertex 2.599407551880851 -149.62471238460134 1.1999999999999993
      vertex 2.562404951007975 -149.81073702128091 1.1999999999999993
    endloop
  endfacet
  facet normal 0 0 -1
    outer loop
      vertex 2.4172202845773265 -147.93728131524279 1.1999999999999993
      vertex 2.660374677858634 -149.44510902307061 1.1999999999999993
      vertex 2.599407551880851 -149.62471238460134 1.1999999999999993
    endloop
  endfacet
  facet normal 0 0 -1
    outer loop
      vertex 2.4172202845773265 -147.93728131524279 1.1999999999999993
      vertex 2.562404951007975 -149.81073702128091 1.1999999999999993
      vertex 2.55 -150 1.1999999999999993
    endloop
  endfacet
  facet normal 0 0 -1
    outer loop
      vertex 2.7 -147.74833395016046 1.1999999999999993
      vertex 2.744263164512564 -149.275 1.1999999999999993
      vertex 2.660374677858634 -149.44510902307061 1.1999999999999993
    endloop
  endfacet
  facet normal 0 0 -1
    outer loop
      vertex 2.7 -147.74833395016046 1.1999999999999993
      vertex 2.849637656577709 -149.11729592793736 1.1999999999999993
      vertex 2.744263164512564 -149.275 1.1999999999999993
    endloop
  endfacet
  facet normal 0 0 -1
    outer loop
      vertex 2.7 -147.74833395016046 1.1999999999999993
      vertex 2.9746951672795063 -148.9746951672795 1.1999999999999993
      vertex 2.849637656577709 -149.11729592793736 1.1999999999999993
    endloop
  endfacet
  facet normal 0 0 -1
    outer loop
      vertex 2.4172202845773265 -147.93728131524279 1.1999999999999993
      vertex 2.55 -150 1.1999999999999993
      vertex 2.4172202845773265 -152.06271868475721 1.1999999999999993
    endloop
  endfacet
  facet normal 0 0 -1
    outer loop
      vertex 2.55 -150 1.1999999999999993
      vertex 2.562404951007975 -150.18926297871909 1.1999999999999993
      vertex 2.4172202845773265 -152.06271868475721 1.1999999999999993
    endloop
  endfacet
  facet normal 0 0 -1
    outer loop
      vertex 2.562404951007975 -150.18926297871909 1.1999999999999993
      vertex 2.599407551880851 -150.37528761539866 1.1999999999999993
      vertex 2.4172202845773265 -152.06271868475721 1.1999999999999993
    endloop
  endfacet
  facet normal 0 0 -1
    outer loop
      vertex 2.599407551880851 -150.37528761539866 1.1999999999999993
      vertex 2.660374677858634 -150.55489097692939 1.1999999999999993
      vertex 2.7 -152.25166604983954 1.1999999999999993
    endloop
  endfacet
  facet normal 0 0 -1
    outer loop
      vertex 2.599407551880851 -150.37528761539866 1.1999999999999993
      vertex 2.7 -152.25166604983954 1.1999999999999993
      vertex 2.4172202845773265 -152.06271868475721 1.1999999999999993
    endloop
  endfacet
  facet normal 0 0 -1
    outer loop
      vertex 2.660374677858634 -150.55489097692939 1.1999999999999993
      vertex 2.744263164512564 -150.725 1.1999999999999993
      vertex 2.7 -152.25166604983954 1.1999999999999993
    endloop
  endfacet
  facet normal 0 0 -1
    outer loop
      vertex 2.744263164512564 -150.725 1.1999999999999993
      vertex 2.849637656577709 -150.88270407206264 1.1999999999999993
      vertex 2.7 -152.25166604983954 1.1999999999999993
    endloop
  endfacet
  facet normal 0 0 -1
    outer loop
      vertex 2.849637656577709 -150.88270407206264 1.1999999999999993
      vertex 2.9746951672795063 -151.0253048327205 1.1999999999999993
      vertex 2.7 -152.25166604983954 1.1999999999999993
    endloop
  endfacet
  facet normal 0 0 -1
    outer loop
      vertex 2.9746951672795063 -151.0253048327205 1.1999999999999993
      vertex 3.117295927937355 -151.1503623434223 1.1999999999999993
      vertex 3.0050230758507666 -152.40208678452936 1.1999999999999993
    endloop
  endfacet
  facet normal 0 0 -1
    outer loop
      vertex 2.9746951672795063 -151.0253048327205 1.1999999999999993
      vertex 3.0050230758507666 -152.40208678452936 1.1999999999999993
      vertex 2.7 -152.25166604983954 1.1999999999999993
    endloop
  endfacet
  facet normal 0 0 -1
    outer loop
      vertex 3.117295927937355 -151.1503623434223 1.1999999999999993
      vertex 3.275 -151.25573683548743 1.1999999999999993
      vertex 3.0050230758507666 -152.40208678452936 1.1999999999999993
    endloop
  endfacet
  facet normal 0 0 -1
    outer loop
      vertex 3.275 -151.25573683548743 1.1999999999999993
      vertex 3.327070482733446 -152.51140714835157 1.1999999999999993
      vertex 3.0050230758507666 -152.40208678452936 1.1999999999999993
    endloop
  endfacet
  facet normal 0 0 -1
    outer loop
      vertex 3.327070482733446 -147.48859285164843 1.1999999999999993
      vertex 3.660631900227866 -147.4222433604281 1.1999999999999993
      vertex 3.624712384601345 -148.59940755188086 1.1999999999999993
    endloop
  endfacet
  facet normal 0 0 -1
    outer loop
      vertex 3.275 -148.74426316451257 1.1999999999999993
      vertex 3.327070482733446 -147.48859285164843 1.1999999999999993
      vertex 3.4451090230706196 -148.66037467785864 1.1999999999999993
    endloop
  endfacet
  facet normal 0 0 -1
    outer loop
      vertex 3.327070482733446 -147.48859285164843 1.1999999999999993
      vertex 3.624712384601345 -148.59940755188086 1.1999999999999993
      vertex 3.4451090230706196 -148.66037467785864 1.1999999999999993
    endloop
  endfacet
  facet normal 0 0 -1
    outer loop
      vertex 3.660631900227866 -147.4222433604281 1.1999999999999993
      vertex 3.810737021280925 -148.56240495100798 1.1999999999999993
      vertex 3.624712384601345 -148.59940755188086 1.1999999999999993
    endloop
  endfacet
  facet normal 0 0 -1
    outer loop
      vertex 3.660631900227866 -147.4222433604281 1.1999999999999993
      vertex 4 -147.4 1.1999999999999993
      vertex 4 -148.55 1.1999999999999993
    endloop
  endfacet
  facet normal 0 0 -1
    outer loop
      vertex 3.660631900227866 -147.4222433604281 1.1999999999999993
      vertex 4 -148.55 1.1999999999999993
      vertex 3.810737021280925 -148.56240495100798 1.1999999999999993
    endloop
  endfacet
  facet normal 0 0 -1
    outer loop
      vertex 4 -147.4 1.1999999999999993
      vertex 4.339368099772134 -147.4222433604281 1.1999999999999993
      vertex 4 -148.55 1.1999999999999993
    endloop
  endfacet
  facet normal 0 0 -1
    outer loop
      vertex 4 -148.55 1.1999999999999993
      vertex 4.339368099772134 -147.4222433604281 1.1999999999999993
      vertex 4.189262978719075 -148.56240495100798 1.1999999999999993
    endloop
  endfacet
  facet normal 0 0 -1
    outer loop
      vertex 4.189262978719075 -148.56240495100798 1.1999999999999993
      vertex 4.339368099772134 -147.4222433604281 1.1999999999999993
      vertex 4.375287615398655 -148.59940755188086 1.1999999999999993
    endloop
  endfacet
  facet normal 0 0 -1
    outer loop
      vertex 4.339368099772134 -147.4222433604281 1.1999999999999993
      vertex 4.672929517266554 -147.48859285164843 1.1999999999999993
      vertex 4.375287615398655 -148.59940755188086 1.1999999999999993
    endloop
  endfacet
  facet normal 0 0 -1
    outer loop
      vertex 4.672929517266554 -147.48859285164843 1.1999999999999993
      vertex 4.55489097692938 -148.66037467785864 1.1999999999999993
      vertex 4.375287615398655 -148.59940755188086 1.1999999999999993
    endloop
  endfacet
  facet normal 0 0 -1
    outer loop
      vertex 4.672929517266554 -147.48859285164843 1.1999999999999993
      vertex 4.725 -148.74426316451257 1.1999999999999993
      vertex 4.55489097692938 -148.66037467785864 1.1999999999999993
    endloop
  endfacet
  facet normal 0 0 -1
    outer loop
      vertex 4.672929517266554 -147.48859285164843 1.1999999999999993
      vertex 4.994976924149233 -147.59791321547064 1.1999999999999993
      vertex 4.725 -148.74426316451257 1.1999999999999993
    endloop
  endfacet
  facet normal 0 0 -1
    outer loop
      vertex 4.994976924149233 -147.59791321547064 1.1999999999999993
      vertex 4.882704072062645 -148.8496376565777 1.1999999999999993
      vertex 4.725 -148.74426316451257 1.1999999999999993
    endloop
  endfacet
  facet normal 0 0 -1
    outer loop
      vertex 4.994976924149233 -147.59791321547064 1.1999999999999993
      vertex 5.025304832720494 -148.9746951672795 1.1999999999999993
      vertex 4.882704072062645 -148.8496376565777 1.1999999999999993
    endloop
  endfacet
  facet normal 0 0 -1
    outer loop
      vertex 3.275 -151.25573683548743 1.1999999999999993
      vertex 3.4451090230706196 -151.33962532214136 1.1999999999999993
      vertex 3.327070482733446 -152.51140714835157 1.1999999999999993
    endloop
  endfacet
  facet normal 0 0 -1
    outer loop
      vertex 3.4451090230706196 -151.33962532214136 1.1999999999999993
      vertex 3.624712384601345 -151.40059244811914 1.1999999999999993
      vertex 3.327070482733446 -152.51140714835157 1.1999999999999993
    endloop
  endfacet
  facet normal 0 0 -1
    outer loop
      vertex 3.624712384601345 -151.40059244811914 1.1999999999999993
      vertex 3.660631900227866 -152.5777566395719 1.1999999999999993
      vertex 3.327070482733446 -152.51140714835157 1.1999999999999993
    endloop
  endfacet
  facet normal 0 0 -1
    outer loop
      vertex 3.624712384601345 -151.40059244811914 1.1999999999999993
      vertex 3.810737021280925 -151.43759504899202 1.1999999999999993
      vertex 3.660631900227866 -152.5777566395719 1.1999999999999993
    endloop
  endfacet
  facet normal 0 0 -1
    outer loop
      vertex 3.660631900227866 -152.5777566395719 1.1999999999999993
      vertex 3.810737021280925 -151.43759504899202 1.1999999999999993
      vertex 4 -151.45 1.1999999999999993
    endloop
  endfacet
  facet normal 0 0 -1
    outer loop
      vertex 3.660631900227866 -152.5777566395719 1.1999999999999993
      vertex 4 -151.45 1.1999999999999993
      vertex 4 -152.6 1.1999999999999993
    endloop
  endfacet
  facet normal 0 0 -1
    outer loop
      vertex 4 -151.45 1.1999999999999993
      vertex 4.189262978719075 -151.43759504899202 1.1999999999999993
      vertex 4.339368099772134 -152.5777566395719 1.1999999999999993
    endloop
  endfacet
  facet normal 0 0 -1
    outer loop
      vertex 4 -151.45 1.1999999999999993
      vertex 4.339368099772134 -152.5777566395719 1.1999999999999993
      vertex 4 -152.6 1.1999999999999993
    endloop
  endfacet
  facet normal 0 0 -1
    outer loop
      vertex 4.189262978719075 -151.43759504899202 1.1999999999999993
      vertex 4.375287615398655 -151.40059244811914 1.1999999999999993
      vertex 4.339368099772134 -152.5777566395719 1.1999999999999993
    endloop
  endfacet
  facet normal 0 0 -1
    outer loop
      vertex 4.375287615398655 -151.40059244811914 1.1999999999999993
      vertex 4.55489097692938 -151.33962532214136 1.1999999999999993
      vertex 4.672929517266554 -152.51140714835157 1.1999999999999993
    endloop
  endfacet
  facet normal 0 0 -1
    outer loop
      vertex 4.375287615398655 -151.40059244811914 1.1999999999999993
      vertex 4.672929517266554 -152.51140714835157 1.1999999999999993
      vertex 4.339368099772134 -152.5777566395719 1.1999999999999993
    endloop
  endfacet
  facet normal 0 0 -1
    outer loop
      vertex 4.55489097692938 -151.33962532214136 1.1999999999999993
      vertex 4.725 -151.25573683548743 1.1999999999999993
      vertex 4.672929517266554 -152.51140714835157 1.1999999999999993
    endloop
  endfacet
  facet normal 0 0 -1
    outer loop
      vertex 4.725 -151.25573683548743 1.1999999999999993
      vertex 4.882704072062645 -151.1503623434223 1.1999999999999993
      vertex 4.994976924149233 -152.40208678452936 1.1999999999999993
    endloop
  endfacet
  facet normal 0 0 -1
    outer loop
      vertex 4.725 -151.25573683548743 1.1999999999999993
      vertex 4.994976924149233 -152.40208678452936 1.1999999999999993
      vertex 4.672929517266554 -152.51140714835157 1.1999999999999993
    endloop
  endfacet
  facet normal 0 0 -1
    outer loop
      vertex 5.025304832720494 -151.0253048327205 1.1999999999999993
      vertex 4.994976924149233 -152.40208678452936 1.1999999999999993
      vertex 4.882704072062645 -151.1503623434223 1.1999999999999993
    endloop
  endfacet
  facet normal 0.7518398074789805 -0.6593458151000653 0
    outer loop
      vertex 1.9372813152427883 -148.41722028457733 1.1999999999999993
      vertex 1.9372813152427883 -148.41722028457733 0
      vertex 2.1615223689149765 -148.16152236891497 1.1999999999999993
    endloop
  endfacet
  facet normal 0.6593458151000685 -0.7518398074789776 0
    outer loop
      vertex 2.1615223689149765 -148.16152236891497 1.1999999999999993
      vertex 2.1615223689149765 -148.16152236891497 0
      vertex 2.4172202845773265 -147.93728131524279 1.1999999999999993
    endloop
  endfacet
  facet normal 0.8968727415326978 -0.4422886902189822 0
    outer loop
      vertex 1.5979132154706543 -149.00502307585077 1.1999999999999993
      vertex 1.5979132154706543 -149.00502307585077 0
      vertex 1.7483339501604598 -148.7 1.1999999999999993
    endloop
  endfacet
  facet normal 0.8314696123025362 -0.5555702330196157 2.0158624626600768e-18
    outer loop
      vertex 1.9372813152427883 -148.41722028457733 1.1999999999999993
      vertex 1.7483339501604598 -148.7 1.1999999999999993
      vertex 1.7483339501604598 -148.7 0
    endloop
  endfacet
  facet normal 0.9469301294950998 0.3214394653031792 6.665817672991319e-18
    outer loop
      vertex 1.4885928516484221 -150.67292951726657 1.1999999999999993
      vertex 1.5979132154706543 -150.99497692414923 1.1999999999999993
      vertex 1.5979132154706543 -150.99497692414923 0
    endloop
  endfacet
  facet normal 0.5555702330195994 -0.831469612302547 0
    outer loop
      vertex 2.4172202845773265 -147.93728131524279 1.1999999999999993
      vertex 2.4172202845773265 -147.93728131524279 0
      vertex 2.7 -147.74833395016046 1.1999999999999993
    endloop
  endfacet
  facet normal 0.4422886902190297 -0.8968727415326744 0
    outer loop
      vertex 2.7 -147.74833395016046 1.1999999999999993
      vertex 2.7 -147.74833395016046 0
      vertex 3.0050230758507666 -147.59791321547064 1.1999999999999993
    endloop
  endfacet
  facet normal 0.32143946530309414 -0.9469301294951284 0
    outer loop
      vertex 3.0050230758507666 -147.59791321547064 1.1999999999999993
      vertex 3.0050230758507666 -147.59791321547064 0
      vertex 3.327070482733446 -147.48859285164843 1.1999999999999993
    endloop
  endfacet
  facet normal 0.8314696123025362 -0.5555702330196157 0
    outer loop
      vertex 1.9372813152427883 -148.41722028457733 1.1999999999999993
      vertex 1.7483339501604598 -148.7 0
      vertex 1.9372813152427883 -148.41722028457733 0
    endloop
  endfacet
  facet normal 0.7518398074789805 -0.6593458151000653 0
    outer loop
      vertex 2.1615223689149765 -148.16152236891497 1.1999999999999993
      vertex 1.9372813152427883 -148.41722028457733 0
      vertex 2.1615223689149765 -148.16152236891497 0
    endloop
  endfacet
  facet normal 0.6593458151000685 -0.7518398074789776 0
    outer loop
      vertex 2.4172202845773265 -147.93728131524279 1.1999999999999993
      vertex 2.1615223689149765 -148.16152236891497 0
      vertex 2.4172202845773265 -147.93728131524279 0
    endloop
  endfacet
  facet normal 0.9469301294950998 -0.3214394653031792 0
    outer loop
      vertex 1.5979132154706543 -149.00502307585077 1.1999999999999993
      vertex 1.4885928516484221 -149.32707048273343 0
      vertex 1.5979132154706543 -149.00502307585077 0
    endloop
  endfacet
  facet normal 0.8968727415326978 -0.4422886902189822 0
    outer loop
      vertex 1.7483339501604598 -148.7 1.1999999999999993
      vertex 1.5979132154706543 -149.00502307585077 0
      vertex 1.7483339501604598 -148.7 0
    endloop
  endfacet
  facet normal 0.5555702330195994 -0.831469612302547 0
    outer loop
      vertex 2.7 -147.74833395016046 1.1999999999999993
      vertex 2.4172202845773265 -147.93728131524279 0
      vertex 2.7 -147.74833395016046 0
    endloop
  endfacet
  facet normal 0.4422886902190297 -0.8968727415326744 0
    outer loop
      vertex 3.0050230758507666 -147.59791321547064 1.1999999999999993
      vertex 2.7 -147.74833395016046 0
      vertex 3.0050230758507666 -147.59791321547064 0
    endloop
  endfacet
  facet normal 0.32143946530309414 -0.9469301294951284 0
    outer loop
      vertex 3.327070482733446 -147.48859285164843 1.1999999999999993
      vertex 3.0050230758507666 -147.59791321547064 0
      vertex 3.327070482733446 -147.48859285164843 0
    endloop
  endfacet
  facet normal 0.8968727415326978 0.4422886902189822 -7.436792362125309e-18
    outer loop
      vertex 1.5979132154706543 -150.99497692414923 1.1999999999999993
      vertex 1.7483339501604598 -151.3 1.1999999999999993
      vertex 1.7483339501604598 -151.3 0
    endloop
  endfacet
  facet normal 0.8314696123025362 0.5555702330196157 -2.0158624626600768e-18
    outer loop
      vertex 1.7483339501604598 -151.3 1.1999999999999993
      vertex 1.9372813152427883 -151.58277971542267 1.1999999999999993
      vertex 1.9372813152427883 -151.58277971542267 0
    endloop
  endfacet
  facet normal 0.7518398074789805 0.6593458151000653 -4.647614499388182e-18
    outer loop
      vertex 1.9372813152427883 -151.58277971542267 1.1999999999999993
      vertex 2.1615223689149765 -151.83847763108503 1.1999999999999993
      vertex 2.1615223689149765 -151.83847763108503 0
    endloop
  endfacet
  facet normal 0.6593458151000685 0.7518398074789776 3.3983944447602227e-18
    outer loop
      vertex 2.1615223689149765 -151.83847763108503 1.1999999999999993
      vertex 2.4172202845773265 -152.06271868475721 1.1999999999999993
      vertex 2.4172202845773265 -152.06271868475721 0
    endloop
  endfacet
  facet normal 0.5555702330195994 0.831469612302547 -2.480861052105741e-18
    outer loop
      vertex 2.4172202845773265 -152.06271868475721 1.1999999999999993
      vertex 2.7 -152.25166604983954 1.1999999999999993
      vertex 2.7 -152.25166604983954 0
    endloop
  endfacet
  facet normal 0.4422886902190297 0.8968727415326744 7.72508433401288e-18
    outer loop
      vertex 2.7 -152.25166604983954 1.1999999999999993
      vertex 3.0050230758507666 -152.40208678452936 1.1999999999999993
      vertex 3.0050230758507666 -152.40208678452936 0
    endloop
  endfacet
  facet normal 0.32143946530309414 0.9469301294951284 -2.994529519112507e-19
    outer loop
      vertex 3.0050230758507666 -152.40208678452936 1.1999999999999993
      vertex 3.327070482733446 -152.51140714835157 1.1999999999999993
      vertex 3.327070482733446 -152.51140714835157 0
    endloop
  endfacet
  facet normal 0.8968727415326978 0.4422886902189822 0
    outer loop
      vertex 1.5979132154706543 -150.99497692414923 1.1999999999999993
      vertex 1.7483339501604598 -151.3 0
      vertex 1.5979132154706543 -150.99497692414923 0
    endloop
  endfacet
  facet normal 0.8314696123025362 0.5555702330196157 0
    outer loop
      vertex 1.7483339501604598 -151.3 1.1999999999999993
      vertex 1.9372813152427883 -151.58277971542267 0
      vertex 1.7483339501604598 -151.3 0
    endloop
  endfacet
  facet normal 0.7518398074789805 0.6593458151000653 0
    outer loop
      vertex 1.9372813152427883 -151.58277971542267 1.1999999999999993
      vertex 2.1615223689149765 -151.83847763108503 0
      vertex 1.9372813152427883 -151.58277971542267 0
    endloop
  endfacet
  facet normal 0.6593458151000685 0.7518398074789776 0
    outer loop
      vertex 2.1615223689149765 -151.83847763108503 1.1999999999999993
      vertex 2.4172202845773265 -152.06271868475721 0
      vertex 2.1615223689149765 -151.83847763108503 0
    endloop
  endfacet
  facet normal 0.5555702330195994 0.831469612302547 0
    outer loop
      vertex 2.4172202845773265 -152.06271868475721 1.1999999999999993
      vertex 2.7 -152.25166604983954 0
      vertex 2.4172202845773265 -152.06271868475721 0
    endloop
  endfacet
  facet normal 0.4422886902190297 0.8968727415326744 0
    outer loop
      vertex 2.7 -152.25166604983954 1.1999999999999993
      vertex 3.0050230758507666 -152.40208678452936 0
      vertex 2.7 -152.25166604983954 0
    endloop
  endfacet
  facet normal 0.32143946530309414 0.9469301294951284 0
    outer loop
      vertex 3.0050230758507666 -152.40208678452936 1.1999999999999993
      vertex 3.327070482733446 -152.51140714835157 0
      vertex 3.0050230758507666 -152.40208678452936 0
    endloop
  endfacet
  facet normal 0.19509032201614704 -0.9807852804032267 0
    outer loop
      vertex 3.327070482733446 -147.48859285164843 1.1999999999999993
      vertex 3.327070482733446 -147.48859285164843 0
      vertex 3.660631900227866 -147.4222433604281 1.1999999999999993
    endloop
  endfacet
  facet normal 0.06540312923014117 -0.9978589232386036 0
    outer loop
      vertex 3.660631900227866 -147.4222433604281 1.1999999999999993
      vertex 3.660631900227866 -147.4222433604281 0
      vertex 4 -147.4 1.1999999999999993
    endloop
  endfacet
  facet normal -0.06540312923014117 -0.9978589232386036 0
    outer loop
      vertex 4 -147.4 1.1999999999999993
      vertex 4 -147.4 0
      vertex 4.339368099772134 -147.4222433604281 1.1999999999999993
    endloop
  endfacet
  facet normal -0.19509032201614704 -0.9807852804032267 0
    outer loop
      vertex 4.339368099772134 -147.4222433604281 1.1999999999999993
      vertex 4.339368099772134 -147.4222433604281 0
      vertex 4.672929517266554 -147.48859285164843 1.1999999999999993
    endloop
  endfacet
  facet normal -0.3214394653030946 -0.9469301294951284 0
    outer loop
      vertex 4.672929517266554 -147.48859285164843 1.1999999999999993
      vertex 4.672929517266554 -147.48859285164843 0
      vertex 4.994976924149233 -147.59791321547064 1.1999999999999993
    endloop
  endfacet
  facet normal -0.44228869021902917 -0.8968727415326746 0
    outer loop
      vertex 4.994976924149233 -147.59791321547064 1.1999999999999993
      vertex 4.994976924149233 -147.59791321547064 0
      vertex 5.3 -147.74833395016046 1.1999999999999993
    endloop
  endfacet
  facet normal 0.19509032201614704 -0.9807852804032267 0
    outer loop
      vertex 3.660631900227866 -147.4222433604281 1.1999999999999993
      vertex 3.327070482733446 -147.48859285164843 0
      vertex 3.660631900227866 -147.4222433604281 0
    endloop
  endfacet
  facet normal 0.06540312923014117 -0.9978589232386036 0
    outer loop
      vertex 4 -147.4 1.1999999999999993
      vertex 3.660631900227866 -147.4222433604281 0
      vertex 4 -147.4 0
    endloop
  endfacet
  facet normal -0.06540312923014117 -0.9978589232386036 0
    outer loop
      vertex 4.339368099772134 -147.4222433604281 1.1999999999999993
      vertex 4 -147.4 0
      vertex 4.339368099772134 -147.4222433604281 0
    endloop
  endfacet
  facet normal -0.19509032201614704 -0.9807852804032267 0
    outer loop
      vertex 4.672929517266554 -147.48859285164843 1.1999999999999993
      vertex 4.339368099772134 -147.4222433604281 0
      vertex 4.672929517266554 -147.48859285164843 0
    endloop
  endfacet
  facet normal -0.3214394653030946 -0.9469301294951284 0
    outer loop
      vertex 4.994976924149233 -147.59791321547064 1.1999999999999993
      vertex 4.672929517266554 -147.48859285164843 0
      vertex 4.994976924149233 -147.59791321547064 0
    endloop
  endfacet
  facet normal 0.19509032201614704 0.9807852804032267 3.805691057092059e-18
    outer loop
      vertex 3.327070482733446 -152.51140714835157 1.1999999999999993
      vertex 3.660631900227866 -152.5777566395719 1.1999999999999993
      vertex 3.660631900227866 -152.5777566395719 0
    endloop
  endfacet
  facet normal 0.06540312923014117 0.9978589232386036 -9.65238288052173e-19
    outer loop
      vertex 3.660631900227866 -152.5777566395719 1.1999999999999993
      vertex 4 -152.6 1.1999999999999993
      vertex 4 -152.6 0
    endloop
  endfacet
  facet normal -0.06540312923014117 0.9978589232386036 9.65238288052173e-19
    outer loop
      vertex 4 -152.6 1.1999999999999993
      vertex 4.339368099772134 -152.5777566395719 1.1999999999999993
      vertex 4.339368099772134 -152.5777566395719 0
    endloop
  endfacet
  facet normal -0.19509032201614704 0.9807852804032267 -3.805691057092059e-18
    outer loop
      vertex 4.339368099772134 -152.5777566395719 1.1999999999999993
      vertex 4.672929517266554 -152.51140714835157 1.1999999999999993
      vertex 4.672929517266554 -152.51140714835157 0
    endloop
  endfacet
  facet normal -0.3214394653030946 0.9469301294951284 3.5890508116452336e-19
    outer loop
      vertex 4.672929517266554 -152.51140714835157 1.1999999999999993
      vertex 4.994976924149233 -152.40208678452936 1.1999999999999993
      vertex 4.994976924149233 -152.40208678452936 0
    endloop
  endfacet
  facet normal 0.19509032201614704 0.9807852804032267 0
    outer loop
      vertex 3.327070482733446 -152.51140714835157 1.1999999999999993
      vertex 3.660631900227866 -152.5777566395719 0
      vertex 3.327070482733446 -152.51140714835157 0
    endloop
  endfacet
  facet normal 0.06540312923014117 0.9978589232386036 0
    outer loop
      vertex 3.660631900227866 -152.5777566395719 1.1999999999999993
      vertex 4 -152.6 0
      vertex 3.660631900227866 -152.5777566395719 0
    endloop
  endfacet
  facet normal -0.06540312923014117 0.9978589232386036 0
    outer loop
      vertex 4 -152.6 1.1999999999999993
      vertex 4.339368099772134 -152.5777566395719 0
      vertex 4 -152.6 0
    endloop
  endfacet
  facet normal -0.19509032201614704 0.9807852804032267 0
    outer loop
      vertex 4.339368099772134 -152.5777566395719 1.1999999999999993
      vertex 4.672929517266554 -152.51140714835157 0
      vertex 4.339368099772134 -152.5777566395719 0
    endloop
  endfacet
  facet normal -0.3214394653030946 0.9469301294951284 0
    outer loop
      vertex 4.672929517266554 -152.51140714835157 1.1999999999999993
      vertex 4.994976924149233 -152.40208678452936 0
      vertex 4.672929517266554 -152.51140714835157 0
    endloop
  endfacet
  facet normal -0.44228869021902917 0.8968727415326746 0
    outer loop
      vertex 4.994976924149233 -152.40208678452936 1.1999999999999993
      vertex 5.3 -152.25166604983954 0
      vertex 4.994976924149233 -152.40208678452936 0
    endloop
  endfacet
  facet normal 0 0 -1
    outer loop
      vertex 4.994976924149233 -147.59791321547064 1.1999999999999993
      vertex 5.3 -147.74833395016046 1.1999999999999993
      vertex 5.025304832720494 -148.9746951672795 1.1999999999999993
    endloop
  endfacet
  facet normal 0 0 -1
    outer loop
      vertex 5.3 -147.74833395016046 1.1999999999999993
      vertex 5.5827797154226735 -147.93728131524279 1.1999999999999993
      vertex 5.4005924481191485 -149.62471238460134 1.1999999999999993
    endloop
  endfacet
  facet normal 0 0 -1
    outer loop
      vertex 5.025304832720494 -148.9746951672795 1.1999999999999993
      vertex 5.3 -147.74833395016046 1.1999999999999993
      vertex 5.150362343422291 -149.11729592793736 1.1999999999999993
    endloop
  endfacet
  facet normal 0 0 -1
    outer loop
      vertex 5.3 -147.74833395016046 1.1999999999999993
      vertex 5.255736835487436 -149.275 1.1999999999999993
      vertex 5.150362343422291 -149.11729592793736 1.1999999999999993
    endloop
  endfacet
  facet normal 0 0 -1
    outer loop
      vertex 5.3 -147.74833395016046 1.1999999999999993
      vertex 5.339625322141366 -149.44510902307061 1.1999999999999993
      vertex 5.255736835487436 -149.275 1.1999999999999993
    endloop
  endfacet
  facet normal 0 0 -1
    outer loop
      vertex 5.3 -147.74833395016046 1.1999999999999993
      vertex 5.4005924481191485 -149.62471238460134 1.1999999999999993
      vertex 5.339625322141366 -149.44510902307061 1.1999999999999993
    endloop
  endfacet
  facet normal 0 0 -1
    outer loop
      vertex 5.5827797154226735 -147.93728131524279 1.1999999999999993
      vertex 5.437595048992025 -149.81073702128091 1.1999999999999993
      vertex 5.4005924481191485 -149.62471238460134 1.1999999999999993
    endloop
  endfacet
  facet normal 0 0 -1
    outer loop
      vertex 5.5827797154226735 -147.93728131524279 1.1999999999999993
      vertex 5.45 -150 1.1999999999999993
      vertex 5.437595048992025 -149.81073702128091 1.1999999999999993
    endloop
  endfacet
  facet normal 0 0 -1
    outer loop
      vertex 5.5827797154226735 -147.93728131524279 1.1999999999999993
      vertex 5.5827797154226735 -152.06271868475721 1.1999999999999993
      vertex 5.45 -150 1.1999999999999993
    endloop
  endfacet
  facet normal 0 0 -1
    outer loop
      vertex 5.45 -150 1.1999999999999993
      vertex 5.5827797154226735 -152.06271868475721 1.1999999999999993
      vertex 5.437595048992025 -150.18926297871909 1.1999999999999993
    endloop
  endfacet
  facet normal 0 0 -1
    outer loop
      vertex 5.4005924481191485 -150.37528761539866 1.1999999999999993
      vertex 5.437595048992025 -150.18926297871909 1.1999999999999993
      vertex 5.5827797154226735 -152.06271868475721 1.1999999999999993
    endloop
  endfacet
  facet normal 0 0 -1
    outer loop
      vertex 5.4005924481191485 -150.37528761539866 1.1999999999999993
      vertex 5.5827797154226735 -152.06271868475721 1.1999999999999993
      vertex 5.339625322141366 -150.55489097692939 1.1999999999999993
    endloop
  endfacet
  facet normal 0 0 -1
    outer loop
      vertex 5.5827797154226735 -147.93728131524279 1.1999999999999993
      vertex 5.8384776310850235 -148.16152236891497 1.1999999999999993
      vertex 5.8384776310850235 -151.83847763108503 1.1999999999999993
    endloop
  endfacet
  facet normal 0 0 -1
    outer loop
      vertex 5.5827797154226735 -147.93728131524279 1.1999999999999993
      vertex 5.8384776310850235 -151.83847763108503 1.1999999999999993
      vertex 5.5827797154226735 -152.06271868475721 1.1999999999999993
    endloop
  endfacet
  facet normal 0 0 -1
    outer loop
      vertex 5.8384776310850235 -148.16152236891497 1.1999999999999993
      vertex 6.062718684757211 -151.58277971542267 1.1999999999999993
      vertex 5.8384776310850235 -151.83847763108503 1.1999999999999993
    endloop
  endfacet
  facet normal 0 0 -1
    outer loop
      vertex 5.8384776310850235 -148.16152236891497 1.1999999999999993
      vertex 6.062718684757211 -148.41722028457733 1.1999999999999993
      vertex 6.062718684757211 -151.58277971542267 1.1999999999999993
    endloop
  endfacet
  facet normal 0 0 -1
    outer loop
      vertex 6.062718684757211 -148.41722028457733 1.1999999999999993
      vertex 6.251666049839541 -148.7 1.1999999999999993
      vertex 6.251666049839541 -151.3 1.1999999999999993
    endloop
  endfacet
  facet normal 0 0 -1
    outer loop
      vertex 6.251666049839541 -148.7 1.1999999999999993
      vertex 6.402086784529345 -149.00502307585077 1.1999999999999993
      vertex 6.402086784529345 -150.99497692414923 1.1999999999999993
    endloop
  endfacet
  facet normal 0 0 -1
    outer loop
      vertex 6.062718684757211 -148.41722028457733 1.1999999999999993
      vertex 6.251666049839541 -151.3 1.1999999999999993
      vertex 6.062718684757211 -151.58277971542267 1.1999999999999993
    endloop
  endfacet
  facet normal 0 0 -1
    outer loop
      vertex 6.251666049839541 -148.7 1.1999999999999993
      vertex 6.402086784529345 -150.99497692414923 1.1999999999999993
      vertex 6.251666049839541 -151.3 1.1999999999999993
    endloop
  endfacet
  facet normal 0 0 -1
    outer loop
      vertex 6.402086784529345 -149.00502307585077 1.1999999999999993
      vertex 6.511407148351578 -149.32707048273343 1.1999999999999993
      vertex 6.511407148351578 -150.67292951726657 1.1999999999999993
    endloop
  endfacet
  facet normal 0 0 -1
    outer loop
      vertex 6.511407148351578 -149.32707048273343 1.1999999999999993
      vertex 6.577756639571907 -149.66063190022786 1.1999999999999993
      vertex 6.577756639571907 -150.33936809977214 1.1999999999999993
    endloop
  endfacet
  facet normal 0 0 -1
    outer loop
      vertex 6.511407148351578 -149.32707048273343 1.1999999999999993
      vertex 6.577756639571907 -150.33936809977214 1.1999999999999993
      vertex 6.511407148351578 -150.67292951726657 1.1999999999999993
    endloop
  endfacet
  facet normal 0 0 -1
    outer loop
      vertex 6.402086784529345 -149.00502307585077 1.1999999999999993
      vertex 6.511407148351578 -150.67292951726657 1.1999999999999993
      vertex 6.402086784529345 -150.99497692414923 1.1999999999999993
    endloop
  endfacet
  facet normal 0 0 -1
    outer loop
      vertex 6.577756639571907 -149.66063190022786 1.1999999999999993
      vertex 6.6 -150 1.1999999999999993
      vertex 6.577756639571907 -150.33936809977214 1.1999999999999993
    endloop
  endfacet
  facet normal 0 0 -1
    outer loop
      vertex 5.025304832720494 -151.0253048327205 1.1999999999999993
      vertex 5.150362343422291 -150.88270407206264 1.1999999999999993
      vertex 5.3 -152.25166604983954 1.1999999999999993
    endloop
  endfacet
  facet normal 0 0 -1
    outer loop
      vertex 5.150362343422291 -150.88270407206264 1.1999999999999993
      vertex 5.255736835487436 -150.725 1.1999999999999993
      vertex 5.3 -152.25166604983954 1.1999999999999993
    endloop
  endfacet
  facet normal 0 0 -1
    outer loop
      vertex 5.255736835487436 -150.725 1.1999999999999993
      vertex 5.339625322141366 -150.55489097692939 1.1999999999999993
      vertex 5.3 -152.25166604983954 1.1999999999999993
    endloop
  endfacet
  facet normal 0 0 -1
    outer loop
      vertex 5.025304832720494 -151.0253048327205 1.1999999999999993
      vertex 5.3 -152.25166604983954 1.1999999999999993
      vertex 4.994976924149233 -152.40208678452936 1.1999999999999993
    endloop
  endfacet
  facet normal 0 0 -1
    outer loop
      vertex 5.339625322141366 -150.55489097692939 1.1999999999999993
      vertex 5.5827797154226735 -152.06271868475721 1.1999999999999993
      vertex 5.3 -152.25166604983954 1.1999999999999993
    endloop
  endfacet
  facet normal -0.5555702330195994 -0.831469612302547 0
    outer loop
      vertex 5.3 -147.74833395016046 1.1999999999999993
      vertex 5.3 -147.74833395016046 0
      vertex 5.5827797154226735 -147.93728131524279 1.1999999999999993
    endloop
  endfacet
  facet normal -0.6593458151000685 -0.7518398074789776 0
    outer loop
      vertex 5.5827797154226735 -147.93728131524279 1.1999999999999993
      vertex 5.5827797154226735 -147.93728131524279 0
      vertex 5.8384776310850235 -148.16152236891497 1.1999999999999993
    endloop
  endfacet
  facet normal -0.7518398074789812 -0.6593458151000646 0
    outer loop
      vertex 5.8384776310850235 -148.16152236891497 1.1999999999999993
      vertex 5.8384776310850235 -148.16152236891497 0
      vertex 6.062718684757211 -148.41722028457733 1.1999999999999993
    endloop
  endfacet
  facet normal -0.831469612302535 -0.5555702330196175 0
    outer loop
      vertex 6.062718684757211 -148.41722028457733 1.1999999999999993
      vertex 6.062718684757211 -148.41722028457733 0
      vertex 6.251666049839541 -148.7 1.1999999999999993
    endloop
  endfacet
  facet normal -0.8968727415326987 -0.44228869021898004 0
    outer loop
      vertex 6.251666049839541 -148.7 1.1999999999999993
      vertex 6.251666049839541 -148.7 0
      vertex 6.402086784529345 -149.00502307585077 1.1999999999999993
    endloop
  endfacet
  facet normal -0.9469301294950988 -0.3214394653031815 0
    outer loop
      vertex 6.402086784529345 -149.00502307585077 1.1999999999999993
      vertex 6.402086784529345 -149.00502307585077 0
      vertex 6.511407148351578 -149.32707048273343 1.1999999999999993
    endloop
  endfacet
  facet normal -0.980785280403231 -0.19509032201612542 0
    outer loop
      vertex 6.511407148351578 -149.32707048273343 1.1999999999999993
      vertex 6.511407148351578 -149.32707048273343 0
      vertex 6.577756639571907 -149.66063190022786 1.1999999999999993
    endloop
  endfacet
  facet normal -0.9978589232386038 -0.06540312923013912 0
    outer loop
      vertex 6.577756639571907 -149.66063190022786 1.1999999999999993
      vertex 6.577756639571907 -149.66063190022786 0
      vertex 6.6 -150 1.1999999999999993
    endloop
  endfacet
  facet normal -0.9978589232386038 0.06540312923013912 0
    outer loop
      vertex 6.6 -150 1.1999999999999993
      vertex 6.6 -150 0
      vertex 6.577756639571907 -150.33936809977214 1.1999999999999993
    endloop
  endfacet
  facet normal -0.9469301294950988 0.3214394653031815 -2.8901542794041376e-18
    outer loop
      vertex 6.402086784529345 -150.99497692414923 1.1999999999999993
      vertex 6.511407148351578 -150.67292951726657 1.1999999999999993
      vertex 6.511407148351578 -150.67292951726657 0
    endloop
  endfacet
  facet normal -0.980785280403231 0.19509032201612542 0
    outer loop
      vertex 6.577756639571907 -150.33936809977214 1.1999999999999993
      vertex 6.577756639571907 -150.33936809977214 0
      vertex 6.511407148351578 -150.67292951726657 1.1999999999999993
    endloop
  endfacet
  facet normal -0.44228869021902917 -0.8968727415326746 -2.9341035599551166e-18
    outer loop
      vertex 4.994976924149233 -147.59791321547064 0
      vertex 5.3 -147.74833395016046 0
      vertex 5.3 -147.74833395016046 1.1999999999999993
    endloop
  endfacet
  facet normal -0.5555702330195994 -0.831469612302547 0
    outer loop
      vertex 5.5827797154226735 -147.93728131524279 1.1999999999999993
      vertex 5.3 -147.74833395016046 0
      vertex 5.5827797154226735 -147.93728131524279 0
    endloop
  endfacet
  facet normal -0.6593458151000685 -0.7518398074789776 0
    outer loop
      vertex 5.8384776310850235 -148.16152236891497 1.1999999999999993
      vertex 5.5827797154226735 -147.93728131524279 0
      vertex 5.8384776310850235 -148.16152236891497 0
    endloop
  endfacet
  facet normal -0.7518398074789812 -0.6593458151000646 0
    outer loop
      vertex 6.062718684757211 -148.41722028457733 1.1999999999999993
      vertex 5.8384776310850235 -148.16152236891497 0
      vertex 6.062718684757211 -148.41722028457733 0
    endloop
  endfacet
  facet normal -0.831469612302535 -0.5555702330196175 0
    outer loop
      vertex 6.251666049839541 -148.7 1.1999999999999993
      vertex 6.062718684757211 -148.41722028457733 0
      vertex 6.251666049839541 -148.7 0
    endloop
  endfacet
  facet normal -0.8968727415326987 -0.44228869021898004 0
    outer loop
      vertex 6.402086784529345 -149.00502307585077 1.1999999999999993
      vertex 6.251666049839541 -148.7 0
      vertex 6.402086784529345 -149.00502307585077 0
    endloop
  endfacet
  facet normal -0.9469301294950988 -0.3214394653031815 0
    outer loop
      vertex 6.511407148351578 -149.32707048273343 1.1999999999999993
      vertex 6.402086784529345 -149.00502307585077 0
      vertex 6.511407148351578 -149.32707048273343 0
    endloop
  endfacet
  facet normal -0.980785280403231 -0.19509032201612542 0
    outer loop
      vertex 6.577756639571907 -149.66063190022786 1.1999999999999993
      vertex 6.511407148351578 -149.32707048273343 0
      vertex 6.577756639571907 -149.66063190022786 0
    endloop
  endfacet
  facet normal -0.9978589232386038 -0.06540312923013912 0
    outer loop
      vertex 6.6 -150 1.1999999999999993
      vertex 6.577756639571907 -149.66063190022786 0
      vertex 6.6 -150 0
    endloop
  endfacet
  facet normal -0.9978589232386038 0.06540312923013912 0
    outer loop
      vertex 6.577756639571907 -150.33936809977214 1.1999999999999993
      vertex 6.6 -150 0
      vertex 6.577756639571907 -150.33936809977214 0
    endloop
  endfacet
  facet normal -0.980785280403231 0.19509032201612542 0
    outer loop
      vertex 6.511407148351578 -150.67292951726657 1.1999999999999993
      vertex 6.577756639571907 -150.33936809977214 0
      vertex 6.511407148351578 -150.67292951726657 0
    endloop
  endfacet
  facet normal -0.9469301294950988 0.3214394653031815 0
    outer loop
      vertex 6.402086784529345 -150.99497692414923 1.1999999999999993
      vertex 6.511407148351578 -150.67292951726657 0
      vertex 6.402086784529345 -150.99497692414923 0
    endloop
  endfacet
  facet normal -0.5555702330195994 0.831469612302547 2.480861052105741e-18
    outer loop
      vertex 5.3 -152.25166604983954 1.1999999999999993
      vertex 5.5827797154226735 -152.06271868475721 1.1999999999999993
      vertex 5.5827797154226735 -152.06271868475721 0
    endloop
  endfacet
  facet normal -0.44228869021902917 0.8968727415326746 2.9341035599551166e-18
    outer loop
      vertex 4.994976924149233 -152.40208678452936 1.1999999999999993
      vertex 5.3 -152.25166604983954 1.1999999999999993
      vertex 5.3 -152.25166604983954 0
    endloop
  endfacet
  facet normal -0.6593458151000685 0.7518398074789776 -3.3983944447602227e-18
    outer loop
      vertex 5.5827797154226735 -152.06271868475721 1.1999999999999993
      vertex 5.8384776310850235 -151.83847763108503 1.1999999999999993
      vertex 5.8384776310850235 -151.83847763108503 0
    endloop
  endfacet
  facet normal -0.7518398074789812 0.6593458151000646 -1.5525486912438723e-18
    outer loop
      vertex 5.8384776310850235 -151.83847763108503 1.1999999999999993
      vertex 6.062718684757211 -151.58277971542267 1.1999999999999993
      vertex 6.062718684757211 -151.58277971542267 0
    endloop
  endfacet
  facet normal -0.831469612302535 0.5555702330196175 5.344969391498491e-18
    outer loop
      vertex 6.062718684757211 -151.58277971542267 1.1999999999999993
      vertex 6.251666049839541 -151.3 1.1999999999999993
      vertex 6.251666049839541 -151.3 0
    endloop
  endfacet
  facet normal -0.8968727415326987 0.44228869021898004 0
    outer loop
      vertex 6.402086784529345 -150.99497692414923 1.1999999999999993
      vertex 6.402086784529345 -150.99497692414923 0
      vertex 6.251666049839541 -151.3 1.1999999999999993
    endloop
  endfacet
  facet normal -0.5555702330195994 0.831469612302547 0
    outer loop
      vertex 5.3 -152.25166604983954 1.1999999999999993
      vertex 5.5827797154226735 -152.06271868475721 0
      vertex 5.3 -152.25166604983954 0
    endloop
  endfacet
  facet normal -0.6593458151000685 0.7518398074789776 0
    outer loop
      vertex 5.5827797154226735 -152.06271868475721 1.1999999999999993
      vertex 5.8384776310850235 -151.83847763108503 0
      vertex 5.5827797154226735 -152.06271868475721 0
    endloop
  endfacet
  facet normal -0.7518398074789812 0.6593458151000646 0
    outer loop
      vertex 5.8384776310850235 -151.83847763108503 1.1999999999999993
      vertex 6.062718684757211 -151.58277971542267 0
      vertex 5.8384776310850235 -151.83847763108503 0
    endloop
  endfacet
  facet normal -0.831469612302535 0.5555702330196175 0
    outer loop
      vertex 6.062718684757211 -151.58277971542267 1.1999999999999993
      vertex 6.251666049839541 -151.3 0
      vertex 6.062718684757211 -151.58277971542267 0
    endloop
  endfacet
  facet normal -0.8968727415326987 0.44228869021898004 0
    outer loop
      vertex 6.251666049839541 -151.3 1.1999999999999993
      vertex 6.402086784529345 -150.99497692414923 0
      vertex 6.251666049839541 -151.3 0
    endloop
  endfacet
  facet normal 0.9469301294951058 -0.3214394653031609 1.2167110410558855e-18
    outer loop
      vertex 47.46037467785863 -149.44510902307061 2.3999999999999986
      vertex 47.39940755188085 -149.62471238460134 2.3999999999999986
      vertex 47.39940755188085 -149.62471238460134 1.1999999999999993
    endloop
  endfacet
  facet normal 0.9807852804032314 -0.19509032201612336 0
    outer loop
      vertex 47.362404951007974 -149.81073702128091 2.3999999999999986
      vertex 47.362404951007974 -149.81073702128091 1.1999999999999993
      vertex 47.39940755188085 -149.62471238460134 2.3999999999999986
    endloop
  endfacet
  facet normal 0.7518398074790361 -0.659345815100002 0
    outer loop
      vertex 47.64963765657771 -149.11729592793736 2.3999999999999986
      vertex 47.64963765657771 -149.11729592793736 1.1999999999999993
      vertex 47.7746951672795 -148.9746951672795 2.3999999999999986
    endloop
  endfacet
  facet normal 0.8968727415326697 -0.442288690219039 0
    outer loop
      vertex 47.46037467785863 -149.44510902307061 2.3999999999999986
      vertex 47.46037467785863 -149.44510902307061 1.1999999999999993
      vertex 47.544263164512564 -149.275 2.3999999999999986
    endloop
  endfacet
  facet normal 0.831469612302541 -0.5555702330196086 4.858501040310487e-18
    outer loop
      vertex 47.64963765657771 -149.11729592793736 2.3999999999999986
      vertex 47.544263164512564 -149.275 2.3999999999999986
      vertex 47.544263164512564 -149.275 1.1999999999999993
    endloop
  endfacet
  facet normal 0.997858923238602 -0.06540312923016613 2.250459691006218e-19
    outer loop
      vertex 47.362404951007974 -149.81073702128091 2.3999999999999986
      vertex 47.349999999999994 -150 2.3999999999999986
      vertex 47.349999999999994 -150 1.1999999999999993
    endloop
  endfacet
  facet normal 0.997858923238602 0.06540312923016613 -2.250459691006218e-19
    outer loop
      vertex 47.349999999999994 -150 2.3999999999999986
      vertex 47.362404951007974 -150.18926297871909 2.3999999999999986
      vertex 47.362404951007974 -150.18926297871909 1.1999999999999993
    endloop
  endfacet
  facet normal 0.9807852804032314 0.19509032201612336 1.5474357640122547e-18
    outer loop
      vertex 47.362404951007974 -150.18926297871909 2.3999999999999986
      vertex 47.39940755188085 -150.37528761539866 2.3999999999999986
      vertex 47.39940755188085 -150.37528761539866 1.1999999999999993
    endloop
  endfacet
  facet normal 0.9469301294951058 0.3214394653031609 -1.2167110410558855e-18
    outer loop
      vertex 47.39940755188085 -150.37528761539866 2.3999999999999986
      vertex 47.46037467785863 -150.55489097692939 2.3999999999999986
      vertex 47.46037467785863 -150.55489097692939 1.1999999999999993
    endloop
  endfacet
  facet normal 0.8968727415326697 0.442288690219039 1.224536608689992e-18
    outer loop
      vertex 47.46037467785863 -150.55489097692939 2.3999999999999986
      vertex 47.544263164512564 -150.725 2.3999999999999986
      vertex 47.544263164512564 -150.725 1.1999999999999993
    endloop
  endfacet
  facet normal 0.831469612302541 0.5555702330196086 -4.858501040310487e-18
    outer loop
      vertex 47.544263164512564 -150.725 2.3999999999999986
      vertex 47.64963765657771 -150.88270407206264 2.3999999999999986
      vertex 47.64963765657771 -150.88270407206264 1.1999999999999993
    endloop
  endfacet
  facet normal 0.9469301294951058 -0.3214394653031609 0
    outer loop
      vertex 47.46037467785863 -149.44510902307061 2.3999999999999986
      vertex 47.39940755188085 -149.62471238460134 1.1999999999999993
      vertex 47.46037467785863 -149.44510902307061 1.1999999999999993
    endloop
  endfacet
  facet normal 0.9807852804032314 -0.19509032201612336 0
    outer loop
      vertex 47.39940755188085 -149.62471238460134 2.3999999999999986
      vertex 47.362404951007974 -149.81073702128091 1.1999999999999993
      vertex 47.39940755188085 -149.62471238460134 1.1999999999999993
    endloop
  endfacet
  facet normal 0.831469612302541 -0.5555702330196086 0
    outer loop
      vertex 47.64963765657771 -149.11729592793736 2.3999999999999986
      vertex 47.544263164512564 -149.275 1.1999999999999993
      vertex 47.64963765657771 -149.11729592793736 1.1999999999999993
    endloop
  endfacet
  facet normal 0.8968727415326697 -0.442288690219039 0
    outer loop
      vertex 47.544263164512564 -149.275 2.3999999999999986
      vertex 47.46037467785863 -149.44510902307061 1.1999999999999993
      vertex 47.544263164512564 -149.275 1.1999999999999993
    endloop
  endfacet
  facet normal 0.997858923238602 -0.06540312923016613 0
    outer loop
      vertex 47.362404951007974 -149.81073702128091 2.3999999999999986
      vertex 47.349999999999994 -150 1.1999999999999993
      vertex 47.362404951007974 -149.81073702128091 1.1999999999999993
    endloop
  endfacet
  facet normal 0.997858923238602 0.06540312923016613 0
    outer loop
      vertex 47.349999999999994 -150 2.3999999999999986
      vertex 47.362404951007974 -150.18926297871909 1.1999999999999993
      vertex 47.349999999999994 -150 1.1999999999999993
    endloop
  endfacet
  facet normal 0.9807852804032314 0.19509032201612336 0
    outer loop
      vertex 47.362404951007974 -150.18926297871909 2.3999999999999986
      vertex 47.39940755188085 -150.37528761539866 1.1999999999999993
      vertex 47.362404951007974 -150.18926297871909 1.1999999999999993
    endloop
  endfacet
  facet normal 0.9469301294951058 0.3214394653031609 0
    outer loop
      vertex 47.39940755188085 -150.37528761539866 2.3999999999999986
      vertex 47.46037467785863 -150.55489097692939 1.1999999999999993
      vertex 47.39940755188085 -150.37528761539866 1.1999999999999993
    endloop
  endfacet
  facet normal 0.8968727415326697 0.442288690219039 0
    outer loop
      vertex 47.46037467785863 -150.55489097692939 2.3999999999999986
      vertex 47.544263164512564 -150.725 1.1999999999999993
      vertex 47.46037467785863 -150.55489097692939 1.1999999999999993
    endloop
  endfacet
  facet normal 0.831469612302541 0.5555702330196086 0
    outer loop
      vertex 47.544263164512564 -150.725 2.3999999999999986
      vertex 47.64963765657771 -150.88270407206264 1.1999999999999993
      vertex 47.544263164512564 -150.725 1.1999999999999993
    endloop
  endfacet
  facet normal 0.7518398074790361 0.659345815100002 0
    outer loop
      vertex 47.64963765657771 -150.88270407206264 2.3999999999999986
      vertex 47.7746951672795 -151.0253048327205 1.1999999999999993
      vertex 47.64963765657771 -150.88270407206264 1.1999999999999993
    endloop
  endfacet
  facet normal 0.19509032201615217 -0.9807852804032257 0
    outer loop
      vertex 48.42471238460134 -148.59940755188086 2.3999999999999986
      vertex 48.42471238460134 -148.59940755188086 1.1999999999999993
      vertex 48.610737021280926 -148.56240495100798 2.3999999999999986
    endloop
  endfacet
  facet normal 0.6593458151000577 -0.7518398074789872 0
    outer loop
      vertex 47.7746951672795 -148.9746951672795 2.3999999999999986
      vertex 47.7746951672795 -148.9746951672795 1.1999999999999993
      vertex 47.91729592793735 -148.8496376565777 2.3999999999999986
    endloop
  endfacet
  facet normal 0.5555702330195309 -0.831469612302593 0
    outer loop
      vertex 47.91729592793735 -148.8496376565777 2.3999999999999986
      vertex 47.91729592793735 -148.8496376565777 1.1999999999999993
      vertex 48.074999999999996 -148.74426316451257 2.3999999999999986
    endloop
  endfacet
  facet normal 0.44228869021900924 -0.8968727415326844 0
    outer loop
      vertex 48.074999999999996 -148.74426316451257 2.3999999999999986
      vertex 48.074999999999996 -148.74426316451257 1.1999999999999993
      vertex 48.24510902307062 -148.66037467785864 2.3999999999999986
    endloop
  endfacet
  facet normal 0.7518398074790361 0.659345815100002 -5.919491007657786e-19
    outer loop
      vertex 47.64963765657771 -150.88270407206264 2.3999999999999986
      vertex 47.7746951672795 -151.0253048327205 2.3999999999999986
      vertex 47.7746951672795 -151.0253048327205 1.1999999999999993
    endloop
  endfacet
  facet normal 0.3214394653031609 -0.9469301294951058 0
    outer loop
      vertex 48.24510902307062 -148.66037467785864 2.3999999999999986
      vertex 48.24510902307062 -148.66037467785864 1.1999999999999993
      vertex 48.42471238460134 -148.59940755188086 2.3999999999999986
    endloop
  endfacet
  facet normal 0.0654031292300964 -0.9978589232386065 0
    outer loop
      vertex 48.610737021280926 -148.56240495100798 2.3999999999999986
      vertex 48.610737021280926 -148.56240495100798 1.1999999999999993
      vertex 48.8 -148.55 2.3999999999999986
    endloop
  endfacet
  facet normal -0.0654031292300964 -0.9978589232386065 0
    outer loop
      vertex 48.8 -148.55 2.3999999999999986
      vertex 48.8 -148.55 1.1999999999999993
      vertex 48.98926297871907 -148.56240495100798 2.3999999999999986
    endloop
  endfacet
  facet normal -0.19509032201615217 -0.9807852804032257 0
    outer loop
      vertex 48.98926297871907 -148.56240495100798 2.3999999999999986
      vertex 48.98926297871907 -148.56240495100798 1.1999999999999993
      vertex 49.17528761539865 -148.59940755188086 2.3999999999999986
    endloop
  endfacet
  facet normal -0.3214394653031609 -0.9469301294951058 0
    outer loop
      vertex 49.17528761539865 -148.59940755188086 2.3999999999999986
      vertex 49.17528761539865 -148.59940755188086 1.1999999999999993
      vertex 49.354890976929376 -148.66037467785864 2.3999999999999986
    endloop
  endfacet
  facet normal -0.44228869021900924 -0.8968727415326844 0
    outer loop
      vertex 49.354890976929376 -148.66037467785864 2.3999999999999986
      vertex 49.354890976929376 -148.66037467785864 1.1999999999999993
      vertex 49.525 -148.74426316451257 2.3999999999999986
    endloop
  endfacet
  facet normal 0.6593458151000577 0.7518398074789872 4.794249392333462e-18
    outer loop
      vertex 47.7746951672795 -151.0253048327205 2.3999999999999986
      vertex 47.91729592793735 -151.1503623434223 2.3999999999999986
      vertex 47.91729592793735 -151.1503623434223 1.1999999999999993
    endloop
  endfacet
  facet normal 0.5555702330195309 0.831469612302593 -5.86732973483012e-18
    outer loop
      vertex 47.91729592793735 -151.1503623434223 2.3999999999999986
      vertex 48.074999999999996 -151.25573683548743 2.3999999999999986
      vertex 48.074999999999996 -151.25573683548743 1.1999999999999993
    endloop
  endfacet
  facet normal 0.44228869021900924 0.8968727415326844 -4.1018833524875894e-19
    outer loop
      vertex 48.074999999999996 -151.25573683548743 2.3999999999999986
      vertex 48.24510902307062 -151.33962532214136 2.3999999999999986
      vertex 48.24510902307062 -151.33962532214136 1.1999999999999993
    endloop
  endfacet
  facet normal 0.3214394653031609 0.9469301294951058 -1.2167110410558855e-18
    outer loop
      vertex 48.24510902307062 -151.33962532214136 2.3999999999999986
      vertex 48.42471238460134 -151.40059244811914 2.3999999999999986
      vertex 48.42471238460134 -151.40059244811914 1.1999999999999993
    endloop
  endfacet
  facet normal 0.19509032201615217 0.9807852804032257 1.39831687259814e-18
    outer loop
      vertex 48.42471238460134 -151.40059244811914 2.3999999999999986
      vertex 48.610737021280926 -151.43759504899202 2.3999999999999986
      vertex 48.610737021280926 -151.43759504899202 1.1999999999999993
    endloop
  endfacet
  facet normal 0.0654031292300964 0.9978589232386065 2.6030706461823905e-19
    outer loop
      vertex 48.610737021280926 -151.43759504899202 2.3999999999999986
      vertex 48.8 -151.45 2.3999999999999986
      vertex 48.8 -151.45 1.1999999999999993
    endloop
  endfacet
  facet normal -0.0654031292300964 0.9978589232386065 -2.6030706461823905e-19
    outer loop
      vertex 48.8 -151.45 2.3999999999999986
      vertex 48.98926297871907 -151.43759504899202 2.3999999999999986
      vertex 48.98926297871907 -151.43759504899202 1.1999999999999993
    endloop
  endfacet
  facet normal -0.19509032201615217 0.9807852804032257 -1.39831687259814e-18
    outer loop
      vertex 48.98926297871907 -151.43759504899202 2.3999999999999986
      vertex 49.17528761539865 -151.40059244811914 2.3999999999999986
      vertex 49.17528761539865 -151.40059244811914 1.1999999999999993
    endloop
  endfacet
  facet normal -0.3214394653031609 0.9469301294951058 1.2167110410558855e-18
    outer loop
      vertex 49.17528761539865 -151.40059244811914 2.3999999999999986
      vertex 49.354890976929376 -151.33962532214136 2.3999999999999986
      vertex 49.354890976929376 -151.33962532214136 1.1999999999999993
    endloop
  endfacet
  facet normal -0.44228869021900924 0.8968727415326844 4.1018833524875894e-19
    outer loop
      vertex 49.354890976929376 -151.33962532214136 2.3999999999999986
      vertex 49.525 -151.25573683548743 2.3999999999999986
      vertex 49.525 -151.25573683548743 1.1999999999999993
    endloop
  endfacet
  facet normal -0.5555702330195309 -0.831469612302593 0
    outer loop
      vertex 49.525 -148.74426316451257 2.3999999999999986
      vertex 49.525 -148.74426316451257 1.1999999999999993
      vertex 49.68270407206264 -148.8496376565777 2.3999999999999986
    endloop
  endfacet
  facet normal -0.6593458151000577 -0.7518398074789872 0
    outer loop
      vertex 49.68270407206264 -148.8496376565777 2.3999999999999986
      vertex 49.68270407206264 -148.8496376565777 1.1999999999999993
      vertex 49.82530483272049 -148.9746951672795 2.3999999999999986
    endloop
  endfacet
  facet normal -0.7518398074790361 -0.659345815100002 0
    outer loop
      vertex 49.82530483272049 -148.9746951672795 2.3999999999999986
      vertex 49.82530483272049 -148.9746951672795 1.1999999999999993
      vertex 49.950362343422285 -149.11729592793736 2.3999999999999986
    endloop
  endfacet
  facet normal -0.7518398074790361 0.659345815100002 5.919491007657786e-19
    outer loop
      vertex 49.82530483272049 -151.0253048327205 2.3999999999999986
      vertex 49.950362343422285 -150.88270407206264 2.3999999999999986
      vertex 49.950362343422285 -150.88270407206264 1.1999999999999993
    endloop
  endfacet
  facet normal -0.831469612302541 -0.5555702330196086 0
    outer loop
      vertex 49.950362343422285 -149.11729592793736 2.3999999999999986
      vertex 49.950362343422285 -149.11729592793736 1.1999999999999993
      vertex 50.05573683548743 -149.275 2.3999999999999986
    endloop
  endfacet
  facet normal -0.8968727415326697 -0.442288690219039 0
    outer loop
      vertex 50.05573683548743 -149.275 2.3999999999999986
      vertex 50.05573683548743 -149.275 1.1999999999999993
      vertex 50.13962532214136 -149.44510902307061 2.3999999999999986
    endloop
  endfacet
  facet normal -0.9469301294951058 -0.3214394653031609 0
    outer loop
      vertex 50.13962532214136 -149.44510902307061 2.3999999999999986
      vertex 50.13962532214136 -149.44510902307061 1.1999999999999993
      vertex 50.200592448119146 -149.62471238460134 2.3999999999999986
    endloop
  endfacet
  facet normal -0.9807852804032314 -0.19509032201612336 0
    outer loop
      vertex 50.200592448119146 -149.62471238460134 2.3999999999999986
      vertex 50.200592448119146 -149.62471238460134 1.1999999999999993
      vertex 50.23759504899202 -149.81073702128091 2.3999999999999986
    endloop
  endfacet
  facet normal -0.831469612302541 0.5555702330196086 4.858501040310487e-18
    outer loop
      vertex 49.950362343422285 -150.88270407206264 2.3999999999999986
      vertex 50.05573683548743 -150.725 2.3999999999999986
      vertex 50.05573683548743 -150.725 1.1999999999999993
    endloop
  endfacet
  facet normal -0.8968727415326697 0.442288690219039 -1.224536608689992e-18
    outer loop
      vertex 50.05573683548743 -150.725 2.3999999999999986
      vertex 50.13962532214136 -150.55489097692939 2.3999999999999986
      vertex 50.13962532214136 -150.55489097692939 1.1999999999999993
    endloop
  endfacet
  facet normal -0.997858923238602 -0.06540312923016613 0
    outer loop
      vertex 50.23759504899202 -149.81073702128091 2.3999999999999986
      vertex 50.23759504899202 -149.81073702128091 1.1999999999999993
      vertex 50.25 -150 2.3999999999999986
    endloop
  endfacet
  facet normal -0.997858923238602 0.06540312923016613 0
    outer loop
      vertex 50.25 -150 2.3999999999999986
      vertex 50.25 -150 1.1999999999999993
      vertex 50.23759504899202 -150.18926297871909 2.3999999999999986
    endloop
  endfacet
  facet normal -0.9469301294951058 0.3214394653031609 1.2167110410558855e-18
    outer loop
      vertex 50.13962532214136 -150.55489097692939 2.3999999999999986
      vertex 50.200592448119146 -150.37528761539866 2.3999999999999986
      vertex 50.200592448119146 -150.37528761539866 1.1999999999999993
    endloop
  endfacet
  facet normal -0.9807852804032314 0.19509032201612336 0
    outer loop
      vertex 50.23759504899202 -150.18926297871909 2.3999999999999986
      vertex 50.23759504899202 -150.18926297871909 1.1999999999999993
      vertex 50.200592448119146 -150.37528761539866 2.3999999999999986
    endloop
  endfacet
  facet normal -0.5555702330195309 0.831469612302593 5.86732973483012e-18
    outer loop
      vertex 49.525 -151.25573683548743 2.3999999999999986
      vertex 49.68270407206264 -151.1503623434223 2.3999999999999986
      vertex 49.68270407206264 -151.1503623434223 1.1999999999999993
    endloop
  endfacet
  facet normal -0.6593458151000577 0.7518398074789872 0
    outer loop
      vertex 49.82530483272049 -151.0253048327205 2.3999999999999986
      vertex 49.82530483272049 -151.0253048327205 1.1999999999999993
      vertex 49.68270407206264 -151.1503623434223 2.3999999999999986
    endloop
  endfacet
  facet normal 0.19509032201615217 -0.9807852804032257 0
    outer loop
      vertex 48.610737021280926 -148.56240495100798 2.3999999999999986
      vertex 48.42471238460134 -148.59940755188086 1.1999999999999993
      vertex 48.610737021280926 -148.56240495100798 1.1999999999999993
    endloop
  endfacet
  facet normal 0.7518398074790361 -0.659345815100002 0
    outer loop
      vertex 47.7746951672795 -148.9746951672795 2.3999999999999986
      vertex 47.64963765657771 -149.11729592793736 1.1999999999999993
      vertex 47.7746951672795 -148.9746951672795 1.1999999999999993
    endloop
  endfacet
  facet normal 0.6593458151000577 -0.7518398074789872 0
    outer loop
      vertex 47.91729592793735 -148.8496376565777 2.3999999999999986
      vertex 47.7746951672795 -148.9746951672795 1.1999999999999993
      vertex 47.91729592793735 -148.8496376565777 1.1999999999999993
    endloop
  endfacet
  facet normal 0.5555702330195309 -0.831469612302593 0
    outer loop
      vertex 48.074999999999996 -148.74426316451257 2.3999999999999986
      vertex 47.91729592793735 -148.8496376565777 1.1999999999999993
      vertex 48.074999999999996 -148.74426316451257 1.1999999999999993
    endloop
  endfacet
  facet normal 0.44228869021900924 -0.8968727415326844 0
    outer loop
      vertex 48.24510902307062 -148.66037467785864 2.3999999999999986
      vertex 48.074999999999996 -148.74426316451257 1.1999999999999993
      vertex 48.24510902307062 -148.66037467785864 1.1999999999999993
    endloop
  endfacet
  facet normal 0.3214394653031609 -0.9469301294951058 0
    outer loop
      vertex 48.42471238460134 -148.59940755188086 2.3999999999999986
      vertex 48.24510902307062 -148.66037467785864 1.1999999999999993
      vertex 48.42471238460134 -148.59940755188086 1.1999999999999993
    endloop
  endfacet
  facet normal 0.0654031292300964 -0.9978589232386065 0
    outer loop
      vertex 48.8 -148.55 2.3999999999999986
      vertex 48.610737021280926 -148.56240495100798 1.1999999999999993
      vertex 48.8 -148.55 1.1999999999999993
    endloop
  endfacet
  facet normal -0.0654031292300964 -0.9978589232386065 0
    outer loop
      vertex 48.98926297871907 -148.56240495100798 2.3999999999999986
      vertex 48.8 -148.55 1.1999999999999993
      vertex 48.98926297871907 -148.56240495100798 1.1999999999999993
    endloop
  endfacet
  facet normal -0.19509032201615217 -0.9807852804032257 0
    outer loop
      vertex 49.17528761539865 -148.59940755188086 2.3999999999999986
      vertex 48.98926297871907 -148.56240495100798 1.1999999999999993
      vertex 49.17528761539865 -148.59940755188086 1.1999999999999993
    endloop
  endfacet
  facet normal -0.3214394653031609 -0.9469301294951058 0
    outer loop
      vertex 49.354890976929376 -148.66037467785864 2.3999999999999986
      vertex 49.17528761539865 -148.59940755188086 1.1999999999999993
      vertex 49.354890976929376 -148.66037467785864 1.1999999999999993
    endloop
  endfacet
  facet normal -0.44228869021900924 -0.8968727415326844 0
    outer loop
      vertex 49.525 -148.74426316451257 2.3999999999999986
      vertex 49.354890976929376 -148.66037467785864 1.1999999999999993
      vertex 49.525 -148.74426316451257 1.1999999999999993
    endloop
  endfacet
  facet normal 0.6593458151000577 0.7518398074789872 0
    outer loop
      vertex 47.7746951672795 -151.0253048327205 2.3999999999999986
      vertex 47.91729592793735 -151.1503623434223 1.1999999999999993
      vertex 47.7746951672795 -151.0253048327205 1.1999999999999993
    endloop
  endfacet
  facet normal 0.5555702330195309 0.831469612302593 0
    outer loop
      vertex 47.91729592793735 -151.1503623434223 2.3999999999999986
      vertex 48.074999999999996 -151.25573683548743 1.1999999999999993
      vertex 47.91729592793735 -151.1503623434223 1.1999999999999993
    endloop
  endfacet
  facet normal 0.44228869021900924 0.8968727415326844 0
    outer loop
      vertex 48.074999999999996 -151.25573683548743 2.3999999999999986
      vertex 48.24510902307062 -151.33962532214136 1.1999999999999993
      vertex 48.074999999999996 -151.25573683548743 1.1999999999999993
    endloop
  endfacet
  facet normal 0.3214394653031609 0.9469301294951058 0
    outer loop
      vertex 48.24510902307062 -151.33962532214136 2.3999999999999986
      vertex 48.42471238460134 -151.40059244811914 1.1999999999999993
      vertex 48.24510902307062 -151.33962532214136 1.1999999999999993
    endloop
  endfacet
  facet normal 0.19509032201615217 0.9807852804032257 0
    outer loop
      vertex 48.42471238460134 -151.40059244811914 2.3999999999999986
      vertex 48.610737021280926 -151.43759504899202 1.1999999999999993
      vertex 48.42471238460134 -151.40059244811914 1.1999999999999993
    endloop
  endfacet
  facet normal 0.0654031292300964 0.9978589232386065 0
    outer loop
      vertex 48.610737021280926 -151.43759504899202 2.3999999999999986
      vertex 48.8 -151.45 1.1999999999999993
      vertex 48.610737021280926 -151.43759504899202 1.1999999999999993
    endloop
  endfacet
  facet normal -0.0654031292300964 0.9978589232386065 0
    outer loop
      vertex 48.8 -151.45 2.3999999999999986
      vertex 48.98926297871907 -151.43759504899202 1.1999999999999993
      vertex 48.8 -151.45 1.1999999999999993
    endloop
  endfacet
  facet normal -0.19509032201615217 0.9807852804032257 0
    outer loop
      vertex 48.98926297871907 -151.43759504899202 2.3999999999999986
      vertex 49.17528761539865 -151.40059244811914 1.1999999999999993
      vertex 48.98926297871907 -151.43759504899202 1.1999999999999993
    endloop
  endfacet
  facet normal -0.3214394653031609 0.9469301294951058 0
    outer loop
      vertex 49.17528761539865 -151.40059244811914 2.3999999999999986
      vertex 49.354890976929376 -151.33962532214136 1.1999999999999993
      vertex 49.17528761539865 -151.40059244811914 1.1999999999999993
    endloop
  endfacet
  facet normal -0.44228869021900924 0.8968727415326844 0
    outer loop
      vertex 49.354890976929376 -151.33962532214136 2.3999999999999986
      vertex 49.525 -151.25573683548743 1.1999999999999993
      vertex 49.354890976929376 -151.33962532214136 1.1999999999999993
    endloop
  endfacet
  facet normal -0.5555702330195309 -0.831469612302593 0
    outer loop
      vertex 49.68270407206264 -148.8496376565777 2.3999999999999986
      vertex 49.525 -148.74426316451257 1.1999999999999993
      vertex 49.68270407206264 -148.8496376565777 1.1999999999999993
    endloop
  endfacet
  facet normal -0.6593458151000577 -0.7518398074789872 0
    outer loop
      vertex 49.82530483272049 -148.9746951672795 2.3999999999999986
      vertex 49.68270407206264 -148.8496376565777 1.1999999999999993
      vertex 49.82530483272049 -148.9746951672795 1.1999999999999993
    endloop
  endfacet
  facet normal -0.7518398074790361 -0.659345815100002 0
    outer loop
      vertex 49.950362343422285 -149.11729592793736 2.3999999999999986
      vertex 49.82530483272049 -148.9746951672795 1.1999999999999993
      vertex 49.950362343422285 -149.11729592793736 1.1999999999999993
    endloop
  endfacet
  facet normal -0.7518398074790361 0.659345815100002 0
    outer loop
      vertex 49.82530483272049 -151.0253048327205 2.3999999999999986
      vertex 49.950362343422285 -150.88270407206264 1.1999999999999993
      vertex 49.82530483272049 -151.0253048327205 1.1999999999999993
    endloop
  endfacet
  facet normal -0.831469612302541 -0.5555702330196086 0
    outer loop
      vertex 50.05573683548743 -149.275 2.3999999999999986
      vertex 49.950362343422285 -149.11729592793736 1.1999999999999993
      vertex 50.05573683548743 -149.275 1.1999999999999993
    endloop
  endfacet
  facet normal -0.8968727415326697 -0.442288690219039 0
    outer loop
      vertex 50.13962532214136 -149.44510902307061 2.3999999999999986
      vertex 50.05573683548743 -149.275 1.1999999999999993
      vertex 50.13962532214136 -149.44510902307061 1.1999999999999993
    endloop
  endfacet
  facet normal -0.9469301294951058 -0.3214394653031609 0
    outer loop
      vertex 50.200592448119146 -149.62471238460134 2.3999999999999986
      vertex 50.13962532214136 -149.44510902307061 1.1999999999999993
      vertex 50.200592448119146 -149.62471238460134 1.1999999999999993
    endloop
  endfacet
  facet normal -0.9807852804032314 -0.19509032201612336 0
    outer loop
      vertex 50.23759504899202 -149.81073702128091 2.3999999999999986
      vertex 50.200592448119146 -149.62471238460134 1.1999999999999993
      vertex 50.23759504899202 -149.81073702128091 1.1999999999999993
    endloop
  endfacet
  facet normal -0.831469612302541 0.5555702330196086 0
    outer loop
      vertex 49.950362343422285 -150.88270407206264 2.3999999999999986
      vertex 50.05573683548743 -150.725 1.1999999999999993
      vertex 49.950362343422285 -150.88270407206264 1.1999999999999993
    endloop
  endfacet
  facet normal -0.8968727415326697 0.442288690219039 0
    outer loop
      vertex 50.05573683548743 -150.725 2.3999999999999986
      vertex 50.13962532214136 -150.55489097692939 1.1999999999999993
      vertex 50.05573683548743 -150.725 1.1999999999999993
    endloop
  endfacet
  facet normal -0.997858923238602 -0.06540312923016613 0
    outer loop
      vertex 50.25 -150 2.3999999999999986
      vertex 50.23759504899202 -149.81073702128091 1.1999999999999993
      vertex 50.25 -150 1.1999999999999993
    endloop
  endfacet
  facet normal -0.997858923238602 0.06540312923016613 0
    outer loop
      vertex 50.23759504899202 -150.18926297871909 2.3999999999999986
      vertex 50.25 -150 1.1999999999999993
      vertex 50.23759504899202 -150.18926297871909 1.1999999999999993
    endloop
  endfacet
  facet normal -0.9807852804032314 0.19509032201612336 0
    outer loop
      vertex 50.200592448119146 -150.37528761539866 2.3999999999999986
      vertex 50.23759504899202 -150.18926297871909 1.1999999999999993
      vertex 50.200592448119146 -150.37528761539866 1.1999999999999993
    endloop
  endfacet
  facet normal -0.9469301294951058 0.3214394653031609 0
    outer loop
      vertex 50.13962532214136 -150.55489097692939 2.3999999999999986
      vertex 50.200592448119146 -150.37528761539866 1.1999999999999993
      vertex 50.13962532214136 -150.55489097692939 1.1999999999999993
    endloop
  endfacet
  facet normal -0.5555702330195309 0.831469612302593 0
    outer loop
      vertex 49.525 -151.25573683548743 2.3999999999999986
      vertex 49.68270407206264 -151.1503623434223 1.1999999999999993
      vertex 49.525 -151.25573683548743 1.1999999999999993
    endloop
  endfacet
  facet normal -0.6593458151000577 0.7518398074789872 0
    outer loop
      vertex 49.68270407206264 -151.1503623434223 2.3999999999999986
      vertex 49.82530483272049 -151.0253048327205 1.1999999999999993
      vertex 49.68270407206264 -151.1503623434223 1.1999999999999993
    endloop
  endfacet
  facet normal 0 0 -1
    outer loop
      vertex 46.28859285164842 -149.32707048273343 1.1999999999999993
      vertex 46.39791321547065 -149.00502307585077 1.1999999999999993
      vertex 46.39791321547065 -150.99497692414923 1.1999999999999993
    endloop
  endfacet
  facet normal 0 0 -1
    outer loop
      vertex 46.22224336042809 -149.66063190022786 1.1999999999999993
      vertex 46.22224336042809 -150.33936809977214 1.1999999999999993
      vertex 46.199999999999996 -150 1.1999999999999993
    endloop
  endfacet
  facet normal 0 0 -1
    outer loop
      vertex 46.22224336042809 -149.66063190022786 1.1999999999999993
      vertex 46.28859285164842 -150.67292951726657 1.1999999999999993
      vertex 46.22224336042809 -150.33936809977214 1.1999999999999993
    endloop
  endfacet
  facet normal 0 0 -1
    outer loop
      vertex 46.22224336042809 -149.66063190022786 1.1999999999999993
      vertex 46.28859285164842 -149.32707048273343 1.1999999999999993
      vertex 46.28859285164842 -150.67292951726657 1.1999999999999993
    endloop
  endfacet
  facet normal 0 0 -1
    outer loop
      vertex 46.28859285164842 -149.32707048273343 1.1999999999999993
      vertex 46.39791321547065 -150.99497692414923 1.1999999999999993
      vertex 46.28859285164842 -150.67292951726657 1.1999999999999993
    endloop
  endfacet
  facet normal 0 0 -1
    outer loop
      vertex 46.39791321547065 -149.00502307585077 1.1999999999999993
      vertex 46.548333950160455 -148.7 1.1999999999999993
      vertex 46.548333950160455 -151.3 1.1999999999999993
    endloop
  endfacet
  facet normal 0 0 -1
    outer loop
      vertex 46.73728131524278 -148.41722028457733 1.1999999999999993
      vertex 46.73728131524278 -151.58277971542267 1.1999999999999993
      vertex 46.548333950160455 -148.7 1.1999999999999993
    endloop
  endfacet
  facet normal 0 0 -1
    outer loop
      vertex 46.39791321547065 -149.00502307585077 1.1999999999999993
      vertex 46.548333950160455 -151.3 1.1999999999999993
      vertex 46.39791321547065 -150.99497692414923 1.1999999999999993
    endloop
  endfacet
  facet normal 0 0 -1
    outer loop
      vertex 46.548333950160455 -148.7 1.1999999999999993
      vertex 46.73728131524278 -151.58277971542267 1.1999999999999993
      vertex 46.548333950160455 -151.3 1.1999999999999993
    endloop
  endfacet
  facet normal 0 0 -1
    outer loop
      vertex 46.73728131524278 -148.41722028457733 1.1999999999999993
      vertex 46.96152236891497 -151.83847763108503 1.1999999999999993
      vertex 46.73728131524278 -151.58277971542267 1.1999999999999993
    endloop
  endfacet
  facet normal 0 0 -1
    outer loop
      vertex 47.21722028457732 -147.93728131524279 1.1999999999999993
      vertex 47.5 -147.74833395016046 1.1999999999999993
      vertex 47.46037467785863 -149.44510902307061 1.1999999999999993
    endloop
  endfacet
  facet normal 0 0 -1
    outer loop
      vertex 47.5 -147.74833395016046 1.1999999999999993
      vertex 47.80502307585076 -147.59791321547064 1.1999999999999993
      vertex 47.7746951672795 -148.9746951672795 1.1999999999999993
    endloop
  endfacet
  facet normal 0 0 -1
    outer loop
      vertex 46.73728131524278 -148.41722028457733 1.1999999999999993
      vertex 46.96152236891497 -148.16152236891497 1.1999999999999993
      vertex 46.96152236891497 -151.83847763108503 1.1999999999999993
    endloop
  endfacet
  facet normal 0 0 -1
    outer loop
      vertex 46.96152236891497 -148.16152236891497 1.1999999999999993
      vertex 47.21722028457732 -147.93728131524279 1.1999999999999993
      vertex 47.21722028457732 -152.06271868475721 1.1999999999999993
    endloop
  endfacet
  facet normal 0 0 -1
    outer loop
      vertex 46.96152236891497 -148.16152236891497 1.1999999999999993
      vertex 47.21722028457732 -152.06271868475721 1.1999999999999993
      vertex 46.96152236891497 -151.83847763108503 1.1999999999999993
    endloop
  endfacet
  facet normal 0 0 -1
    outer loop
      vertex 47.21722028457732 -147.93728131524279 1.1999999999999993
      vertex 47.46037467785863 -149.44510902307061 1.1999999999999993
      vertex 47.39940755188085 -149.62471238460134 1.1999999999999993
    endloop
  endfacet
  facet normal 0 0 -1
    outer loop
      vertex 47.21722028457732 -147.93728131524279 1.1999999999999993
      vertex 47.39940755188085 -149.62471238460134 1.1999999999999993
      vertex 47.362404951007974 -149.81073702128091 1.1999999999999993
    endloop
  endfacet
  facet normal 0 0 -1
    outer loop
      vertex 47.21722028457732 -147.93728131524279 1.1999999999999993
      vertex 47.362404951007974 -149.81073702128091 1.1999999999999993
      vertex 47.349999999999994 -150 1.1999999999999993
    endloop
  endfacet
  facet normal 0 0 -1
    outer loop
      vertex 47.5 -147.74833395016046 1.1999999999999993
      vertex 47.544263164512564 -149.275 1.1999999999999993
      vertex 47.46037467785863 -149.44510902307061 1.1999999999999993
    endloop
  endfacet
  facet normal 0 0 -1
    outer loop
      vertex 47.5 -147.74833395016046 1.1999999999999993
      vertex 47.64963765657771 -149.11729592793736 1.1999999999999993
      vertex 47.544263164512564 -149.275 1.1999999999999993
    endloop
  endfacet
  facet normal 0 0 -1
    outer loop
      vertex 47.5 -147.74833395016046 1.1999999999999993
      vertex 47.7746951672795 -148.9746951672795 1.1999999999999993
      vertex 47.64963765657771 -149.11729592793736 1.1999999999999993
    endloop
  endfacet
  facet normal 0 0 -1
    outer loop
      vertex 47.21722028457732 -147.93728131524279 1.1999999999999993
      vertex 47.349999999999994 -150 1.1999999999999993
      vertex 47.21722028457732 -152.06271868475721 1.1999999999999993
    endloop
  endfacet
  facet normal 0 0 -1
    outer loop
      vertex 47.349999999999994 -150 1.1999999999999993
      vertex 47.362404951007974 -150.18926297871909 1.1999999999999993
      vertex 47.21722028457732 -152.06271868475721 1.1999999999999993
    endloop
  endfacet
  facet normal 0 0 -1
    outer loop
      vertex 47.362404951007974 -150.18926297871909 1.1999999999999993
      vertex 47.39940755188085 -150.37528761539866 1.1999999999999993
      vertex 47.21722028457732 -152.06271868475721 1.1999999999999993
    endloop
  endfacet
  facet normal 0 0 -1
    outer loop
      vertex 47.39940755188085 -150.37528761539866 1.1999999999999993
      vertex 47.46037467785863 -150.55489097692939 1.1999999999999993
      vertex 47.5 -152.25166604983954 1.1999999999999993
    endloop
  endfacet
  facet normal 0 0 -1
    outer loop
      vertex 47.39940755188085 -150.37528761539866 1.1999999999999993
      vertex 47.5 -152.25166604983954 1.1999999999999993
      vertex 47.21722028457732 -152.06271868475721 1.1999999999999993
    endloop
  endfacet
  facet normal 0 0 -1
    outer loop
      vertex 47.46037467785863 -150.55489097692939 1.1999999999999993
      vertex 47.544263164512564 -150.725 1.1999999999999993
      vertex 47.5 -152.25166604983954 1.1999999999999993
    endloop
  endfacet
  facet normal 0 0 -1
    outer loop
      vertex 47.544263164512564 -150.725 1.1999999999999993
      vertex 47.64963765657771 -150.88270407206264 1.1999999999999993
      vertex 47.5 -152.25166604983954 1.1999999999999993
    endloop
  endfacet
  facet normal 0 0 -1
    outer loop
      vertex 47.64963765657771 -150.88270407206264 1.1999999999999993
      vertex 47.7746951672795 -151.0253048327205 1.1999999999999993
      vertex 47.5 -152.25166604983954 1.1999999999999993
    endloop
  endfacet
  facet normal 0 0 -1
    outer loop
      vertex 47.5 -152.25166604983954 1.1999999999999993
      vertex 47.7746951672795 -151.0253048327205 1.1999999999999993
      vertex 47.80502307585076 -152.40208678452936 1.1999999999999993
    endloop
  endfacet
  facet normal 0.7518398074789812 -0.6593458151000646 0
    outer loop
      vertex 46.73728131524278 -148.41722028457733 1.1999999999999993
      vertex 46.73728131524278 -148.41722028457733 0
      vertex 46.96152236891497 -148.16152236891497 1.1999999999999993
    endloop
  endfacet
  facet normal 0.980785280403231 -0.19509032201612542 0
    outer loop
      vertex 46.22224336042809 -149.66063190022786 1.1999999999999993
      vertex 46.22224336042809 -149.66063190022786 0
      vertex 46.28859285164842 -149.32707048273343 1.1999999999999993
    endloop
  endfacet
  facet normal 0.9469301294950974 -0.32143946530318623 0
    outer loop
      vertex 46.28859285164842 -149.32707048273343 1.1999999999999993
      vertex 46.28859285164842 -149.32707048273343 0
      vertex 46.39791321547065 -149.00502307585077 1.1999999999999993
    endloop
  endfacet
  facet normal 0.9978589232386038 -0.06540312923013912 -4.663260728096437e-19
    outer loop
      vertex 46.22224336042809 -149.66063190022786 1.1999999999999993
      vertex 46.199999999999996 -150 1.1999999999999993
      vertex 46.199999999999996 -150 0
    endloop
  endfacet
  facet normal 0.9978589232386038 0.06540312923013912 4.663260728096437e-19
    outer loop
      vertex 46.199999999999996 -150 1.1999999999999993
      vertex 46.22224336042809 -150.33936809977214 1.1999999999999993
      vertex 46.22224336042809 -150.33936809977214 0
    endloop
  endfacet
  facet normal 0.980785280403231 0.19509032201612542 -3.187569127732863e-18
    outer loop
      vertex 46.22224336042809 -150.33936809977214 1.1999999999999993
      vertex 46.28859285164842 -150.67292951726657 1.1999999999999993
      vertex 46.28859285164842 -150.67292951726657 0
    endloop
  endfacet
  facet normal 0.9469301294950974 0.32143946530318623 -4.661172507770205e-18
    outer loop
      vertex 46.28859285164842 -150.67292951726657 1.1999999999999993
      vertex 46.39791321547065 -150.99497692414923 1.1999999999999993
      vertex 46.39791321547065 -150.99497692414923 0
    endloop
  endfacet
  facet normal 0.8968727415327008 -0.4422886902189758 0
    outer loop
      vertex 46.39791321547065 -149.00502307585077 1.1999999999999993
      vertex 46.39791321547065 -149.00502307585077 0
      vertex 46.548333950160455 -148.7 1.1999999999999993
    endloop
  endfacet
  facet normal 0.8314696123025374 -0.555570233019614 -1.313244466178347e-18
    outer loop
      vertex 46.73728131524278 -148.41722028457733 1.1999999999999993
      vertex 46.548333950160455 -148.7 1.1999999999999993
      vertex 46.548333950160455 -148.7 0
    endloop
  endfacet
  facet normal 0.6593458151000646 -0.7518398074789812 0
    outer loop
      vertex 46.96152236891497 -148.16152236891497 1.1999999999999993
      vertex 46.96152236891497 -148.16152236891497 0
      vertex 47.21722028457732 -147.93728131524279 1.1999999999999993
    endloop
  endfacet
  facet normal 0.5555702330195945 -0.8314696123025503 0
    outer loop
      vertex 47.21722028457732 -147.93728131524279 1.1999999999999993
      vertex 47.21722028457732 -147.93728131524279 0
      vertex 47.5 -147.74833395016046 1.1999999999999993
    endloop
  endfacet
  facet normal 0.44228869021903433 -0.896872741532672 0
    outer loop
      vertex 47.5 -147.74833395016046 1.1999999999999993
      vertex 47.5 -147.74833395016046 0
      vertex 47.80502307585076 -147.59791321547064 1.1999999999999993
    endloop
  endfacet
  facet normal 0.8314696123025374 -0.555570233019614 0
    outer loop
      vertex 46.73728131524278 -148.41722028457733 1.1999999999999993
      vertex 46.548333950160455 -148.7 0
      vertex 46.73728131524278 -148.41722028457733 0
    endloop
  endfacet
  facet normal 0.9469301294950974 -0.32143946530318623 0
    outer loop
      vertex 46.39791321547065 -149.00502307585077 1.1999999999999993
      vertex 46.28859285164842 -149.32707048273343 0
      vertex 46.39791321547065 -149.00502307585077 0
    endloop
  endfacet
  facet normal 0.9978589232386038 -0.06540312923013912 0
    outer loop
      vertex 46.22224336042809 -149.66063190022786 1.1999999999999993
      vertex 46.199999999999996 -150 0
      vertex 46.22224336042809 -149.66063190022786 0
    endloop
  endfacet
  facet normal 0.980785280403231 -0.19509032201612542 0
    outer loop
      vertex 46.28859285164842 -149.32707048273343 1.1999999999999993
      vertex 46.22224336042809 -149.66063190022786 0
      vertex 46.28859285164842 -149.32707048273343 0
    endloop
  endfacet
  facet normal 0.9978589232386038 0.06540312923013912 0
    outer loop
      vertex 46.199999999999996 -150 1.1999999999999993
      vertex 46.22224336042809 -150.33936809977214 0
      vertex 46.199999999999996 -150 0
    endloop
  endfacet
  facet normal 0.980785280403231 0.19509032201612542 0
    outer loop
      vertex 46.22224336042809 -150.33936809977214 1.1999999999999993
      vertex 46.28859285164842 -150.67292951726657 0
      vertex 46.22224336042809 -150.33936809977214 0
    endloop
  endfacet
  facet normal 0.9469301294950974 0.32143946530318623 0
    outer loop
      vertex 46.28859285164842 -150.67292951726657 1.1999999999999993
      vertex 46.39791321547065 -150.99497692414923 0
      vertex 46.28859285164842 -150.67292951726657 0
    endloop
  endfacet
  facet normal 0.8968727415327008 -0.4422886902189758 0
    outer loop
      vertex 46.548333950160455 -148.7 1.1999999999999993
      vertex 46.39791321547065 -149.00502307585077 0
      vertex 46.548333950160455 -148.7 0
    endloop
  endfacet
  facet normal 0.7518398074789812 -0.6593458151000646 0
    outer loop
      vertex 46.96152236891497 -148.16152236891497 1.1999999999999993
      vertex 46.73728131524278 -148.41722028457733 0
      vertex 46.96152236891497 -148.16152236891497 0
    endloop
  endfacet
  facet normal 0.6593458151000646 -0.7518398074789812 0
    outer loop
      vertex 47.21722028457732 -147.93728131524279 1.1999999999999993
      vertex 46.96152236891497 -148.16152236891497 0
      vertex 47.21722028457732 -147.93728131524279 0
    endloop
  endfacet
  facet normal 0.5555702330195945 -0.8314696123025503 0
    outer loop
      vertex 47.5 -147.74833395016046 1.1999999999999993
      vertex 47.21722028457732 -147.93728131524279 0
      vertex 47.5 -147.74833395016046 0
    endloop
  endfacet
  facet normal 0.8968727415327008 0.4422886902189758 -5.245859577941279e-18
    outer loop
      vertex 46.39791321547065 -150.99497692414923 1.1999999999999993
      vertex 46.548333950160455 -151.3 1.1999999999999993
      vertex 46.548333950160455 -151.3 0
    endloop
  endfacet
  facet normal 0.8314696123025374 0.555570233019614 1.313244466178347e-18
    outer loop
      vertex 46.548333950160455 -151.3 1.1999999999999993
      vertex 46.73728131524278 -151.58277971542267 1.1999999999999993
      vertex 46.73728131524278 -151.58277971542267 0
    endloop
  endfacet
  facet normal 0.7518398074789812 0.6593458151000646 1.5525486912438723e-18
    outer loop
      vertex 46.73728131524278 -151.58277971542267 1.1999999999999993
      vertex 46.96152236891497 -151.83847763108503 1.1999999999999993
      vertex 46.96152236891497 -151.83847763108503 0
    endloop
  endfacet
  facet normal 0.6593458151000646 0.7518398074789812 1.5525486912438723e-18
    outer loop
      vertex 46.96152236891497 -151.83847763108503 1.1999999999999993
      vertex 47.21722028457732 -152.06271868475721 1.1999999999999993
      vertex 47.21722028457732 -152.06271868475721 0
    endloop
  endfacet
  facet normal 0.5555702330195945 0.8314696123025503 1.921863327362201e-18
    outer loop
      vertex 47.21722028457732 -152.06271868475721 1.1999999999999993
      vertex 47.5 -152.25166604983954 1.1999999999999993
      vertex 47.5 -152.25166604983954 0
    endloop
  endfacet
  facet normal 0.8968727415327008 0.4422886902189758 0
    outer loop
      vertex 46.39791321547065 -150.99497692414923 1.1999999999999993
      vertex 46.548333950160455 -151.3 0
      vertex 46.39791321547065 -150.99497692414923 0
    endloop
  endfacet
  facet normal 0.8314696123025374 0.555570233019614 0
    outer loop
      vertex 46.548333950160455 -151.3 1.1999999999999993
      vertex 46.73728131524278 -151.58277971542267 0
      vertex 46.548333950160455 -151.3 0
    endloop
  endfacet
  facet normal 0.7518398074789812 0.6593458151000646 0
    outer loop
      vertex 46.73728131524278 -151.58277971542267 1.1999999999999993
      vertex 46.96152236891497 -151.83847763108503 0
      vertex 46.73728131524278 -151.58277971542267 0
    endloop
  endfacet
  facet normal 0.6593458151000646 0.7518398074789812 0
    outer loop
      vertex 46.96152236891497 -151.83847763108503 1.1999999999999993
      vertex 47.21722028457732 -152.06271868475721 0
      vertex 46.96152236891497 -151.83847763108503 0
    endloop
  endfacet
  facet normal 0.5555702330195945 0.8314696123025503 0
    outer loop
      vertex 47.21722028457732 -152.06271868475721 1.1999999999999993
      vertex 47.5 -152.25166604983954 0
      vertex 47.21722028457732 -152.06271868475721 0
    endloop
  endfacet
  facet normal 0.44228869021903433 0.896872741532672 0
    outer loop
      vertex 47.5 -152.25166604983954 1.1999999999999993
      vertex 47.80502307585076 -152.40208678452936 0
      vertex 47.5 -152.25166604983954 0
    endloop
  endfacet
  facet normal 0 0 -1
    outer loop
      vertex 47.80502307585076 -147.59791321547064 1.1999999999999993
      vertex 47.91729592793735 -148.8496376565777 1.1999999999999993
      vertex 47.7746951672795 -148.9746951672795 1.1999999999999993
    endloop
  endfacet
  facet normal 0 0 -1
    outer loop
      vertex 47.80502307585076 -147.59791321547064 1.1999999999999993
      vertex 48.127070482733444 -147.48859285164843 1.1999999999999993
      vertex 48.074999999999996 -148.74426316451257 1.1999999999999993
    endloop
  endfacet
  facet normal 0 0 -1
    outer loop
      vertex 47.80502307585076 -147.59791321547064 1.1999999999999993
      vertex 48.074999999999996 -148.74426316451257 1.1999999999999993
      vertex 47.91729592793735 -148.8496376565777 1.1999999999999993
    endloop
  endfacet
  facet normal 0 0 -1
    outer loop
      vertex 48.127070482733444 -147.48859285164843 1.1999999999999993
      vertex 48.46063190022786 -147.4222433604281 1.1999999999999993
      vertex 48.42471238460134 -148.59940755188086 1.1999999999999993
    endloop
  endfacet
  facet normal 0 0 -1
    outer loop
      vertex 48.127070482733444 -147.48859285164843 1.1999999999999993
      vertex 48.24510902307062 -148.66037467785864 1.1999999999999993
      vertex 48.074999999999996 -148.74426316451257 1.1999999999999993
    endloop
  endfacet
  facet normal 0 0 -1
    outer loop
      vertex 48.127070482733444 -147.48859285164843 1.1999999999999993
      vertex 48.42471238460134 -148.59940755188086 1.1999999999999993
      vertex 48.24510902307062 -148.66037467785864 1.1999999999999993
    endloop
  endfacet
  facet normal 0 0 -1
    outer loop
      vertex 48.46063190022786 -147.4222433604281 1.1999999999999993
      vertex 48.610737021280926 -148.56240495100798 1.1999999999999993
      vertex 48.42471238460134 -148.59940755188086 1.1999999999999993
    endloop
  endfacet
  facet normal 0 0 -1
    outer loop
      vertex 48.46063190022786 -147.4222433604281 1.1999999999999993
      vertex 48.8 -147.4 1.1999999999999993
      vertex 48.8 -148.55 1.1999999999999993
    endloop
  endfacet
  facet normal 0 0 -1
    outer loop
      vertex 48.46063190022786 -147.4222433604281 1.1999999999999993
      vertex 48.8 -148.55 1.1999999999999993
      vertex 48.610737021280926 -148.56240495100798 1.1999999999999993
    endloop
  endfacet
  facet normal 0 0 -1
    outer loop
      vertex 48.8 -147.4 1.1999999999999993
      vertex 49.139368099772135 -147.4222433604281 1.1999999999999993
      vertex 48.8 -148.55 1.1999999999999993
    endloop
  endfacet
  facet normal 0 0 -1
    outer loop
      vertex 48.8 -148.55 1.1999999999999993
      vertex 49.139368099772135 -147.4222433604281 1.1999999999999993
      vertex 48.98926297871907 -148.56240495100798 1.1999999999999993
    endloop
  endfacet
  facet normal 0 0 -1
    outer loop
      vertex 48.98926297871907 -148.56240495100798 1.1999999999999993
      vertex 49.139368099772135 -147.4222433604281 1.1999999999999993
      vertex 49.17528761539865 -148.59940755188086 1.1999999999999993
    endloop
  endfacet
  facet normal 0 0 -1
    outer loop
      vertex 49.139368099772135 -147.4222433604281 1.1999999999999993
      vertex 49.47292951726655 -147.48859285164843 1.1999999999999993
      vertex 49.17528761539865 -148.59940755188086 1.1999999999999993
    endloop
  endfacet
  facet normal 0 0 -1
    outer loop
      vertex 49.47292951726655 -147.48859285164843 1.1999999999999993
      vertex 49.354890976929376 -148.66037467785864 1.1999999999999993
      vertex 49.17528761539865 -148.59940755188086 1.1999999999999993
    endloop
  endfacet
  facet normal 0 0 -1
    outer loop
      vertex 49.47292951726655 -147.48859285164843 1.1999999999999993
      vertex 49.525 -148.74426316451257 1.1999999999999993
      vertex 49.354890976929376 -148.66037467785864 1.1999999999999993
    endloop
  endfacet
  facet normal 0 0 -1
    outer loop
      vertex 47.7746951672795 -151.0253048327205 1.1999999999999993
      vertex 47.91729592793735 -151.1503623434223 1.1999999999999993
      vertex 47.80502307585076 -152.40208678452936 1.1999999999999993
    endloop
  endfacet
  facet normal 0 0 -1
    outer loop
      vertex 47.91729592793735 -151.1503623434223 1.1999999999999993
      vertex 48.074999999999996 -151.25573683548743 1.1999999999999993
      vertex 47.80502307585076 -152.40208678452936 1.1999999999999993
    endloop
  endfacet
  facet normal 0 0 -1
    outer loop
      vertex 48.074999999999996 -151.25573683548743 1.1999999999999993
      vertex 48.127070482733444 -152.51140714835157 1.1999999999999993
      vertex 47.80502307585076 -152.40208678452936 1.1999999999999993
    endloop
  endfacet
  facet normal 0 0 -1
    outer loop
      vertex 48.074999999999996 -151.25573683548743 1.1999999999999993
      vertex 48.24510902307062 -151.33962532214136 1.1999999999999993
      vertex 48.127070482733444 -152.51140714835157 1.1999999999999993
    endloop
  endfacet
  facet normal 0 0 -1
    outer loop
      vertex 48.127070482733444 -152.51140714835157 1.1999999999999993
      vertex 48.24510902307062 -151.33962532214136 1.1999999999999993
      vertex 48.42471238460134 -151.40059244811914 1.1999999999999993
    endloop
  endfacet
  facet normal 0 0 -1
    outer loop
      vertex 48.127070482733444 -152.51140714835157 1.1999999999999993
      vertex 48.42471238460134 -151.40059244811914 1.1999999999999993
      vertex 48.46063190022786 -152.5777566395719 1.1999999999999993
    endloop
  endfacet
  facet normal 0 0 -1
    outer loop
      vertex 48.42471238460134 -151.40059244811914 1.1999999999999993
      vertex 48.610737021280926 -151.43759504899202 1.1999999999999993
      vertex 48.46063190022786 -152.5777566395719 1.1999999999999993
    endloop
  endfacet
  facet normal 0 0 -1
    outer loop
      vertex 48.46063190022786 -152.5777566395719 1.1999999999999993
      vertex 48.610737021280926 -151.43759504899202 1.1999999999999993
      vertex 48.8 -151.45 1.1999999999999993
    endloop
  endfacet
  facet normal 0 0 -1
    outer loop
      vertex 48.46063190022786 -152.5777566395719 1.1999999999999993
      vertex 48.8 -151.45 1.1999999999999993
      vertex 48.8 -152.6 1.1999999999999993
    endloop
  endfacet
  facet normal 0 0 -1
    outer loop
      vertex 48.8 -151.45 1.1999999999999993
      vertex 49.139368099772135 -152.5777566395719 1.1999999999999993
      vertex 48.8 -152.6 1.1999999999999993
    endloop
  endfacet
  facet normal 0 0 -1
    outer loop
      vertex 48.8 -151.45 1.1999999999999993
      vertex 48.98926297871907 -151.43759504899202 1.1999999999999993
      vertex 49.139368099772135 -152.5777566395719 1.1999999999999993
    endloop
  endfacet
  facet normal 0 0 -1
    outer loop
      vertex 48.98926297871907 -151.43759504899202 1.1999999999999993
      vertex 49.17528761539865 -151.40059244811914 1.1999999999999993
      vertex 49.139368099772135 -152.5777566395719 1.1999999999999993
    endloop
  endfacet
  facet normal 0 0 -1
    outer loop
      vertex 49.17528761539865 -151.40059244811914 1.1999999999999993
      vertex 49.354890976929376 -151.33962532214136 1.1999999999999993
      vertex 49.47292951726655 -152.51140714835157 1.1999999999999993
    endloop
  endfacet
  facet normal 0 0 -1
    outer loop
      vertex 49.17528761539865 -151.40059244811914 1.1999999999999993
      vertex 49.47292951726655 -152.51140714835157 1.1999999999999993
      vertex 49.139368099772135 -152.5777566395719 1.1999999999999993
    endloop
  endfacet
  facet normal 0 0 -1
    outer loop
      vertex 49.354890976929376 -151.33962532214136 1.1999999999999993
      vertex 49.525 -151.25573683548743 1.1999999999999993
      vertex 49.47292951726655 -152.51140714835157 1.1999999999999993
    endloop
  endfacet
  facet normal 0 0 -1
    outer loop
      vertex 49.47292951726655 -147.48859285164843 1.1999999999999993
      vertex 49.79497692414923 -147.59791321547064 1.1999999999999993
      vertex 49.525 -148.74426316451257 1.1999999999999993
    endloop
  endfacet
  facet normal 0 0 -1
    outer loop
      vertex 49.79497692414923 -147.59791321547064 1.1999999999999993
      vertex 49.68270407206264 -148.8496376565777 1.1999999999999993
      vertex 49.525 -148.74426316451257 1.1999999999999993
    endloop
  endfacet
  facet normal 0 0 -1
    outer loop
      vertex 49.79497692414923 -147.59791321547064 1.1999999999999993
      vertex 49.82530483272049 -148.9746951672795 1.1999999999999993
      vertex 49.68270407206264 -148.8496376565777 1.1999999999999993
    endloop
  endfacet
  facet normal 0 0 -1
    outer loop
      vertex 49.79497692414923 -147.59791321547064 1.1999999999999993
      vertex 50.099999999999994 -147.74833395016046 1.1999999999999993
      vertex 49.82530483272049 -148.9746951672795 1.1999999999999993
    endloop
  endfacet
  facet normal 0 0 -1
    outer loop
      vertex 50.099999999999994 -147.74833395016046 1.1999999999999993
      vertex 50.38277971542267 -147.93728131524279 1.1999999999999993
      vertex 50.200592448119146 -149.62471238460134 1.1999999999999993
    endloop
  endfacet
  facet normal 0 0 -1
    outer loop
      vertex 50.099999999999994 -147.74833395016046 1.1999999999999993
      vertex 49.950362343422285 -149.11729592793736 1.1999999999999993
      vertex 49.82530483272049 -148.9746951672795 1.1999999999999993
    endloop
  endfacet
  facet normal 0 0 -1
    outer loop
      vertex 50.099999999999994 -147.74833395016046 1.1999999999999993
      vertex 50.05573683548743 -149.275 1.1999999999999993
      vertex 49.950362343422285 -149.11729592793736 1.1999999999999993
    endloop
  endfacet
  facet normal 0 0 -1
    outer loop
      vertex 50.099999999999994 -147.74833395016046 1.1999999999999993
      vertex 50.13962532214136 -149.44510902307061 1.1999999999999993
      vertex 50.05573683548743 -149.275 1.1999999999999993
    endloop
  endfacet
  facet normal 0 0 -1
    outer loop
      vertex 50.099999999999994 -147.74833395016046 1.1999999999999993
      vertex 50.200592448119146 -149.62471238460134 1.1999999999999993
      vertex 50.13962532214136 -149.44510902307061 1.1999999999999993
    endloop
  endfacet
  facet normal 0 0 -1
    outer loop
      vertex 50.200592448119146 -149.62471238460134 1.1999999999999993
      vertex 50.38277971542267 -147.93728131524279 1.1999999999999993
      vertex 50.23759504899202 -149.81073702128091 1.1999999999999993
    endloop
  endfacet
  facet normal 0 0 -1
    outer loop
      vertex 50.23759504899202 -149.81073702128091 1.1999999999999993
      vertex 50.38277971542267 -147.93728131524279 1.1999999999999993
      vertex 50.25 -150 1.1999999999999993
    endloop
  endfacet
  facet normal 0 0 -1
    outer loop
      vertex 50.25 -150 1.1999999999999993
      vertex 50.38277971542267 -147.93728131524279 1.1999999999999993
      vertex 50.38277971542267 -152.06271868475721 1.1999999999999993
    endloop
  endfacet
  facet normal 0 0 -1
    outer loop
      vertex 50.13962532214136 -150.55489097692939 1.1999999999999993
      vertex 50.200592448119146 -150.37528761539866 1.1999999999999993
      vertex 50.38277971542267 -152.06271868475721 1.1999999999999993
    endloop
  endfacet
  facet normal 0 0 -1
    outer loop
      vertex 50.25 -150 1.1999999999999993
      vertex 50.38277971542267 -152.06271868475721 1.1999999999999993
      vertex 50.23759504899202 -150.18926297871909 1.1999999999999993
    endloop
  endfacet
  facet normal 0 0 -1
    outer loop
      vertex 50.23759504899202 -150.18926297871909 1.1999999999999993
      vertex 50.38277971542267 -152.06271868475721 1.1999999999999993
      vertex 50.200592448119146 -150.37528761539866 1.1999999999999993
    endloop
  endfacet
  facet normal 0 0 -1
    outer loop
      vertex 50.38277971542267 -147.93728131524279 1.1999999999999993
      vertex 50.638477631085024 -148.16152236891497 1.1999999999999993
      vertex 50.638477631085024 -151.83847763108503 1.1999999999999993
    endloop
  endfacet
  facet normal 0 0 -1
    outer loop
      vertex 50.638477631085024 -148.16152236891497 1.1999999999999993
      vertex 50.86271868475721 -148.41722028457733 1.1999999999999993
      vertex 50.86271868475721 -151.58277971542267 1.1999999999999993
    endloop
  endfacet
  facet normal 0 0 -1
    outer loop
      vertex 50.38277971542267 -147.93728131524279 1.1999999999999993
      vertex 50.638477631085024 -151.83847763108503 1.1999999999999993
      vertex 50.38277971542267 -152.06271868475721 1.1999999999999993
    endloop
  endfacet
  facet normal 0 0 -1
    outer loop
      vertex 50.638477631085024 -148.16152236891497 1.1999999999999993
      vertex 50.86271868475721 -151.58277971542267 1.1999999999999993
      vertex 50.638477631085024 -151.83847763108503 1.1999999999999993
    endloop
  endfacet
  facet normal 0 0 -1
    outer loop
      vertex 50.86271868475721 -148.41722028457733 1.1999999999999993
      vertex 51.05166604983954 -148.7 1.1999999999999993
      vertex 51.05166604983954 -151.3 1.1999999999999993
    endloop
  endfacet
  facet normal 0 0 -1
    outer loop
      vertex 51.05166604983954 -148.7 1.1999999999999993
      vertex 51.20208678452934 -149.00502307585077 1.1999999999999993
      vertex 51.20208678452934 -150.99497692414923 1.1999999999999993
    endloop
  endfacet
  facet normal 0 0 -1
    outer loop
      vertex 50.86271868475721 -148.41722028457733 1.1999999999999993
      vertex 51.05166604983954 -151.3 1.1999999999999993
      vertex 50.86271868475721 -151.58277971542267 1.1999999999999993
    endloop
  endfacet
  facet normal 0 0 -1
    outer loop
      vertex 51.05166604983954 -148.7 1.1999999999999993
      vertex 51.20208678452934 -150.99497692414923 1.1999999999999993
      vertex 51.05166604983954 -151.3 1.1999999999999993
    endloop
  endfacet
  facet normal 0 0 -1
    outer loop
      vertex 51.20208678452934 -149.00502307585077 1.1999999999999993
      vertex 51.31140714835158 -150.67292951726657 1.1999999999999993
      vertex 51.20208678452934 -150.99497692414923 1.1999999999999993
    endloop
  endfacet
  facet normal 0 0 -1
    outer loop
      vertex 49.525 -151.25573683548743 1.1999999999999993
      vertex 49.68270407206264 -151.1503623434223 1.1999999999999993
      vertex 49.79497692414923 -152.40208678452936 1.1999999999999993
    endloop
  endfacet
  facet normal 0 0 -1
    outer loop
      vertex 49.47292951726655 -152.51140714835157 1.1999999999999993
      vertex 49.525 -151.25573683548743 1.1999999999999993
      vertex 49.79497692414923 -152.40208678452936 1.1999999999999993
    endloop
  endfacet
  facet normal 0 0 -1
    outer loop
      vertex 49.82530483272049 -151.0253048327205 1.1999999999999993
      vertex 49.79497692414923 -152.40208678452936 1.1999999999999993
      vertex 49.68270407206264 -151.1503623434223 1.1999999999999993
    endloop
  endfacet
  facet normal 0 0 -1
    outer loop
      vertex 49.82530483272049 -151.0253048327205 1.1999999999999993
      vertex 50.099999999999994 -152.25166604983954 1.1999999999999993
      vertex 49.79497692414923 -152.40208678452936 1.1999999999999993
    endloop
  endfacet
  facet normal 0 0 -1
    outer loop
      vertex 49.82530483272049 -151.0253048327205 1.1999999999999993
      vertex 49.950362343422285 -150.88270407206264 1.1999999999999993
      vertex 50.099999999999994 -152.25166604983954 1.1999999999999993
    endloop
  endfacet
  facet normal 0 0 -1
    outer loop
      vertex 49.950362343422285 -150.88270407206264 1.1999999999999993
      vertex 50.05573683548743 -150.725 1.1999999999999993
      vertex 50.099999999999994 -152.25166604983954 1.1999999999999993
    endloop
  endfacet
  facet normal 0 0 -1
    outer loop
      vertex 50.05573683548743 -150.725 1.1999999999999993
      vertex 50.13962532214136 -150.55489097692939 1.1999999999999993
      vertex 50.099999999999994 -152.25166604983954 1.1999999999999993
    endloop
  endfacet
  facet normal 0 0 -1
    outer loop
      vertex 50.13962532214136 -150.55489097692939 1.1999999999999993
      vertex 50.38277971542267 -152.06271868475721 1.1999999999999993
      vertex 50.099999999999994 -152.25166604983954 1.1999999999999993
    endloop
  endfacet
  facet normal 0.3214394653030922 -0.9469301294951292 0
    outer loop
      vertex 47.80502307585076 -147.59791321547064 1.1999999999999993
      vertex 47.80502307585076 -147.59791321547064 0
      vertex 48.127070482733444 -147.48859285164843 1.1999999999999993
    endloop
  endfacet
  facet normal 0.19509032201614954 -0.9807852804032263 0
    outer loop
      vertex 48.127070482733444 -147.48859285164843 1.1999999999999993
      vertex 48.127070482733444 -147.48859285164843 0
      vertex 48.46063190022786 -147.4222433604281 1.1999999999999993
    endloop
  endfacet
  facet normal 0.06540312923014048 -0.9978589232386036 0
    outer loop
      vertex 48.46063190022786 -147.4222433604281 1.1999999999999993
      vertex 48.46063190022786 -147.4222433604281 0
      vertex 48.8 -147.4 1.1999999999999993
    endloop
  endfacet
  facet normal -0.06540312923014048 -0.9978589232386036 0
    outer loop
      vertex 48.8 -147.4 1.1999999999999993
      vertex 48.8 -147.4 0
      vertex 49.139368099772135 -147.4222433604281 1.1999999999999993
    endloop
  endfacet
  facet normal -0.19509032201614954 -0.9807852804032263 0
    outer loop
      vertex 49.139368099772135 -147.4222433604281 1.1999999999999993
      vertex 49.139368099772135 -147.4222433604281 0
      vertex 49.47292951726655 -147.48859285164843 1.1999999999999993
    endloop
  endfacet
  facet normal 0.44228869021903433 -0.896872741532672 -1.6441034395990496e-18
    outer loop
      vertex 47.5 -147.74833395016046 0
      vertex 47.80502307585076 -147.59791321547064 0
      vertex 47.80502307585076 -147.59791321547064 1.1999999999999993
    endloop
  endfacet
  facet normal 0.3214394653030922 -0.9469301294951292 0
    outer loop
      vertex 48.127070482733444 -147.48859285164843 1.1999999999999993
      vertex 47.80502307585076 -147.59791321547064 0
      vertex 48.127070482733444 -147.48859285164843 0
    endloop
  endfacet
  facet normal 0.19509032201614954 -0.9807852804032263 0
    outer loop
      vertex 48.46063190022786 -147.4222433604281 1.1999999999999993
      vertex 48.127070482733444 -147.48859285164843 0
      vertex 48.46063190022786 -147.4222433604281 0
    endloop
  endfacet
  facet normal 0.06540312923014048 -0.9978589232386036 0
    outer loop
      vertex 48.8 -147.4 1.1999999999999993
      vertex 48.46063190022786 -147.4222433604281 0
      vertex 48.8 -147.4 0
    endloop
  endfacet
  facet normal -0.06540312923014048 -0.9978589232386036 0
    outer loop
      vertex 49.139368099772135 -147.4222433604281 1.1999999999999993
      vertex 48.8 -147.4 0
      vertex 49.139368099772135 -147.4222433604281 0
    endloop
  endfacet
  facet normal -0.19509032201614954 -0.9807852804032263 0
    outer loop
      vertex 49.47292951726655 -147.48859285164843 1.1999999999999993
      vertex 49.139368099772135 -147.4222433604281 0
      vertex 49.47292951726655 -147.48859285164843 0
    endloop
  endfacet
  facet normal 0.44228869021903433 0.896872741532672 1.6441034395990496e-18
    outer loop
      vertex 47.5 -152.25166604983954 1.1999999999999993
      vertex 47.80502307585076 -152.40208678452936 1.1999999999999993
      vertex 47.80502307585076 -152.40208678452936 0
    endloop
  endfacet
  facet normal 0.3214394653030922 0.9469301294951292 -2.1923056448896907e-21
    outer loop
      vertex 47.80502307585076 -152.40208678452936 1.1999999999999993
      vertex 48.127070482733444 -152.51140714835157 1.1999999999999993
      vertex 48.127070482733444 -152.51140714835157 0
    endloop
  endfacet
  facet normal 0.19509032201614954 0.9807852804032263 3.1880727607350598e-18
    outer loop
      vertex 48.127070482733444 -152.51140714835157 1.1999999999999993
      vertex 48.46063190022786 -152.5777566395719 1.1999999999999993
      vertex 48.46063190022786 -152.5777566395719 0
    endloop
  endfacet
  facet normal 0.06540312923014048 0.9978589232386036 9.288063869590862e-19
    outer loop
      vertex 48.46063190022786 -152.5777566395719 1.1999999999999993
      vertex 48.8 -152.6 1.1999999999999993
      vertex 48.8 -152.6 0
    endloop
  endfacet
  facet normal -0.06540312923014048 0.9978589232386036 -9.288063869590862e-19
    outer loop
      vertex 48.8 -152.6 1.1999999999999993
      vertex 49.139368099772135 -152.5777566395719 1.1999999999999993
      vertex 49.139368099772135 -152.5777566395719 0
    endloop
  endfacet
  facet normal -0.19509032201614954 0.9807852804032263 -3.1880727607350598e-18
    outer loop
      vertex 49.139368099772135 -152.5777566395719 1.1999999999999993
      vertex 49.47292951726655 -152.51140714835157 1.1999999999999993
      vertex 49.47292951726655 -152.51140714835157 0
    endloop
  endfacet
  facet normal 0.3214394653030922 0.9469301294951292 0
    outer loop
      vertex 47.80502307585076 -152.40208678452936 1.1999999999999993
      vertex 48.127070482733444 -152.51140714835157 0
      vertex 47.80502307585076 -152.40208678452936 0
    endloop
  endfacet
  facet normal 0.19509032201614954 0.9807852804032263 0
    outer loop
      vertex 48.127070482733444 -152.51140714835157 1.1999999999999993
      vertex 48.46063190022786 -152.5777566395719 0
      vertex 48.127070482733444 -152.51140714835157 0
    endloop
  endfacet
  facet normal 0.06540312923014048 0.9978589232386036 0
    outer loop
      vertex 48.46063190022786 -152.5777566395719 1.1999999999999993
      vertex 48.8 -152.6 0
      vertex 48.46063190022786 -152.5777566395719 0
    endloop
  endfacet
  facet normal -0.06540312923014048 0.9978589232386036 0
    outer loop
      vertex 48.8 -152.6 1.1999999999999993
      vertex 49.139368099772135 -152.5777566395719 0
      vertex 48.8 -152.6 0
    endloop
  endfacet
  facet normal -0.19509032201614954 0.9807852804032263 0
    outer loop
      vertex 49.139368099772135 -152.5777566395719 1.1999999999999993
      vertex 49.47292951726655 -152.51140714835157 0
      vertex 49.139368099772135 -152.5777566395719 0
    endloop
  endfacet
  facet normal -0.3214394653030922 -0.9469301294951292 0
    outer loop
      vertex 49.47292951726655 -147.48859285164843 1.1999999999999993
      vertex 49.47292951726655 -147.48859285164843 0
      vertex 49.79497692414923 -147.59791321547064 1.1999999999999993
    endloop
  endfacet
  facet normal -0.44228869021903433 -0.896872741532672 0
    outer loop
      vertex 49.79497692414923 -147.59791321547064 1.1999999999999993
      vertex 49.79497692414923 -147.59791321547064 0
      vertex 50.099999999999994 -147.74833395016046 1.1999999999999993
    endloop
  endfacet
  facet normal -0.5555702330195945 -0.8314696123025503 0
    outer loop
      vertex 50.099999999999994 -147.74833395016046 1.1999999999999993
      vertex 50.099999999999994 -147.74833395016046 0
      vertex 50.38277971542267 -147.93728131524279 1.1999999999999993
    endloop
  endfacet
  facet normal -0.6593458151000646 -0.7518398074789812 0
    outer loop
      vertex 50.38277971542267 -147.93728131524279 1.1999999999999993
      vertex 50.38277971542267 -147.93728131524279 0
      vertex 50.638477631085024 -148.16152236891497 1.1999999999999993
    endloop
  endfacet
  facet normal -0.7518398074789812 -0.6593458151000646 0
    outer loop
      vertex 50.638477631085024 -148.16152236891497 1.1999999999999993
      vertex 50.638477631085024 -148.16152236891497 0
      vertex 50.86271868475721 -148.41722028457733 1.1999999999999993
    endloop
  endfacet
  facet normal -0.8314696123025374 -0.555570233019614 0
    outer loop
      vertex 50.86271868475721 -148.41722028457733 1.1999999999999993
      vertex 50.86271868475721 -148.41722028457733 0
      vertex 51.05166604983954 -148.7 1.1999999999999993
    endloop
  endfacet
  facet normal -0.8968727415327008 -0.4422886902189758 0
    outer loop
      vertex 51.05166604983954 -148.7 1.1999999999999993
      vertex 51.05166604983954 -148.7 0
      vertex 51.20208678452934 -149.00502307585077 1.1999999999999993
    endloop
  endfacet
  facet normal -0.9469301294950974 -0.32143946530318623 0
    outer loop
      vertex 51.20208678452934 -149.00502307585077 1.1999999999999993
      vertex 51.20208678452934 -149.00502307585077 0
      vertex 51.31140714835158 -149.32707048273343 1.1999999999999993
    endloop
  endfacet
  facet normal -0.3214394653030922 -0.9469301294951292 0
    outer loop
      vertex 49.79497692414923 -147.59791321547064 1.1999999999999993
      vertex 49.47292951726655 -147.48859285164843 0
      vertex 49.79497692414923 -147.59791321547064 0
    endloop
  endfacet
  facet normal -0.44228869021903433 -0.896872741532672 0
    outer loop
      vertex 50.099999999999994 -147.74833395016046 1.1999999999999993
      vertex 49.79497692414923 -147.59791321547064 0
      vertex 50.099999999999994 -147.74833395016046 0
    endloop
  endfacet
  facet normal -0.5555702330195945 -0.8314696123025503 0
    outer loop
      vertex 50.38277971542267 -147.93728131524279 1.1999999999999993
      vertex 50.099999999999994 -147.74833395016046 0
      vertex 50.38277971542267 -147.93728131524279 0
    endloop
  endfacet
  facet normal -0.6593458151000646 -0.7518398074789812 0
    outer loop
      vertex 50.638477631085024 -148.16152236891497 1.1999999999999993
      vertex 50.38277971542267 -147.93728131524279 0
      vertex 50.638477631085024 -148.16152236891497 0
    endloop
  endfacet
  facet normal -0.7518398074789812 -0.6593458151000646 0
    outer loop
      vertex 50.86271868475721 -148.41722028457733 1.1999999999999993
      vertex 50.638477631085024 -148.16152236891497 0
      vertex 50.86271868475721 -148.41722028457733 0
    endloop
  endfacet
  facet normal -0.8314696123025374 -0.555570233019614 0
    outer loop
      vertex 51.05166604983954 -148.7 1.1999999999999993
      vertex 50.86271868475721 -148.41722028457733 0
      vertex 51.05166604983954 -148.7 0
    endloop
  endfacet
  facet normal -0.8968727415327008 -0.4422886902189758 0
    outer loop
      vertex 51.20208678452934 -149.00502307585077 1.1999999999999993
      vertex 51.05166604983954 -148.7 0
      vertex 51.20208678452934 -149.00502307585077 0
    endloop
  endfacet
  facet normal -0.9469301294950974 0.32143946530318623 0
    outer loop
      vertex 51.20208678452934 -150.99497692414923 1.1999999999999993
      vertex 51.31140714835158 -150.67292951726657 0
      vertex 51.20208678452934 -150.99497692414923 0
    endloop
  endfacet
  facet normal -0.3214394653030922 0.9469301294951292 2.1923056448896907e-21
    outer loop
      vertex 49.47292951726655 -152.51140714835157 1.1999999999999993
      vertex 49.79497692414923 -152.40208678452936 1.1999999999999993
      vertex 49.79497692414923 -152.40208678452936 0
    endloop
  endfacet
  facet normal -0.5555702330195945 0.8314696123025503 -1.921863327362201e-18
    outer loop
      vertex 50.099999999999994 -152.25166604983954 1.1999999999999993
      vertex 50.38277971542267 -152.06271868475721 1.1999999999999993
      vertex 50.38277971542267 -152.06271868475721 0
    endloop
  endfacet
  facet normal -0.44228869021903433 0.896872741532672 -1.6441034395990496e-18
    outer loop
      vertex 49.79497692414923 -152.40208678452936 1.1999999999999993
      vertex 50.099999999999994 -152.25166604983954 1.1999999999999993
      vertex 50.099999999999994 -152.25166604983954 0
    endloop
  endfacet
  facet normal -0.6593458151000646 0.7518398074789812 -1.5525486912438723e-18
    outer loop
      vertex 50.38277971542267 -152.06271868475721 1.1999999999999993
      vertex 50.638477631085024 -151.83847763108503 1.1999999999999993
      vertex 50.638477631085024 -151.83847763108503 0
    endloop
  endfacet
  facet normal -0.7518398074789812 0.6593458151000646 -1.5525486912438723e-18
    outer loop
      vertex 50.638477631085024 -151.83847763108503 1.1999999999999993
      vertex 50.86271868475721 -151.58277971542267 1.1999999999999993
      vertex 50.86271868475721 -151.58277971542267 0
    endloop
  endfacet
  facet normal -0.8314696123025374 0.555570233019614 -1.313244466178347e-18
    outer loop
      vertex 50.86271868475721 -151.58277971542267 1.1999999999999993
      vertex 51.05166604983954 -151.3 1.1999999999999993
      vertex 51.05166604983954 -151.3 0
    endloop
  endfacet
  facet normal -0.8968727415327008 0.4422886902189758 0
    outer loop
      vertex 51.20208678452934 -150.99497692414923 1.1999999999999993
      vertex 51.20208678452934 -150.99497692414923 0
      vertex 51.05166604983954 -151.3 1.1999999999999993
    endloop
  endfacet
  facet normal -0.3214394653030922 0.9469301294951292 0
    outer loop
      vertex 49.47292951726655 -152.51140714835157 1.1999999999999993
      vertex 49.79497692414923 -152.40208678452936 0
      vertex 49.47292951726655 -152.51140714835157 0
    endloop
  endfacet
  facet normal -0.44228869021903433 0.896872741532672 0
    outer loop
      vertex 49.79497692414923 -152.40208678452936 1.1999999999999993
      vertex 50.099999999999994 -152.25166604983954 0
      vertex 49.79497692414923 -152.40208678452936 0
    endloop
  endfacet
  facet normal -0.5555702330195945 0.8314696123025503 0
    outer loop
      vertex 50.099999999999994 -152.25166604983954 1.1999999999999993
      vertex 50.38277971542267 -152.06271868475721 0
      vertex 50.099999999999994 -152.25166604983954 0
    endloop
  endfacet
  facet normal -0.6593458151000646 0.7518398074789812 0
    outer loop
      vertex 50.38277971542267 -152.06271868475721 1.1999999999999993
      vertex 50.638477631085024 -151.83847763108503 0
      vertex 50.38277971542267 -152.06271868475721 0
    endloop
  endfacet
  facet normal -0.7518398074789812 0.6593458151000646 0
    outer loop
      vertex 50.638477631085024 -151.83847763108503 1.1999999999999993
      vertex 50.86271868475721 -151.58277971542267 0
      vertex 50.638477631085024 -151.83847763108503 0
    endloop
  endfacet
  facet normal -0.8314696123025374 0.555570233019614 0
    outer loop
      vertex 50.86271868475721 -151.58277971542267 1.1999999999999993
      vertex 51.05166604983954 -151.3 0
      vertex 50.86271868475721 -151.58277971542267 0
    endloop
  endfacet
  facet normal -0.8968727415327008 0.4422886902189758 0
    outer loop
      vertex 51.05166604983954 -151.3 1.1999999999999993
      vertex 51.20208678452934 -150.99497692414923 0
      vertex 51.05166604983954 -151.3 0
    endloop
  endfacet
  facet normal 0 0 -1
    outer loop
      vertex 51.20208678452934 -149.00502307585077 1.1999999999999993
      vertex 51.31140714835158 -149.32707048273343 1.1999999999999993
      vertex 51.31140714835158 -150.67292951726657 1.1999999999999993
    endloop
  endfacet
  facet normal 0 0 -1
    outer loop
      vertex 51.31140714835158 -149.32707048273343 1.1999999999999993
      vertex 51.377756639571906 -149.66063190022786 1.1999999999999993
      vertex 51.377756639571906 -150.33936809977214 1.1999999999999993
    endloop
  endfacet
  facet normal 0 0 -1
    outer loop
      vertex 51.31140714835158 -149.32707048273343 1.1999999999999993
      vertex 51.377756639571906 -150.33936809977214 1.1999999999999993
      vertex 51.31140714835158 -150.67292951726657 1.1999999999999993
    endloop
  endfacet
  facet normal 0 0 -1
    outer loop
      vertex 51.377756639571906 -149.66063190022786 1.1999999999999993
      vertex 51.4 -150 1.1999999999999993
      vertex 51.377756639571906 -150.33936809977214 1.1999999999999993
    endloop
  endfacet
  facet normal -0.980785280403231 -0.19509032201612542 0
    outer loop
      vertex 51.31140714835158 -149.32707048273343 1.1999999999999993
      vertex 51.31140714835158 -149.32707048273343 0
      vertex 51.377756639571906 -149.66063190022786 1.1999999999999993
    endloop
  endfacet
  facet normal -0.9978589232386038 -0.06540312923013912 0
    outer loop
      vertex 51.377756639571906 -149.66063190022786 1.1999999999999993
      vertex 51.377756639571906 -149.66063190022786 0
      vertex 51.4 -150 1.1999999999999993
    endloop
  endfacet
  facet normal -0.9978589232386038 0.06540312923013912 0
    outer loop
      vertex 51.4 -150 1.1999999999999993
      vertex 51.4 -150 0
      vertex 51.377756639571906 -150.33936809977214 1.1999999999999993
    endloop
  endfacet
  facet normal -0.980785280403231 0.19509032201612542 0
    outer loop
      vertex 51.377756639571906 -150.33936809977214 1.1999999999999993
      vertex 51.377756639571906 -150.33936809977214 0
      vertex 51.31140714835158 -150.67292951726657 1.1999999999999993
    endloop
  endfacet
  facet normal -0.9469301294950974 0.32143946530318623 4.661172507770205e-18
    outer loop
      vertex 51.20208678452934 -150.99497692414923 1.1999999999999993
      vertex 51.31140714835158 -150.67292951726657 1.1999999999999993
      vertex 51.31140714835158 -150.67292951726657 0
    endloop
  endfacet
  facet normal -0.9469301294950974 -0.32143946530318623 0
    outer loop
      vertex 51.31140714835158 -149.32707048273343 1.1999999999999993
      vertex 51.20208678452934 -149.00502307585077 0
      vertex 51.31140714835158 -149.32707048273343 0
    endloop
  endfacet
  facet normal -0.980785280403231 -0.19509032201612542 0
    outer loop
      vertex 51.377756639571906 -149.66063190022786 1.1999999999999993
      vertex 51.31140714835158 -149.32707048273343 0
      vertex 51.377756639571906 -149.66063190022786 0
    endloop
  endfacet
  facet normal -0.9978589232386038 -0.06540312923013912 0
    outer loop
      vertex 51.4 -150 1.1999999999999993
      vertex 51.377756639571906 -149.66063190022786 0
      vertex 51.4 -150 0
    endloop
  endfacet
  facet normal -0.9978589232386038 0.06540312923013912 0
    outer loop
      vertex 51.377756639571906 -150.33936809977214 1.1999999999999993
      vertex 51.4 -150 0
      vertex 51.377756639571906 -150.33936809977214 0
    endloop
  endfacet
  facet normal -0.980785280403231 0.19509032201612542 0
    outer loop
      vertex 51.31140714835158 -150.67292951726657 1.1999999999999993
      vertex 51.377756639571906 -150.33936809977214 0
      vertex 51.31140714835158 -150.67292951726657 0
    endloop
  endfacet
  facet normal 0.9469301351972061 -0.3214394485053147 0
    outer loop
      vertex 3.8266668915748596 -79.37765715330838 2.3999999999999986
      vertex 3.8266668915748596 -79.37765715330838 0
      vertex 3.9212710484862328 -79.09896227777003 2.3999999999999986
    endloop
  endfacet
  facet normal 0.8968727394748999 -0.4422886943917835 0
    outer loop
      vertex 3.9212710484862328 -79.09896227777003 2.3999999999999986
      vertex 3.9212710484862328 -79.09896227777003 0
      vertex 4.051442839205265 -78.8350000014901 2.3999999999999986
    endloop
  endfacet
  facet normal 0.8314696061283394 -0.5555702422599542 0
    outer loop
      vertex 4.051442839205265 -78.8350000014901 2.3999999999999986
      vertex 4.051442839205265 -78.8350000014901 0
      vertex 4.214954987168312 -78.59028678447007 2.3999999999999986
    endloop
  endfacet
  facet normal 0.9978589238076521 -0.06540312054813896 0
    outer loop
      vertex 3.75 -79.9600000014901 2.3999999999999986
      vertex 3.75 -79.9600000014901 0
      vertex 3.7692490592598915 -79.6663160702586 2.3999999999999986
    endloop
  endfacet
  facet normal 0.9807852779463001 -0.19509033436795062 0
    outer loop
      vertex 3.8266668915748596 -79.37765715330838 2.3999999999999986
      vertex 3.7692490592598915 -79.6663160702586 2.3999999999999986
      vertex 3.7692490592598915 -79.6663160702586 0
    endloop
  endfacet
  facet normal 0.7518398177858455 -0.6593458033473382 0
    outer loop
      vertex 4.214954987168312 -78.59028678447007 2.3999999999999986
      vertex 4.214954987168312 -78.59028678447007 0
      vertex 4.409009739756584 -78.36900974124669 2.3999999999999986
    endloop
  endfacet
  facet normal 0.6593458033473382 -0.7518398177858455 0
    outer loop
      vertex 4.630286782979965 -78.17495498865841 2.3999999999999986
      vertex 4.409009739756584 -78.36900974124669 2.3999999999999986
      vertex 4.409009739756584 -78.36900974124669 0
    endloop
  endfacet
  facet normal 0.5555702422599542 -0.8314696061283394 0
    outer loop
      vertex 4.630286782979965 -78.17495498865841 2.3999999999999986
      vertex 4.630286782979965 -78.17495498865841 0
      vertex 4.875 -78.01144284069537 2.3999999999999986
    endloop
  endfacet
  facet normal 0.4422886943917835 -0.8968727394748999 0
    outer loop
      vertex 4.875 -78.01144284069537 2.3999999999999986
      vertex 4.875 -78.01144284069537 0
      vertex 5.138962276279926 -77.88127104997633 2.3999999999999986
    endloop
  endfacet
  facet normal 0.9469301351972061 -0.3214394485053147 0
    outer loop
      vertex 3.9212710484862328 -79.09896227777003 2.3999999999999986
      vertex 3.8266668915748596 -79.37765715330838 0
      vertex 3.9212710484862328 -79.09896227777003 0
    endloop
  endfacet
  facet normal 0.8314696061283394 -0.5555702422599542 0
    outer loop
      vertex 4.214954987168312 -78.59028678447007 2.3999999999999986
      vertex 4.051442839205265 -78.8350000014901 0
      vertex 4.214954987168312 -78.59028678447007 0
    endloop
  endfacet
  facet normal 0.8968727394748999 -0.4422886943917835 0
    outer loop
      vertex 4.051442839205265 -78.8350000014901 2.3999999999999986
      vertex 3.9212710484862328 -79.09896227777003 0
      vertex 4.051442839205265 -78.8350000014901 0
    endloop
  endfacet
  facet normal 0.9978589238076521 -0.06540312054813896 0
    outer loop
      vertex 3.7692490592598915 -79.6663160702586 2.3999999999999986
      vertex 3.75 -79.9600000014901 0
      vertex 3.7692490592598915 -79.6663160702586 0
    endloop
  endfacet
  facet normal 0.9807852779463001 -0.19509033436795062 0
    outer loop
      vertex 3.8266668915748596 -79.37765715330838 2.3999999999999986
      vertex 3.7692490592598915 -79.6663160702586 0
      vertex 3.8266668915748596 -79.37765715330838 0
    endloop
  endfacet
  facet normal 0.7518398177858455 -0.6593458033473382 0
    outer loop
      vertex 4.409009739756584 -78.36900974124669 2.3999999999999986
      vertex 4.214954987168312 -78.59028678447007 0
      vertex 4.409009739756584 -78.36900974124669 0
    endloop
  endfacet
  facet normal 0.6593458033473382 -0.7518398177858455 0
    outer loop
      vertex 4.630286782979965 -78.17495498865841 2.3999999999999986
      vertex 4.409009739756584 -78.36900974124669 0
      vertex 4.630286782979965 -78.17495498865841 0
    endloop
  endfacet
  facet normal 0.5555702422599542 -0.8314696061283394 0
    outer loop
      vertex 4.875 -78.01144284069537 2.3999999999999986
      vertex 4.630286782979965 -78.17495498865841 0
      vertex 4.875 -78.01144284069537 0
    endloop
  endfacet
  facet normal 0.4422886943917835 -0.8968727394748999 0
    outer loop
      vertex 5.138962276279926 -77.88127104997633 2.3999999999999986
      vertex 4.875 -78.01144284069537 0
      vertex 5.138962276279926 -77.88127104997633 0
    endloop
  endfacet
  facet normal 1 0 0
    outer loop
      vertex 3.75 -79.9600000014901 2.3999999999999986
      vertex 3.75 -135.25999999850987 0
      vertex 3.75 -79.9600000014901 0
    endloop
  endfacet
  facet normal 0.3214394485053147 -0.9469301351972061 0
    outer loop
      vertex 5.138962276279926 -77.88127104997633 2.3999999999999986
      vertex 5.138962276279926 -77.88127104997633 0
      vertex 5.4176571518182755 -77.78666689306496 2.3999999999999986
    endloop
  endfacet
  facet normal 0.19509033436795062 -0.9807852779463001 0
    outer loop
      vertex 5.4176571518182755 -77.78666689306496 2.3999999999999986
      vertex 5.4176571518182755 -77.78666689306496 0
      vertex 5.706316068768501 -77.72924906074999 2.3999999999999986
    endloop
  endfacet
  facet normal 0.06540312054813896 -0.9978589238076521 0
    outer loop
      vertex 5.706316068768501 -77.72924906074999 2.3999999999999986
      vertex 5.706316068768501 -77.72924906074999 0
      vertex 6 -77.7100000014901 2.3999999999999986
    endloop
  endfacet
  facet normal 0.3214394485053147 -0.9469301351972061 0
    outer loop
      vertex 5.4176571518182755 -77.78666689306496 2.3999999999999986
      vertex 5.138962276279926 -77.88127104997633 0
      vertex 5.4176571518182755 -77.78666689306496 0
    endloop
  endfacet
  facet normal 0.19509033436795062 -0.9807852779463001 0
    outer loop
      vertex 5.706316068768501 -77.72924906074999 2.3999999999999986
      vertex 5.4176571518182755 -77.78666689306496 0
      vertex 5.706316068768501 -77.72924906074999 0
    endloop
  endfacet
  facet normal 0.06540312054813896 -0.9978589238076521 0
    outer loop
      vertex 6 -77.7100000014901 2.3999999999999986
      vertex 5.706316068768501 -77.72924906074999 0
      vertex 6 -77.7100000014901 0
    endloop
  endfacet
  facet normal 1 0 0
    outer loop
      vertex 3.75 -79.9600000014901 2.3999999999999986
      vertex 3.75 -135.25999999850987 2.3999999999999986
      vertex 3.75 -135.25999999850987 0
    endloop
  endfacet
  facet normal 0.9978589238076521 0.06540312054813896 0
    outer loop
      vertex 3.75 -135.25999999850987 2.3999999999999986
      vertex 3.7692490592598915 -135.55368392974137 2.3999999999999986
      vertex 3.7692490592598915 -135.55368392974137 0
    endloop
  endfacet
  facet normal 0.9807852779463001 0.19509033436795062 0
    outer loop
      vertex 3.7692490592598915 -135.55368392974137 2.3999999999999986
      vertex 3.8266668915748596 -135.8423428466916 2.3999999999999986
      vertex 3.8266668915748596 -135.8423428466916 0
    endloop
  endfacet
  facet normal 0.9469301351972061 0.3214394485053147 0
    outer loop
      vertex 3.8266668915748596 -135.8423428466916 2.3999999999999986
      vertex 3.9212710484862328 -136.12103772222994 2.3999999999999986
      vertex 3.9212710484862328 -136.12103772222994 0
    endloop
  endfacet
  facet normal 0.9978589238076521 0.06540312054813896 0
    outer loop
      vertex 3.75 -135.25999999850987 2.3999999999999986
      vertex 3.7692490592598915 -135.55368392974137 0
      vertex 3.75 -135.25999999850987 0
    endloop
  endfacet
  facet normal 0.9807852779463001 0.19509033436795062 0
    outer loop
      vertex 3.7692490592598915 -135.55368392974137 2.3999999999999986
      vertex 3.8266668915748596 -135.8423428466916 0
      vertex 3.7692490592598915 -135.55368392974137 0
    endloop
  endfacet
  facet normal 0.9469301351972061 0.3214394485053147 0
    outer loop
      vertex 3.8266668915748596 -135.8423428466916 2.3999999999999986
      vertex 3.9212710484862328 -136.12103772222994 0
      vertex 3.8266668915748596 -135.8423428466916 0
    endloop
  endfacet
  facet normal 0.8968727394748999 0.4422886943917835 0
    outer loop
      vertex 3.9212710484862328 -136.12103772222994 2.3999999999999986
      vertex 4.051442839205265 -136.38499999850987 0
      vertex 3.9212710484862328 -136.12103772222994 0
    endloop
  endfacet
  facet normal 0.8968727394748999 0.4422886943917835 0
    outer loop
      vertex 3.9212710484862328 -136.12103772222994 2.3999999999999986
      vertex 4.051442839205265 -136.38499999850987 2.3999999999999986
      vertex 4.051442839205265 -136.38499999850987 0
    endloop
  endfacet
  facet normal 0.8314696061283394 0.5555702422599542 0
    outer loop
      vertex 4.051442839205265 -136.38499999850987 2.3999999999999986
      vertex 4.214954987168312 -136.6297132155299 2.3999999999999986
      vertex 4.214954987168312 -136.6297132155299 0
    endloop
  endfacet
  facet normal 0.7518398177858455 0.6593458033473382 0
    outer loop
      vertex 4.214954987168312 -136.6297132155299 2.3999999999999986
      vertex 4.409009739756584 -136.85099025875328 2.3999999999999986
      vertex 4.409009739756584 -136.85099025875328 0
    endloop
  endfacet
  facet normal 0.6593458033473382 0.7518398177858455 0
    outer loop
      vertex 4.409009739756584 -136.85099025875328 2.3999999999999986
      vertex 4.630286782979965 -137.04504501134156 2.3999999999999986
      vertex 4.630286782979965 -137.04504501134156 0
    endloop
  endfacet
  facet normal 0.5555702422599542 0.8314696061283394 0
    outer loop
      vertex 4.630286782979965 -137.04504501134156 2.3999999999999986
      vertex 4.875 -137.2085571593046 2.3999999999999986
      vertex 4.875 -137.2085571593046 0
    endloop
  endfacet
  facet normal 0.4422886943917835 0.8968727394748999 0
    outer loop
      vertex 4.875 -137.2085571593046 2.3999999999999986
      vertex 5.138962276279926 -137.33872895002364 2.3999999999999986
      vertex 5.138962276279926 -137.33872895002364 0
    endloop
  endfacet
  facet normal 0.8314696061283394 0.5555702422599542 0
    outer loop
      vertex 4.051442839205265 -136.38499999850987 2.3999999999999986
      vertex 4.214954987168312 -136.6297132155299 0
      vertex 4.051442839205265 -136.38499999850987 0
    endloop
  endfacet
  facet normal 0.7518398177858455 0.6593458033473382 0
    outer loop
      vertex 4.214954987168312 -136.6297132155299 2.3999999999999986
      vertex 4.409009739756584 -136.85099025875328 0
      vertex 4.214954987168312 -136.6297132155299 0
    endloop
  endfacet
  facet normal 0.6593458033473382 0.7518398177858455 0
    outer loop
      vertex 4.409009739756584 -136.85099025875328 2.3999999999999986
      vertex 4.630286782979965 -137.04504501134156 0
      vertex 4.409009739756584 -136.85099025875328 0
    endloop
  endfacet
  facet normal 0.5555702422599542 0.8314696061283394 0
    outer loop
      vertex 4.630286782979965 -137.04504501134156 2.3999999999999986
      vertex 4.875 -137.2085571593046 0
      vertex 4.630286782979965 -137.04504501134156 0
    endloop
  endfacet
  facet normal 0.4422886943917835 0.8968727394748999 0
    outer loop
      vertex 4.875 -137.2085571593046 2.3999999999999986
      vertex 5.138962276279926 -137.33872895002364 0
      vertex 4.875 -137.2085571593046 0
    endloop
  endfacet
  facet normal 0.3214394485053147 0.9469301351972061 0
    outer loop
      vertex 5.138962276279926 -137.33872895002364 2.3999999999999986
      vertex 5.4176571518182755 -137.433333106935 2.3999999999999986
      vertex 5.4176571518182755 -137.433333106935 0
    endloop
  endfacet
  facet normal 0.19509033436795062 0.9807852779463001 0
    outer loop
      vertex 5.4176571518182755 -137.433333106935 2.3999999999999986
      vertex 5.706316068768501 -137.49075093924998 2.3999999999999986
      vertex 5.706316068768501 -137.49075093924998 0
    endloop
  endfacet
  facet normal 0.06540312054813896 0.9978589238076521 0
    outer loop
      vertex 5.706316068768501 -137.49075093924998 2.3999999999999986
      vertex 6 -137.50999999850987 2.3999999999999986
      vertex 6 -137.50999999850987 0
    endloop
  endfacet
  facet normal 0.3214394485053147 0.9469301351972061 0
    outer loop
      vertex 5.138962276279926 -137.33872895002364 2.3999999999999986
      vertex 5.4176571518182755 -137.433333106935 0
      vertex 5.138962276279926 -137.33872895002364 0
    endloop
  endfacet
  facet normal 0.19509033436795062 0.9807852779463001 0
    outer loop
      vertex 5.4176571518182755 -137.433333106935 2.3999999999999986
      vertex 5.706316068768501 -137.49075093924998 0
      vertex 5.4176571518182755 -137.433333106935 0
    endloop
  endfacet
  facet normal 0.06540312054813896 0.9978589238076521 0
    outer loop
      vertex 5.706316068768501 -137.49075093924998 2.3999999999999986
      vertex 6 -137.50999999850987 0
      vertex 5.706316068768501 -137.49075093924998 0
    endloop
  endfacet
  facet normal 0 -1 0
    outer loop
      vertex 6 -77.7100000014901 2.3999999999999986
      vertex 6 -77.7100000014901 0
      vertex 47 -77.7100000014901 2.3999999999999986
    endloop
  endfacet
  facet normal 0 1 0
    outer loop
      vertex 6 -137.50999999850987 2.3999999999999986
      vertex 47 -137.50999999850987 0
      vertex 6 -137.50999999850987 0
    endloop
  endfacet
  facet normal 0 -1 0
    outer loop
      vertex 6 -77.7100000014901 0
      vertex 47 -77.7100000014901 0
      vertex 47 -77.7100000014901 2.3999999999999986
    endloop
  endfacet
  facet normal 0 1 0
    outer loop
      vertex 6 -137.50999999850987 2.3999999999999986
      vertex 47 -137.50999999850987 2.3999999999999986
      vertex 47 -137.50999999850987 0
    endloop
  endfacet
  facet normal -0.06540312054813896 -0.9978589238076521 0
    outer loop
      vertex 47 -77.7100000014901 2.3999999999999986
      vertex 47 -77.7100000014901 0
      vertex 47.2936839312315 -77.72924906074999 2.3999999999999986
    endloop
  endfacet
  facet normal -0.19509033436795062 -0.9807852779463001 0
    outer loop
      vertex 47.2936839312315 -77.72924906074999 2.3999999999999986
      vertex 47.2936839312315 -77.72924906074999 0
      vertex 47.582342848181725 -77.78666689306496 2.3999999999999986
    endloop
  endfacet
  facet normal -0.3214394485053147 -0.9469301351972061 0
    outer loop
      vertex 47.582342848181725 -77.78666689306496 2.3999999999999986
      vertex 47.582342848181725 -77.78666689306496 0
      vertex 47.861037723720074 -77.88127104997633 2.3999999999999986
    endloop
  endfacet
  facet normal -0.06540312054813896 -0.9978589238076521 0
    outer loop
      vertex 47.2936839312315 -77.72924906074999 2.3999999999999986
      vertex 47 -77.7100000014901 0
      vertex 47.2936839312315 -77.72924906074999 0
    endloop
  endfacet
  facet normal -0.19509033436795062 -0.9807852779463001 0
    outer loop
      vertex 47.582342848181725 -77.78666689306496 2.3999999999999986
      vertex 47.2936839312315 -77.72924906074999 0
      vertex 47.582342848181725 -77.78666689306496 0
    endloop
  endfacet
  facet normal -0.4422886943917835 -0.8968727394748999 0
    outer loop
      vertex 47.861037723720074 -77.88127104997633 2.3999999999999986
      vertex 47.861037723720074 -77.88127104997633 0
      vertex 48.125 -78.01144284069537 2.3999999999999986
    endloop
  endfacet
  facet normal -0.5555702422599542 -0.8314696061283394 0
    outer loop
      vertex 48.125 -78.01144284069537 2.3999999999999986
      vertex 48.125 -78.01144284069537 0
      vertex 48.369713217020035 -78.17495498865841 2.3999999999999986
    endloop
  endfacet
  facet normal -0.6593458033473382 -0.7518398177858455 0
    outer loop
      vertex 48.369713217020035 -78.17495498865841 2.3999999999999986
      vertex 48.369713217020035 -78.17495498865841 0
      vertex 48.590990260243416 -78.36900974124669 2.3999999999999986
    endloop
  endfacet
  facet normal -0.7518398177858455 -0.6593458033473382 0
    outer loop
      vertex 48.590990260243416 -78.36900974124669 2.3999999999999986
      vertex 48.590990260243416 -78.36900974124669 0
      vertex 48.78504501283169 -78.59028678447007 2.3999999999999986
    endloop
  endfacet
  facet normal -0.8314696061283394 -0.5555702422599542 0
    outer loop
      vertex 48.78504501283169 -78.59028678447007 2.3999999999999986
      vertex 48.78504501283169 -78.59028678447007 0
      vertex 48.948557160794735 -78.8350000014901 2.3999999999999986
    endloop
  endfacet
  facet normal -0.8968727394748999 -0.4422886943917835 0
    outer loop
      vertex 48.948557160794735 -78.8350000014901 2.3999999999999986
      vertex 48.948557160794735 -78.8350000014901 0
      vertex 49.07872895151377 -79.09896227777003 2.3999999999999986
    endloop
  endfacet
  facet normal -0.9469301351972061 -0.3214394485053147 0
    outer loop
      vertex 49.07872895151377 -79.09896227777003 2.3999999999999986
      vertex 49.07872895151377 -79.09896227777003 0
      vertex 49.17333310842514 -79.37765715330838 2.3999999999999986
    endloop
  endfacet
  facet normal -0.9807852779463001 -0.19509033436795062 0
    outer loop
      vertex 49.17333310842514 -79.37765715330838 2.3999999999999986
      vertex 49.17333310842514 -79.37765715330838 0
      vertex 49.23075094074011 -79.6663160702586 2.3999999999999986
    endloop
  endfacet
  facet normal -0.9978589238076521 -0.06540312054813896 0
    outer loop
      vertex 49.23075094074011 -79.6663160702586 2.3999999999999986
      vertex 49.23075094074011 -79.6663160702586 0
      vertex 49.25 -79.9600000014901 2.3999999999999986
    endloop
  endfacet
  facet normal -0.3214394485053147 -0.9469301351972061 0
    outer loop
      vertex 47.861037723720074 -77.88127104997633 2.3999999999999986
      vertex 47.582342848181725 -77.78666689306496 0
      vertex 47.861037723720074 -77.88127104997633 0
    endloop
  endfacet
  facet normal -0.4422886943917835 -0.8968727394748999 0
    outer loop
      vertex 48.125 -78.01144284069537 2.3999999999999986
      vertex 47.861037723720074 -77.88127104997633 0
      vertex 48.125 -78.01144284069537 0
    endloop
  endfacet
  facet normal -0.5555702422599542 -0.8314696061283394 0
    outer loop
      vertex 48.369713217020035 -78.17495498865841 2.3999999999999986
      vertex 48.125 -78.01144284069537 0
      vertex 48.369713217020035 -78.17495498865841 0
    endloop
  endfacet
  facet normal -0.6593458033473382 -0.7518398177858455 0
    outer loop
      vertex 48.590990260243416 -78.36900974124669 2.3999999999999986
      vertex 48.369713217020035 -78.17495498865841 0
      vertex 48.590990260243416 -78.36900974124669 0
    endloop
  endfacet
  facet normal -0.7518398177858455 -0.6593458033473382 0
    outer loop
      vertex 48.78504501283169 -78.59028678447007 2.3999999999999986
      vertex 48.590990260243416 -78.36900974124669 0
      vertex 48.78504501283169 -78.59028678447007 0
    endloop
  endfacet
  facet normal -0.8314696061283394 -0.5555702422599542 0
    outer loop
      vertex 48.948557160794735 -78.8350000014901 2.3999999999999986
      vertex 48.78504501283169 -78.59028678447007 0
      vertex 48.948557160794735 -78.8350000014901 0
    endloop
  endfacet
  facet normal -0.8968727394748999 -0.4422886943917835 0
    outer loop
      vertex 49.07872895151377 -79.09896227777003 2.3999999999999986
      vertex 48.948557160794735 -78.8350000014901 0
      vertex 49.07872895151377 -79.09896227777003 0
    endloop
  endfacet
  facet normal -0.9469301351972061 -0.3214394485053147 0
    outer loop
      vertex 49.17333310842514 -79.37765715330838 2.3999999999999986
      vertex 49.07872895151377 -79.09896227777003 0
      vertex 49.17333310842514 -79.37765715330838 0
    endloop
  endfacet
  facet normal -0.9807852779463001 -0.19509033436795062 0
    outer loop
      vertex 49.23075094074011 -79.6663160702586 2.3999999999999986
      vertex 49.17333310842514 -79.37765715330838 0
      vertex 49.23075094074011 -79.6663160702586 0
    endloop
  endfacet
  facet normal -0.9978589238076521 -0.06540312054813896 0
    outer loop
      vertex 49.25 -79.9600000014901 2.3999999999999986
      vertex 49.23075094074011 -79.6663160702586 0
      vertex 49.25 -79.9600000014901 0
    endloop
  endfacet
  facet normal -1 0 0
    outer loop
      vertex 49.25 -79.9600000014901 2.3999999999999986
      vertex 49.25 -79.9600000014901 0
      vertex 49.25 -135.25999999850987 2.3999999999999986
    endloop
  endfacet
  facet normal -0.06540312054813896 0.9978589238076521 0
    outer loop
      vertex 47 -137.50999999850987 2.3999999999999986
      vertex 47.2936839312315 -137.49075093924998 2.3999999999999986
      vertex 47.2936839312315 -137.49075093924998 0
    endloop
  endfacet
  facet normal -0.19509033436795062 0.9807852779463001 0
    outer loop
      vertex 47.582342848181725 -137.433333106935 2.3999999999999986
      vertex 47.582342848181725 -137.433333106935 0
      vertex 47.2936839312315 -137.49075093924998 2.3999999999999986
    endloop
  endfacet
  facet normal -0.06540312054813896 0.9978589238076521 0
    outer loop
      vertex 47 -137.50999999850987 2.3999999999999986
      vertex 47.2936839312315 -137.49075093924998 0
      vertex 47 -137.50999999850987 0
    endloop
  endfacet
  facet normal -0.19509033436795062 0.9807852779463001 0
    outer loop
      vertex 47.2936839312315 -137.49075093924998 2.3999999999999986
      vertex 47.582342848181725 -137.433333106935 0
      vertex 47.2936839312315 -137.49075093924998 0
    endloop
  endfacet
  facet normal -0.3214394485053147 0.9469301351972061 0
    outer loop
      vertex 47.582342848181725 -137.433333106935 2.3999999999999986
      vertex 47.861037723720074 -137.33872895002364 0
      vertex 47.582342848181725 -137.433333106935 0
    endloop
  endfacet
  facet normal -1 0 0
    outer loop
      vertex 49.25 -79.9600000014901 0
      vertex 49.25 -135.25999999850987 0
      vertex 49.25 -135.25999999850987 2.3999999999999986
    endloop
  endfacet
  facet normal -0.9978589238076521 0.06540312054813896 0
    outer loop
      vertex 49.25 -135.25999999850987 2.3999999999999986
      vertex 49.25 -135.25999999850987 0
      vertex 49.23075094074011 -135.55368392974137 2.3999999999999986
    endloop
  endfacet
  facet normal -0.9469301351972061 0.3214394485053147 0
    outer loop
      vertex 49.07872895151377 -136.12103772222994 2.3999999999999986
      vertex 49.17333310842514 -135.8423428466916 2.3999999999999986
      vertex 49.17333310842514 -135.8423428466916 0
    endloop
  endfacet
  facet normal -0.8968727394748999 0.4422886943917835 0
    outer loop
      vertex 49.07872895151377 -136.12103772222994 2.3999999999999986
      vertex 49.07872895151377 -136.12103772222994 0
      vertex 48.948557160794735 -136.38499999850987 2.3999999999999986
    endloop
  endfacet
  facet normal -0.9807852779463001 0.19509033436795062 0
    outer loop
      vertex 49.23075094074011 -135.55368392974137 2.3999999999999986
      vertex 49.23075094074011 -135.55368392974137 0
      vertex 49.17333310842514 -135.8423428466916 2.3999999999999986
    endloop
  endfacet
  facet normal -0.9978589238076521 0.06540312054813896 0
    outer loop
      vertex 49.23075094074011 -135.55368392974137 2.3999999999999986
      vertex 49.25 -135.25999999850987 0
      vertex 49.23075094074011 -135.55368392974137 0
    endloop
  endfacet
  facet normal -0.9469301351972061 0.3214394485053147 0
    outer loop
      vertex 49.07872895151377 -136.12103772222994 2.3999999999999986
      vertex 49.17333310842514 -135.8423428466916 0
      vertex 49.07872895151377 -136.12103772222994 0
    endloop
  endfacet
  facet normal -0.9807852779463001 0.19509033436795062 0
    outer loop
      vertex 49.17333310842514 -135.8423428466916 2.3999999999999986
      vertex 49.23075094074011 -135.55368392974137 0
      vertex 49.17333310842514 -135.8423428466916 0
    endloop
  endfacet
  facet normal -0.3214394485053147 0.9469301351972061 0
    outer loop
      vertex 47.582342848181725 -137.433333106935 2.3999999999999986
      vertex 47.861037723720074 -137.33872895002364 2.3999999999999986
      vertex 47.861037723720074 -137.33872895002364 0
    endloop
  endfacet
  facet normal -0.4422886943917835 0.8968727394748999 0
    outer loop
      vertex 47.861037723720074 -137.33872895002364 2.3999999999999986
      vertex 48.125 -137.2085571593046 2.3999999999999986
      vertex 48.125 -137.2085571593046 0
    endloop
  endfacet
  facet normal -0.5555702422599542 0.8314696061283394 0
    outer loop
      vertex 48.125 -137.2085571593046 2.3999999999999986
      vertex 48.369713217020035 -137.04504501134156 2.3999999999999986
      vertex 48.369713217020035 -137.04504501134156 0
    endloop
  endfacet
  facet normal -0.6593458033473382 0.7518398177858455 0
    outer loop
      vertex 48.369713217020035 -137.04504501134156 2.3999999999999986
      vertex 48.590990260243416 -136.85099025875328 2.3999999999999986
      vertex 48.590990260243416 -136.85099025875328 0
    endloop
  endfacet
  facet normal -0.7518398177858455 0.6593458033473382 0
    outer loop
      vertex 48.590990260243416 -136.85099025875328 2.3999999999999986
      vertex 48.78504501283169 -136.6297132155299 2.3999999999999986
      vertex 48.78504501283169 -136.6297132155299 0
    endloop
  endfacet
  facet normal -0.8314696061283394 0.5555702422599542 0
    outer loop
      vertex 48.78504501283169 -136.6297132155299 2.3999999999999986
      vertex 48.948557160794735 -136.38499999850987 2.3999999999999986
      vertex 48.948557160794735 -136.38499999850987 0
    endloop
  endfacet
  facet normal -0.4422886943917835 0.8968727394748999 0
    outer loop
      vertex 47.861037723720074 -137.33872895002364 2.3999999999999986
      vertex 48.125 -137.2085571593046 0
      vertex 47.861037723720074 -137.33872895002364 0
    endloop
  endfacet
  facet normal -0.5555702422599542 0.8314696061283394 0
    outer loop
      vertex 48.125 -137.2085571593046 2.3999999999999986
      vertex 48.369713217020035 -137.04504501134156 0
      vertex 48.125 -137.2085571593046 0
    endloop
  endfacet
  facet normal -0.6593458033473382 0.7518398177858455 0
    outer loop
      vertex 48.369713217020035 -137.04504501134156 2.3999999999999986
      vertex 48.590990260243416 -136.85099025875328 0
      vertex 48.369713217020035 -137.04504501134156 0
    endloop
  endfacet
  facet normal -0.7518398177858455 0.6593458033473382 0
    outer loop
      vertex 48.590990260243416 -136.85099025875328 2.3999999999999986
      vertex 48.78504501283169 -136.6297132155299 0
      vertex 48.590990260243416 -136.85099025875328 0
    endloop
  endfacet
  facet normal -0.8314696061283394 0.5555702422599542 0
    outer loop
      vertex 48.78504501283169 -136.6297132155299 2.3999999999999986
      vertex 48.948557160794735 -136.38499999850987 0
      vertex 48.78504501283169 -136.6297132155299 0
    endloop
  endfacet
  facet normal -0.8968727394748999 0.4422886943917835 0
    outer loop
      vertex 48.948557160794735 -136.38499999850987 2.3999999999999986
      vertex 49.07872895151377 -136.12103772222994 0
      vertex 48.948557160794735 -136.38499999850987 0
    endloop
  endfacet
  facet normal 0.8314696121002912 -0.5555702333222965 0
    outer loop
      vertex 11.15661315023899 -17.27500000029802 2.3999999999999986
      vertex 11.15661315023899 -17.27500000029802 0
      vertex 12.43491474688053 -15.36188646584749 2.3999999999999986
    endloop
  endfacet
  facet normal 0.8314696121002912 -0.5555702333222965 0
    outer loop
      vertex 11.15661315023899 -17.27500000029802 0
      vertex 12.43491474688053 -15.36188646584749 0
      vertex 12.43491474688053 -15.36188646584749 2.3999999999999986
    endloop
  endfacet
  facet normal 0.9469301301308393 -0.3214394634303509 0
    outer loop
      vertex 9.399364718794821 -21.517372997403143 2.3999999999999986
      vertex 9.399364718794821 -21.517372997403143 0
      vertex 10.13895902186632 -19.338598424494265 2.3999999999999986
    endloop
  endfacet
  facet normal 0.9807852802019322 -0.1950903230281228 -1.0052512655372668e-17
    outer loop
      vertex 9.399364718794821 -21.517372997403143 2.3999999999999986
      vertex 8.950484888255595 -23.77404428452253 2.3999999999999986
      vertex 8.950484888255595 -23.77404428452253 0
    endloop
  endfacet
  facet normal 0.997858923194748 -0.06540312989924872 0
    outer loop
      vertex 8.950484888255595 -23.77404428452253 2.3999999999999986
      vertex 8.799999998509882 -26.07000000208616 2.3999999999999986
      vertex 8.799999998509882 -26.07000000208616 0
    endloop
  endfacet
  facet normal 1 0 0
    outer loop
      vertex 8.799999998509882 -26.07000000208616 2.3999999999999986
      vertex 8.799999998509882 -26.089999997913836 2.3999999999999986
      vertex 8.799999998509882 -26.089999997913836 0
    endloop
  endfacet
  facet normal 0.997858923194748 0.06540312989924872 0
    outer loop
      vertex 8.799999998509882 -26.089999997913836 2.3999999999999986
      vertex 8.950484888255595 -28.385955715477465 2.3999999999999986
      vertex 8.950484888255595 -28.385955715477465 0
    endloop
  endfacet
  facet normal 0.8968727407887934 -0.4422886917274707 4.0210050693778515e-17
    outer loop
      vertex 11.15661315023899 -17.27500000029802 2.3999999999999986
      vertex 10.13895902186632 -19.338598424494265 2.3999999999999986
      vertex 10.13895902186632 -19.338598424494265 0
    endloop
  endfacet
  facet normal 0.9807852802019322 -0.1950903230281228 0
    outer loop
      vertex 9.399364718794821 -21.517372997403143 2.3999999999999986
      vertex 8.950484888255595 -23.77404428452253 0
      vertex 9.399364718794821 -21.517372997403143 0
    endloop
  endfacet
  facet normal 0.9469301301308393 -0.3214394634303509 0
    outer loop
      vertex 10.13895902186632 -19.338598424494265 2.3999999999999986
      vertex 9.399364718794821 -21.517372997403143 0
      vertex 10.13895902186632 -19.338598424494265 0
    endloop
  endfacet
  facet normal 0.997858923194748 -0.06540312989924872 0
    outer loop
      vertex 8.950484888255595 -23.77404428452253 2.3999999999999986
      vertex 8.799999998509882 -26.07000000208616 0
      vertex 8.950484888255595 -23.77404428452253 0
    endloop
  endfacet
  facet normal 1 0 0
    outer loop
      vertex 8.799999998509882 -26.07000000208616 2.3999999999999986
      vertex 8.799999998509882 -26.089999997913836 0
      vertex 8.799999998509882 -26.07000000208616 0
    endloop
  endfacet
  facet normal 0.997858923194748 0.06540312989924872 0
    outer loop
      vertex 8.799999998509882 -26.089999997913836 2.3999999999999986
      vertex 8.950484888255595 -28.385955715477465 0
      vertex 8.799999998509882 -26.089999997913836 0
    endloop
  endfacet
  facet normal 0.8968727407887934 -0.4422886917274707 0
    outer loop
      vertex 11.15661315023899 -17.27500000029802 2.3999999999999986
      vertex 10.13895902186632 -19.338598424494265 0
      vertex 11.15661315023899 -17.27500000029802 0
    endloop
  endfacet
  facet normal 0.9807852802019322 0.1950903230281228 1.0052512655372668e-17
    outer loop
      vertex 8.950484888255595 -28.385955715477465 2.3999999999999986
      vertex 9.399364718794821 -30.642627002596853 2.3999999999999986
      vertex 9.399364718794821 -30.642627002596853 0
    endloop
  endfacet
  facet normal 0.9469301301308393 0.3214394634303509 1.0052512681656187e-17
    outer loop
      vertex 9.399364718794821 -30.642627002596853 2.3999999999999986
      vertex 10.13895902186632 -32.82140157550573 2.3999999999999986
      vertex 10.13895902186632 -32.82140157550573 0
    endloop
  endfacet
  facet normal 0.8968727407887934 0.4422886917274707 -4.0210050693778515e-17
    outer loop
      vertex 10.13895902186632 -32.82140157550573 2.3999999999999986
      vertex 11.15661315023899 -34.884999999701975 2.3999999999999986
      vertex 11.15661315023899 -34.884999999701975 0
    endloop
  endfacet
  facet normal 0.8314696121002912 0.5555702333222965 0
    outer loop
      vertex 11.15661315023899 -34.884999999701975 2.3999999999999986
      vertex 12.43491474688053 -36.798113534152506 2.3999999999999986
      vertex 12.43491474688053 -36.798113534152506 0
    endloop
  endfacet
  facet normal 0.9807852802019322 0.1950903230281228 0
    outer loop
      vertex 8.950484888255595 -28.385955715477465 2.3999999999999986
      vertex 9.399364718794821 -30.642627002596853 0
      vertex 8.950484888255595 -28.385955715477465 0
    endloop
  endfacet
  facet normal 0.9469301301308393 0.3214394634303509 0
    outer loop
      vertex 9.399364718794821 -30.642627002596853 2.3999999999999986
      vertex 10.13895902186632 -32.82140157550573 0
      vertex 9.399364718794821 -30.642627002596853 0
    endloop
  endfacet
  facet normal 0.8968727407887934 0.4422886917274707 0
    outer loop
      vertex 10.13895902186632 -32.82140157550573 2.3999999999999986
      vertex 11.15661315023899 -34.884999999701975 0
      vertex 10.13895902186632 -32.82140157550573 0
    endloop
  endfacet
  facet normal 0.8314696121002912 0.5555702333222965 0
    outer loop
      vertex 11.15661315023899 -34.884999999701975 2.3999999999999986
      vertex 12.43491474688053 -36.798113534152506 0
      vertex 11.15661315023899 -34.884999999701975 0
    endloop
  endfacet
  facet normal 0.75183980659904 -0.6593458161034452 0
    outer loop
      vertex 12.43491474688053 -15.36188646584749 2.3999999999999986
      vertex 12.43491474688053 -15.36188646584749 0
      vertex 13.951991723477839 -13.631991723477839 2.3999999999999986
    endloop
  endfacet
  facet normal 0.6593458161034452 -0.75183980659904 0
    outer loop
      vertex 13.951991723477839 -13.631991723477839 2.3999999999999986
      vertex 13.951991723477839 -13.631991723477839 0
      vertex 15.68188646584749 -12.11491474688053 2.3999999999999986
    endloop
  endfacet
  facet normal 0.75183980659904 -0.6593458161034452 0
    outer loop
      vertex 13.951991723477839 -13.631991723477839 2.3999999999999986
      vertex 12.43491474688053 -15.36188646584749 0
      vertex 13.951991723477839 -13.631991723477839 0
    endloop
  endfacet
  facet normal 0.6593458161034452 -0.75183980659904 0
    outer loop
      vertex 15.68188646584749 -12.11491474688053 2.3999999999999986
      vertex 13.951991723477839 -13.631991723477839 0
      vertex 15.68188646584749 -12.11491474688053 0
    endloop
  endfacet
  facet normal 0.5555702333222965 -0.8314696121002912 0
    outer loop
      vertex 15.68188646584749 -12.11491474688053 2.3999999999999986
      vertex 15.68188646584749 -12.11491474688053 0
      vertex 17.595000000298022 -10.836613150238989 2.3999999999999986
    endloop
  endfacet
  facet normal 0.4422886917274707 -0.8968727407887934 0
    outer loop
      vertex 17.595000000298022 -10.836613150238989 2.3999999999999986
      vertex 17.595000000298022 -10.836613150238989 0
      vertex 19.658598424494265 -9.81895902186632 2.3999999999999986
    endloop
  endfacet
  facet normal 0.5555702333222965 -0.8314696121002912 0
    outer loop
      vertex 17.595000000298022 -10.836613150238989 2.3999999999999986
      vertex 15.68188646584749 -12.11491474688053 0
      vertex 17.595000000298022 -10.836613150238989 0
    endloop
  endfacet
  facet normal 0.4422886917274707 -0.8968727407887934 0
    outer loop
      vertex 19.658598424494265 -9.81895902186632 2.3999999999999986
      vertex 17.595000000298022 -10.836613150238989 0
      vertex 19.658598424494265 -9.81895902186632 0
    endloop
  endfacet
  facet normal 0.75183980659904 0.6593458161034452 0
    outer loop
      vertex 12.43491474688053 -36.798113534152506 2.3999999999999986
      vertex 13.951991723477839 -38.52800827652216 0
      vertex 12.43491474688053 -36.798113534152506 0
    endloop
  endfacet
  facet normal 0.3214394634303509 -0.9469301301308393 0
    outer loop
      vertex 19.658598424494265 -9.81895902186632 2.3999999999999986
      vertex 19.658598424494265 -9.81895902186632 0
      vertex 21.837372997403143 -9.079364718794821 2.3999999999999986
    endloop
  endfacet
  facet normal 0.1950903230281228 -0.9807852802019322 0
    outer loop
      vertex 21.837372997403143 -9.079364718794821 2.3999999999999986
      vertex 21.837372997403143 -9.079364718794821 0
      vertex 24.094044284522532 -8.630484888255594 2.3999999999999986
    endloop
  endfacet
  facet normal 0.3214394634303509 -0.9469301301308393 0
    outer loop
      vertex 21.837372997403143 -9.079364718794821 2.3999999999999986
      vertex 19.658598424494265 -9.81895902186632 0
      vertex 21.837372997403143 -9.079364718794821 0
    endloop
  endfacet
  facet normal 0.06540312989924872 -0.997858923194748 0
    outer loop
      vertex 24.094044284522532 -8.630484888255594 2.3999999999999986
      vertex 24.094044284522532 -8.630484888255594 0
      vertex 26.39000000208616 -8.479999998509882 2.3999999999999986
    endloop
  endfacet
  facet normal 0 -1 0
    outer loop
      vertex 26.39000000208616 -8.479999998509882 2.3999999999999986
      vertex 26.39000000208616 -8.479999998509882 0
      vertex 26.409999997913836 -8.479999998509882 2.3999999999999986
    endloop
  endfacet
  facet normal 0.1950903230281228 -0.9807852802019322 0
    outer loop
      vertex 24.094044284522532 -8.630484888255594 2.3999999999999986
      vertex 21.837372997403143 -9.079364718794821 0
      vertex 24.094044284522532 -8.630484888255594 0
    endloop
  endfacet
  facet normal 0.06540312989924872 -0.997858923194748 0
    outer loop
      vertex 26.39000000208616 -8.479999998509882 2.3999999999999986
      vertex 24.094044284522532 -8.630484888255594 0
      vertex 26.39000000208616 -8.479999998509882 0
    endloop
  endfacet
  facet normal 0.75183980659904 0.6593458161034452 2.010502536348381e-17
    outer loop
      vertex 12.43491474688053 -36.798113534152506 2.3999999999999986
      vertex 13.951991723477839 -38.52800827652216 2.3999999999999986
      vertex 13.951991723477839 -38.52800827652216 0
    endloop
  endfacet
  facet normal 0.6593458161034452 0.75183980659904 2.010502536348381e-17
    outer loop
      vertex 13.951991723477839 -38.52800827652216 2.3999999999999986
      vertex 15.68188646584749 -40.04508525311947 2.3999999999999986
      vertex 15.68188646584749 -40.04508525311947 0
    endloop
  endfacet
  facet normal 0.6593458161034452 0.75183980659904 0
    outer loop
      vertex 13.951991723477839 -38.52800827652216 2.3999999999999986
      vertex 15.68188646584749 -40.04508525311947 0
      vertex 13.951991723477839 -38.52800827652216 0
    endloop
  endfacet
  facet normal 0.5555702333222965 0.8314696121002912 0
    outer loop
      vertex 15.68188646584749 -40.04508525311947 2.3999999999999986
      vertex 17.595000000298022 -41.32338684976101 2.3999999999999986
      vertex 17.595000000298022 -41.32338684976101 0
    endloop
  endfacet
  facet normal 0.4422886917274707 0.8968727407887934 -4.0210050693778515e-17
    outer loop
      vertex 17.595000000298022 -41.32338684976101 2.3999999999999986
      vertex 19.658598424494265 -42.34104097813368 2.3999999999999986
      vertex 19.658598424494265 -42.34104097813368 0
    endloop
  endfacet
  facet normal 0.5555702333222965 0.8314696121002912 0
    outer loop
      vertex 15.68188646584749 -40.04508525311947 2.3999999999999986
      vertex 17.595000000298022 -41.32338684976101 0
      vertex 15.68188646584749 -40.04508525311947 0
    endloop
  endfacet
  facet normal 0.4422886917274707 0.8968727407887934 0
    outer loop
      vertex 17.595000000298022 -41.32338684976101 2.3999999999999986
      vertex 19.658598424494265 -42.34104097813368 0
      vertex 17.595000000298022 -41.32338684976101 0
    endloop
  endfacet
  facet normal 0.3214394634303509 0.9469301301308393 1.0052512681656187e-17
    outer loop
      vertex 19.658598424494265 -42.34104097813368 2.3999999999999986
      vertex 21.837372997403143 -43.080635281205176 2.3999999999999986
      vertex 21.837372997403143 -43.080635281205176 0
    endloop
  endfacet
  facet normal 0.3214394634303509 0.9469301301308393 0
    outer loop
      vertex 19.658598424494265 -42.34104097813368 2.3999999999999986
      vertex 21.837372997403143 -43.080635281205176 0
      vertex 19.658598424494265 -42.34104097813368 0
    endloop
  endfacet
  facet normal 0.1950903230281228 0.9807852802019322 0
    outer loop
      vertex 21.837372997403143 -43.080635281205176 2.3999999999999986
      vertex 24.094044284522532 -43.5295151117444 0
      vertex 21.837372997403143 -43.080635281205176 0
    endloop
  endfacet
  facet normal 0.1950903230281228 0.9807852802019322 1.0052512655372668e-17
    outer loop
      vertex 21.837372997403143 -43.080635281205176 2.3999999999999986
      vertex 24.094044284522532 -43.5295151117444 2.3999999999999986
      vertex 24.094044284522532 -43.5295151117444 0
    endloop
  endfacet
  facet normal 0.06540312989924872 0.997858923194748 0
    outer loop
      vertex 24.094044284522532 -43.5295151117444 2.3999999999999986
      vertex 26.39000000208616 -43.680000001490114 2.3999999999999986
      vertex 26.39000000208616 -43.680000001490114 0
    endloop
  endfacet
  facet normal 0.06540312989924872 0.997858923194748 0
    outer loop
      vertex 24.094044284522532 -43.5295151117444 2.3999999999999986
      vertex 26.39000000208616 -43.680000001490114 0
      vertex 24.094044284522532 -43.5295151117444 0
    endloop
  endfacet
  facet normal 0 1 0
    outer loop
      vertex 26.39000000208616 -43.680000001490114 2.3999999999999986
      vertex 26.409999997913836 -43.680000001490114 0
      vertex 26.39000000208616 -43.680000001490114 0
    endloop
  endfacet
  facet normal -0.06540312989924872 -0.997858923194748 0
    outer loop
      vertex 26.409999997913836 -8.479999998509882 2.3999999999999986
      vertex 26.409999997913836 -8.479999998509882 0
      vertex 28.705955715477465 -8.630484888255594 2.3999999999999986
    endloop
  endfacet
  facet normal -0.1950903230281228 -0.9807852802019322 0
    outer loop
      vertex 28.705955715477465 -8.630484888255594 2.3999999999999986
      vertex 28.705955715477465 -8.630484888255594 0
      vertex 30.962627002596854 -9.079364718794821 2.3999999999999986
    endloop
  endfacet
  facet normal 0 -1 0
    outer loop
      vertex 26.39000000208616 -8.479999998509882 0
      vertex 26.409999997913836 -8.479999998509882 0
      vertex 26.409999997913836 -8.479999998509882 2.3999999999999986
    endloop
  endfacet
  facet normal -0.06540312989924872 -0.997858923194748 0
    outer loop
      vertex 28.705955715477465 -8.630484888255594 2.3999999999999986
      vertex 26.409999997913836 -8.479999998509882 0
      vertex 28.705955715477465 -8.630484888255594 0
    endloop
  endfacet
  facet normal -0.3214394634303509 -0.9469301301308393 0
    outer loop
      vertex 30.962627002596854 -9.079364718794821 2.3999999999999986
      vertex 30.962627002596854 -9.079364718794821 0
      vertex 33.14140157550573 -9.81895902186632 2.3999999999999986
    endloop
  endfacet
  facet normal -0.1950903230281228 -0.9807852802019322 0
    outer loop
      vertex 30.962627002596854 -9.079364718794821 2.3999999999999986
      vertex 28.705955715477465 -8.630484888255594 0
      vertex 30.962627002596854 -9.079364718794821 0
    endloop
  endfacet
  facet normal -0.3214394634303509 -0.9469301301308393 0
    outer loop
      vertex 33.14140157550573 -9.81895902186632 2.3999999999999986
      vertex 30.962627002596854 -9.079364718794821 0
      vertex 33.14140157550573 -9.81895902186632 0
    endloop
  endfacet
  facet normal -0.4422886917274707 -0.8968727407887934 0
    outer loop
      vertex 33.14140157550573 -9.81895902186632 2.3999999999999986
      vertex 33.14140157550573 -9.81895902186632 0
      vertex 35.204999999701975 -10.836613150238989 2.3999999999999986
    endloop
  endfacet
  facet normal -0.5555702333222965 -0.8314696121002912 0
    outer loop
      vertex 35.204999999701975 -10.836613150238989 2.3999999999999986
      vertex 35.204999999701975 -10.836613150238989 0
      vertex 37.118113534152506 -12.11491474688053 2.3999999999999986
    endloop
  endfacet
  facet normal -0.4422886917274707 -0.8968727407887934 0
    outer loop
      vertex 35.204999999701975 -10.836613150238989 2.3999999999999986
      vertex 33.14140157550573 -9.81895902186632 0
      vertex 35.204999999701975 -10.836613150238989 0
    endloop
  endfacet
  facet normal -0.5555702333222965 -0.8314696121002912 0
    outer loop
      vertex 37.118113534152506 -12.11491474688053 2.3999999999999986
      vertex 35.204999999701975 -10.836613150238989 0
      vertex 37.118113534152506 -12.11491474688053 0
    endloop
  endfacet
  facet normal -0.6593458161034452 -0.75183980659904 0
    outer loop
      vertex 37.118113534152506 -12.11491474688053 2.3999999999999986
      vertex 37.118113534152506 -12.11491474688053 0
      vertex 38.84800827652216 -13.631991723477839 2.3999999999999986
    endloop
  endfacet
  facet normal -0.75183980659904 -0.6593458161034452 0
    outer loop
      vertex 38.84800827652216 -13.631991723477839 2.3999999999999986
      vertex 38.84800827652216 -13.631991723477839 0
      vertex 40.36508525311947 -15.36188646584749 2.3999999999999986
    endloop
  endfacet
  facet normal -0.6593458161034452 -0.75183980659904 0
    outer loop
      vertex 38.84800827652216 -13.631991723477839 2.3999999999999986
      vertex 37.118113534152506 -12.11491474688053 0
      vertex 38.84800827652216 -13.631991723477839 0
    endloop
  endfacet
  facet normal -0.75183980659904 -0.6593458161034452 0
    outer loop
      vertex 40.36508525311947 -15.36188646584749 2.3999999999999986
      vertex 38.84800827652216 -13.631991723477839 0
      vertex 40.36508525311947 -15.36188646584749 0
    endloop
  endfacet
  facet normal -0.75183980659904 0.6593458161034452 0
    outer loop
      vertex 40.36508525311947 -36.798113534152506 2.3999999999999986
      vertex 40.36508525311947 -36.798113534152506 0
      vertex 38.84800827652216 -38.52800827652216 2.3999999999999986
    endloop
  endfacet
  facet normal 0 1 0
    outer loop
      vertex 26.39000000208616 -43.680000001490114 2.3999999999999986
      vertex 26.409999997913836 -43.680000001490114 2.3999999999999986
      vertex 26.409999997913836 -43.680000001490114 0
    endloop
  endfacet
  facet normal -0.06540312989924872 0.997858923194748 0
    outer loop
      vertex 26.409999997913836 -43.680000001490114 2.3999999999999986
      vertex 28.705955715477465 -43.5295151117444 2.3999999999999986
      vertex 28.705955715477465 -43.5295151117444 0
    endloop
  endfacet
  facet normal -0.06540312989924872 0.997858923194748 0
    outer loop
      vertex 26.409999997913836 -43.680000001490114 2.3999999999999986
      vertex 28.705955715477465 -43.5295151117444 0
      vertex 26.409999997913836 -43.680000001490114 0
    endloop
  endfacet
  facet normal -0.1950903230281228 0.9807852802019322 0
    outer loop
      vertex 28.705955715477465 -43.5295151117444 2.3999999999999986
      vertex 30.962627002596854 -43.080635281205176 0
      vertex 28.705955715477465 -43.5295151117444 0
    endloop
  endfacet
  facet normal -0.1950903230281228 0.9807852802019322 -1.0052512655372668e-17
    outer loop
      vertex 28.705955715477465 -43.5295151117444 2.3999999999999986
      vertex 30.962627002596854 -43.080635281205176 2.3999999999999986
      vertex 30.962627002596854 -43.080635281205176 0
    endloop
  endfacet
  facet normal -0.3214394634303509 0.9469301301308393 -1.0052512681656187e-17
    outer loop
      vertex 30.962627002596854 -43.080635281205176 2.3999999999999986
      vertex 33.14140157550573 -42.34104097813368 2.3999999999999986
      vertex 33.14140157550573 -42.34104097813368 0
    endloop
  endfacet
  facet normal -0.3214394634303509 0.9469301301308393 0
    outer loop
      vertex 30.962627002596854 -43.080635281205176 2.3999999999999986
      vertex 33.14140157550573 -42.34104097813368 0
      vertex 30.962627002596854 -43.080635281205176 0
    endloop
  endfacet
  facet normal -0.4422886917274707 0.8968727407887934 4.0210050693778515e-17
    outer loop
      vertex 33.14140157550573 -42.34104097813368 2.3999999999999986
      vertex 35.204999999701975 -41.32338684976101 2.3999999999999986
      vertex 35.204999999701975 -41.32338684976101 0
    endloop
  endfacet
  facet normal -0.5555702333222965 0.8314696121002912 0
    outer loop
      vertex 35.204999999701975 -41.32338684976101 2.3999999999999986
      vertex 37.118113534152506 -40.04508525311947 2.3999999999999986
      vertex 37.118113534152506 -40.04508525311947 0
    endloop
  endfacet
  facet normal -0.4422886917274707 0.8968727407887934 0
    outer loop
      vertex 33.14140157550573 -42.34104097813368 2.3999999999999986
      vertex 35.204999999701975 -41.32338684976101 0
      vertex 33.14140157550573 -42.34104097813368 0
    endloop
  endfacet
  facet normal -0.5555702333222965 0.8314696121002912 0
    outer loop
      vertex 35.204999999701975 -41.32338684976101 2.3999999999999986
      vertex 37.118113534152506 -40.04508525311947 0
      vertex 35.204999999701975 -41.32338684976101 0
    endloop
  endfacet
  facet normal -0.6593458161034452 0.75183980659904 -2.010502536348381e-17
    outer loop
      vertex 37.118113534152506 -40.04508525311947 2.3999999999999986
      vertex 38.84800827652216 -38.52800827652216 2.3999999999999986
      vertex 38.84800827652216 -38.52800827652216 0
    endloop
  endfacet
  facet normal -0.6593458161034452 0.75183980659904 0
    outer loop
      vertex 37.118113534152506 -40.04508525311947 2.3999999999999986
      vertex 38.84800827652216 -38.52800827652216 0
      vertex 37.118113534152506 -40.04508525311947 0
    endloop
  endfacet
  facet normal -0.75183980659904 0.6593458161034452 -2.010502536348381e-17
    outer loop
      vertex 40.36508525311947 -36.798113534152506 0
      vertex 38.84800827652216 -38.52800827652216 0
      vertex 38.84800827652216 -38.52800827652216 2.3999999999999986
    endloop
  endfacet
  facet normal -0.8314696121002912 -0.5555702333222965 0
    outer loop
      vertex 40.36508525311947 -15.36188646584749 2.3999999999999986
      vertex 40.36508525311947 -15.36188646584749 0
      vertex 41.64338684976101 -17.27500000029802 2.3999999999999986
    endloop
  endfacet
  facet normal -0.8314696121002912 -0.5555702333222965 0
    outer loop
      vertex 40.36508525311947 -15.36188646584749 0
      vertex 41.64338684976101 -17.27500000029802 0
      vertex 41.64338684976101 -17.27500000029802 2.3999999999999986
    endloop
  endfacet
  facet normal -0.8968727407887934 -0.4422886917274707 0
    outer loop
      vertex 41.64338684976101 -17.27500000029802 2.3999999999999986
      vertex 41.64338684976101 -17.27500000029802 0
      vertex 42.66104097813368 -19.338598424494265 2.3999999999999986
    endloop
  endfacet
  facet normal -0.9469301301308393 -0.3214394634303509 0
    outer loop
      vertex 42.66104097813368 -19.338598424494265 2.3999999999999986
      vertex 42.66104097813368 -19.338598424494265 0
      vertex 43.400635281205176 -21.517372997403143 2.3999999999999986
    endloop
  endfacet
  facet normal -0.9807852802019322 -0.1950903230281228 0
    outer loop
      vertex 43.400635281205176 -21.517372997403143 2.3999999999999986
      vertex 43.400635281205176 -21.517372997403143 0
      vertex 43.8495151117444 -23.77404428452253 2.3999999999999986
    endloop
  endfacet
  facet normal -0.997858923194748 -0.06540312989924872 0
    outer loop
      vertex 43.8495151117444 -23.77404428452253 2.3999999999999986
      vertex 43.8495151117444 -23.77404428452253 0
      vertex 44.000000001490115 -26.07000000208616 2.3999999999999986
    endloop
  endfacet
  facet normal -1 0 0
    outer loop
      vertex 44.000000001490115 -26.07000000208616 2.3999999999999986
      vertex 44.000000001490115 -26.07000000208616 0
      vertex 44.000000001490115 -26.089999997913836 2.3999999999999986
    endloop
  endfacet
  facet normal -0.997858923194748 0.06540312989924872 0
    outer loop
      vertex 44.000000001490115 -26.089999997913836 2.3999999999999986
      vertex 44.000000001490115 -26.089999997913836 0
      vertex 43.8495151117444 -28.385955715477465 2.3999999999999986
    endloop
  endfacet
  facet normal -0.8968727407887934 -0.4422886917274707 0
    outer loop
      vertex 42.66104097813368 -19.338598424494265 2.3999999999999986
      vertex 41.64338684976101 -17.27500000029802 0
      vertex 42.66104097813368 -19.338598424494265 0
    endloop
  endfacet
  facet normal -0.9469301301308393 -0.3214394634303509 0
    outer loop
      vertex 43.400635281205176 -21.517372997403143 2.3999999999999986
      vertex 42.66104097813368 -19.338598424494265 0
      vertex 43.400635281205176 -21.517372997403143 0
    endloop
  endfacet
  facet normal -0.9807852802019322 -0.1950903230281228 0
    outer loop
      vertex 43.8495151117444 -23.77404428452253 2.3999999999999986
      vertex 43.400635281205176 -21.517372997403143 0
      vertex 43.8495151117444 -23.77404428452253 0
    endloop
  endfacet
  facet normal -0.997858923194748 -0.06540312989924872 0
    outer loop
      vertex 44.000000001490115 -26.07000000208616 2.3999999999999986
      vertex 43.8495151117444 -23.77404428452253 0
      vertex 44.000000001490115 -26.07000000208616 0
    endloop
  endfacet
  facet normal -1 0 0
    outer loop
      vertex 44.000000001490115 -26.089999997913836 2.3999999999999986
      vertex 44.000000001490115 -26.07000000208616 0
      vertex 44.000000001490115 -26.089999997913836 0
    endloop
  endfacet
  facet normal -0.997858923194748 0.06540312989924872 0
    outer loop
      vertex 43.8495151117444 -28.385955715477465 2.3999999999999986
      vertex 44.000000001490115 -26.089999997913836 0
      vertex 43.8495151117444 -28.385955715477465 0
    endloop
  endfacet
  facet normal -0.8314696121002912 0.5555702333222965 0
    outer loop
      vertex 40.36508525311947 -36.798113534152506 2.3999999999999986
      vertex 41.64338684976101 -34.884999999701975 2.3999999999999986
      vertex 41.64338684976101 -34.884999999701975 0
    endloop
  endfacet
  facet normal -0.8968727407887934 0.4422886917274707 4.0210050693778515e-17
    outer loop
      vertex 41.64338684976101 -34.884999999701975 2.3999999999999986
      vertex 42.66104097813368 -32.82140157550573 2.3999999999999986
      vertex 42.66104097813368 -32.82140157550573 0
    endloop
  endfacet
  facet normal -0.9469301301308393 0.3214394634303509 0
    outer loop
      vertex 43.400635281205176 -30.642627002596853 2.3999999999999986
      vertex 43.400635281205176 -30.642627002596853 0
      vertex 42.66104097813368 -32.82140157550573 2.3999999999999986
    endloop
  endfacet
  facet normal -0.9807852802019322 0.1950903230281228 0
    outer loop
      vertex 43.8495151117444 -28.385955715477465 2.3999999999999986
      vertex 43.8495151117444 -28.385955715477465 0
      vertex 43.400635281205176 -30.642627002596853 2.3999999999999986
    endloop
  endfacet
  facet normal -0.8314696121002912 0.5555702333222965 0
    outer loop
      vertex 40.36508525311947 -36.798113534152506 2.3999999999999986
      vertex 41.64338684976101 -34.884999999701975 0
      vertex 40.36508525311947 -36.798113534152506 0
    endloop
  endfacet
  facet normal -0.8968727407887934 0.4422886917274707 0
    outer loop
      vertex 41.64338684976101 -34.884999999701975 2.3999999999999986
      vertex 42.66104097813368 -32.82140157550573 0
      vertex 41.64338684976101 -34.884999999701975 0
    endloop
  endfacet
  facet normal -0.9469301301308393 0.3214394634303509 0
    outer loop
      vertex 42.66104097813368 -32.82140157550573 2.3999999999999986
      vertex 43.400635281205176 -30.642627002596853 0
      vertex 42.66104097813368 -32.82140157550573 0
    endloop
  endfacet
  facet normal -0.9807852802019322 0.1950903230281228 0
    outer loop
      vertex 43.400635281205176 -30.642627002596853 2.3999999999999986
      vertex 43.8495151117444 -28.385955715477465 0
      vertex 43.400635281205176 -30.642627002596853 0
    endloop
  endfacet
  facet normal 0 0 1
    outer loop
      vertex 27.830266166351432 -46.40336856933594 14.299999999999999
      vertex 27.820000000000004 -46.56 14.299999999999999
      vertex 27.830266166351432 -46.716631430664066 14.299999999999999
    endloop
  endfacet
  facet normal 0 0 1
    outer loop
      vertex 27.830266166351432 -46.40336856933594 14.299999999999999
      vertex 27.830266166351432 -46.716631430664066 14.299999999999999
      vertex 27.86088900845312 -46.87058285412303 14.299999999999999
    endloop
  endfacet
  facet normal 0 0 1
    outer loop
      vertex 27.86088900845312 -46.249417145876976 14.299999999999999
      vertex 27.91134456098646 -47.01922011883811 14.299999999999999
      vertex 27.91134456098646 -46.10077988116189 14.299999999999999
    endloop
  endfacet
  facet normal 0 0 1
    outer loop
      vertex 27.830266166351432 -46.40336856933594 14.299999999999999
      vertex 27.86088900845312 -46.87058285412303 14.299999999999999
      vertex 27.86088900845312 -46.249417145876976 14.299999999999999
    endloop
  endfacet
  facet normal 0 0 1
    outer loop
      vertex 27.86088900845312 -46.249417145876976 14.299999999999999
      vertex 27.86088900845312 -46.87058285412303 14.299999999999999
      vertex 27.91134456098646 -47.01922011883811 14.299999999999999
    endloop
  endfacet
  facet normal 0 0 1
    outer loop
      vertex 27.91134456098646 -46.10077988116189 14.299999999999999
      vertex 27.91134456098646 -47.01922011883811 14.299999999999999
      vertex 27.980769515458675 -47.160000000000004 14.299999999999999
    endloop
  endfacet
  facet normal 0 0 1
    outer loop
      vertex 27.91134456098646 -46.10077988116189 14.299999999999999
      vertex 27.980769515458675 -47.160000000000004 14.299999999999999
      vertex 27.980769515458675 -45.96 14.299999999999999
    endloop
  endfacet
  facet normal 0 0 1
    outer loop
      vertex 27.980769515458675 -45.96 14.299999999999999
      vertex 28.06797599165052 -47.290513714810466 14.299999999999999
      vertex 28.06797599165052 -45.82948628518954 14.299999999999999
    endloop
  endfacet
  facet normal 0 0 1
    outer loop
      vertex 28.06797599165052 -45.82948628518954 14.299999999999999
      vertex 28.171471862576148 -47.40852813742386 14.299999999999999
      vertex 28.171471862576148 -45.71147186257615 14.299999999999999
    endloop
  endfacet
  facet normal 0 0 1
    outer loop
      vertex 27.980769515458675 -45.96 14.299999999999999
      vertex 27.980769515458675 -47.160000000000004 14.299999999999999
      vertex 28.06797599165052 -47.290513714810466 14.299999999999999
    endloop
  endfacet
  facet normal 0 0 1
    outer loop
      vertex 28.06797599165052 -45.82948628518954 14.299999999999999
      vertex 28.06797599165052 -47.290513714810466 14.299999999999999
      vertex 28.171471862576148 -47.40852813742386 14.299999999999999
    endloop
  endfacet
  facet normal 0 0 1
    outer loop
      vertex 28.171471862576148 -45.71147186257615 14.299999999999999
      vertex 28.28948628518954 -47.512024008349485 14.299999999999999
      vertex 28.28948628518954 -45.60797599165052 14.299999999999999
    endloop
  endfacet
  facet normal 0 0 1
    outer loop
      vertex 28.28948628518954 -45.60797599165052 14.299999999999999
      vertex 28.42 -47.59923048454133 14.299999999999999
      vertex 28.42 -45.520769515458674 14.299999999999999
    endloop
  endfacet
  facet normal 0 0 1
    outer loop
      vertex 28.171471862576148 -45.71147186257615 14.299999999999999
      vertex 28.171471862576148 -47.40852813742386 14.299999999999999
      vertex 28.28948628518954 -47.512024008349485 14.299999999999999
    endloop
  endfacet
  facet normal 0 0 1
    outer loop
      vertex 28.28948628518954 -45.60797599165052 14.299999999999999
      vertex 28.28948628518954 -47.512024008349485 14.299999999999999
      vertex 28.42 -47.59923048454133 14.299999999999999
    endloop
  endfacet
  facet normal 0 0 1
    outer loop
      vertex 28.42 -45.520769515458674 14.299999999999999
      vertex 28.560779881161896 -47.66865543901355 14.299999999999999
      vertex 28.560779881161896 -45.451344560986456 14.299999999999999
    endloop
  endfacet
  facet normal 0 0 1
    outer loop
      vertex 28.42 -45.520769515458674 14.299999999999999
      vertex 28.42 -47.59923048454133 14.299999999999999
      vertex 28.560779881161896 -47.66865543901355 14.299999999999999
    endloop
  endfacet
  facet normal 0 0 1
    outer loop
      vertex 28.560779881161896 -45.451344560986456 14.299999999999999
      vertex 28.560779881161896 -47.66865543901355 14.299999999999999
      vertex 28.709417145876976 -47.719110991546884 14.299999999999999
    endloop
  endfacet
  facet normal 0 0 1
    outer loop
      vertex 28.560779881161896 -45.451344560986456 14.299999999999999
      vertex 28.709417145876976 -47.719110991546884 14.299999999999999
      vertex 28.709417145876976 -45.40088900845312 14.299999999999999
    endloop
  endfacet
  facet normal 0 0 1
    outer loop
      vertex 28.709417145876976 -45.40088900845312 14.299999999999999
      vertex 28.86336856933594 -47.74973383364858 14.299999999999999
      vertex 28.86336856933594 -45.37026616635143 14.299999999999999
    endloop
  endfacet
  facet normal 0 0 1
    outer loop
      vertex 28.709417145876976 -45.40088900845312 14.299999999999999
      vertex 28.709417145876976 -47.719110991546884 14.299999999999999
      vertex 28.86336856933594 -47.74973383364858 14.299999999999999
    endloop
  endfacet
  facet normal 0 0 1
    outer loop
      vertex 28.86336856933594 -45.37026616635143 14.299999999999999
      vertex 29.020000000000003 -47.760000000000005 14.299999999999999
      vertex 29.020000000000003 -45.36 14.299999999999999
    endloop
  endfacet
  facet normal 0 0 1
    outer loop
      vertex 28.86336856933594 -45.37026616635143 14.299999999999999
      vertex 28.86336856933594 -47.74973383364858 14.299999999999999
      vertex 29.020000000000003 -47.760000000000005 14.299999999999999
    endloop
  endfacet
  facet normal 0 0 1
    outer loop
      vertex 29.020000000000003 -45.36 14.299999999999999
      vertex 29.176631430664067 -47.74973383364858 14.299999999999999
      vertex 29.176631430664067 -45.37026616635143 14.299999999999999
    endloop
  endfacet
  facet normal 0 0 1
    outer loop
      vertex 29.176631430664067 -45.37026616635143 14.299999999999999
      vertex 29.33058285412303 -47.719110991546884 14.299999999999999
      vertex 29.33058285412303 -45.40088900845312 14.299999999999999
    endloop
  endfacet
  facet normal 0 0 1
    outer loop
      vertex 29.020000000000003 -45.36 14.299999999999999
      vertex 29.020000000000003 -47.760000000000005 14.299999999999999
      vertex 29.176631430664067 -47.74973383364858 14.299999999999999
    endloop
  endfacet
  facet normal 0 0 1
    outer loop
      vertex 29.176631430664067 -45.37026616635143 14.299999999999999
      vertex 29.176631430664067 -47.74973383364858 14.299999999999999
      vertex 29.33058285412303 -47.719110991546884 14.299999999999999
    endloop
  endfacet
  facet normal 0 0 1
    outer loop
      vertex 29.33058285412303 -45.40088900845312 14.299999999999999
      vertex 29.47922011883811 -47.66865543901355 14.299999999999999
      vertex 29.47922011883811 -45.451344560986456 14.299999999999999
    endloop
  endfacet
  facet normal 0 0 1
    outer loop
      vertex 29.33058285412303 -45.40088900845312 14.299999999999999
      vertex 29.33058285412303 -47.719110991546884 14.299999999999999
      vertex 29.47922011883811 -47.66865543901355 14.299999999999999
    endloop
  endfacet
  facet normal 0 0 1
    outer loop
      vertex 29.47922011883811 -45.451344560986456 14.299999999999999
      vertex 29.620000000000005 -47.59923048454133 14.299999999999999
      vertex 29.620000000000005 -45.520769515458674 14.299999999999999
    endloop
  endfacet
  facet normal 0 0 1
    outer loop
      vertex 29.620000000000005 -45.520769515458674 14.299999999999999
      vertex 29.750513714810467 -47.512024008349485 14.299999999999999
      vertex 29.750513714810467 -45.60797599165052 14.299999999999999
    endloop
  endfacet
  facet normal 0 0 1
    outer loop
      vertex 29.47922011883811 -45.451344560986456 14.299999999999999
      vertex 29.47922011883811 -47.66865543901355 14.299999999999999
      vertex 29.620000000000005 -47.59923048454133 14.299999999999999
    endloop
  endfacet
  facet normal 0 0 1
    outer loop
      vertex 29.620000000000005 -45.520769515458674 14.299999999999999
      vertex 29.620000000000005 -47.59923048454133 14.299999999999999
      vertex 29.750513714810467 -47.512024008349485 14.299999999999999
    endloop
  endfacet
  facet normal 0 0 1
    outer loop
      vertex 29.750513714810467 -45.60797599165052 14.299999999999999
      vertex 29.86852813742386 -47.40852813742386 14.299999999999999
      vertex 29.86852813742386 -45.71147186257615 14.299999999999999
    endloop
  endfacet
  facet normal 0 0 1
    outer loop
      vertex 29.86852813742386 -45.71147186257615 14.299999999999999
      vertex 29.972024008349486 -47.290513714810466 14.299999999999999
      vertex 29.972024008349486 -45.82948628518954 14.299999999999999
    endloop
  endfacet
  facet normal 0 0 1
    outer loop
      vertex 29.750513714810467 -45.60797599165052 14.299999999999999
      vertex 29.750513714810467 -47.512024008349485 14.299999999999999
      vertex 29.86852813742386 -47.40852813742386 14.299999999999999
    endloop
  endfacet
  facet normal 0 0 1
    outer loop
      vertex 29.86852813742386 -45.71147186257615 14.299999999999999
      vertex 29.86852813742386 -47.40852813742386 14.299999999999999
      vertex 29.972024008349486 -47.290513714810466 14.299999999999999
    endloop
  endfacet
  facet normal 0 0 1
    outer loop
      vertex 29.972024008349486 -45.82948628518954 14.299999999999999
      vertex 30.05923048454133 -47.160000000000004 14.299999999999999
      vertex 30.05923048454133 -45.96 14.299999999999999
    endloop
  endfacet
  facet normal 0 0 1
    outer loop
      vertex 30.05923048454133 -45.96 14.299999999999999
      vertex 30.128655439013546 -47.01922011883811 14.299999999999999
      vertex 30.128655439013546 -46.10077988116189 14.299999999999999
    endloop
  endfacet
  facet normal 0 0 1
    outer loop
      vertex 30.128655439013546 -46.10077988116189 14.299999999999999
      vertex 30.179110991546885 -46.87058285412303 14.299999999999999
      vertex 30.179110991546885 -46.249417145876976 14.299999999999999
    endloop
  endfacet
  facet normal 0 0 1
    outer loop
      vertex 30.05923048454133 -45.96 14.299999999999999
      vertex 30.05923048454133 -47.160000000000004 14.299999999999999
      vertex 30.128655439013546 -47.01922011883811 14.299999999999999
    endloop
  endfacet
  facet normal 0 0 1
    outer loop
      vertex 30.128655439013546 -46.10077988116189 14.299999999999999
      vertex 30.128655439013546 -47.01922011883811 14.299999999999999
      vertex 30.179110991546885 -46.87058285412303 14.299999999999999
    endloop
  endfacet
  facet normal 0 0 1
    outer loop
      vertex 29.972024008349486 -45.82948628518954 14.299999999999999
      vertex 29.972024008349486 -47.290513714810466 14.299999999999999
      vertex 30.05923048454133 -47.160000000000004 14.299999999999999
    endloop
  endfacet
  facet normal 0 0 1
    outer loop
      vertex 30.179110991546885 -46.249417145876976 14.299999999999999
      vertex 30.209733833648574 -46.716631430664066 14.299999999999999
      vertex 30.209733833648574 -46.40336856933594 14.299999999999999
    endloop
  endfacet
  facet normal 0 0 1
    outer loop
      vertex 30.209733833648574 -46.40336856933594 14.299999999999999
      vertex 30.209733833648574 -46.716631430664066 14.299999999999999
      vertex 30.220000000000002 -46.56 14.299999999999999
    endloop
  endfacet
  facet normal 0 0 1
    outer loop
      vertex 30.179110991546885 -46.249417145876976 14.299999999999999
      vertex 30.179110991546885 -46.87058285412303 14.299999999999999
      vertex 30.209733833648574 -46.716631430664066 14.299999999999999
    endloop
  endfacet
  facet normal -0.8968727415326934 0.44228869021899087 -2.56929458529265e-19
    outer loop
      vertex 27.91134456098646 -46.10077988116189 14.299999999999999
      vertex 27.980769515458675 -45.96 14.299999999999999
      vertex 27.980769515458675 -45.96 2.3999999999999986
    endloop
  endfacet
  facet normal -0.8314696123025369 0.5555702330196146 -3.135465632028752e-19
    outer loop
      vertex 27.980769515458675 -45.96 14.299999999999999
      vertex 28.06797599165052 -45.82948628518954 14.299999999999999
      vertex 28.06797599165052 -45.82948628518954 2.3999999999999986
    endloop
  endfacet
  facet normal -0.7518398074789697 0.6593458151000776 3.359475401521732e-19
    outer loop
      vertex 28.06797599165052 -45.82948628518954 14.299999999999999
      vertex 28.171471862576148 -45.71147186257615 14.299999999999999
      vertex 28.171471862576148 -45.71147186257615 2.3999999999999986
    endloop
  endfacet
  facet normal -0.9978589232386033 0.06540312923014742 0
    outer loop
      vertex 27.830266166351432 -46.40336856933594 14.299999999999999
      vertex 27.830266166351432 -46.40336856933594 2.3999999999999986
      vertex 27.820000000000004 -46.56 14.299999999999999
    endloop
  endfacet
  facet normal -0.9978589232386033 -0.06540312923014742 0
    outer loop
      vertex 27.820000000000004 -46.56 14.299999999999999
      vertex 27.820000000000004 -46.56 2.3999999999999986
      vertex 27.830266166351432 -46.716631430664066 14.299999999999999
    endloop
  endfacet
  facet normal -0.9469301294951037 0.32143946530316764 7.849448620273341e-20
    outer loop
      vertex 27.86088900845312 -46.249417145876976 14.299999999999999
      vertex 27.91134456098646 -46.10077988116189 14.299999999999999
      vertex 27.91134456098646 -46.10077988116189 2.3999999999999986
    endloop
  endfacet
  facet normal -0.9807852804032324 0.1950903220161184 5.645417919884323e-20
    outer loop
      vertex 27.830266166351432 -46.40336856933594 14.299999999999999
      vertex 27.86088900845312 -46.249417145876976 14.299999999999999
      vertex 27.86088900845312 -46.249417145876976 2.3999999999999986
    endloop
  endfacet
  facet normal -0.9807852804032324 -0.1950903220161184 0
    outer loop
      vertex 27.830266166351432 -46.716631430664066 14.299999999999999
      vertex 27.830266166351432 -46.716631430664066 2.3999999999999986
      vertex 27.86088900845312 -46.87058285412303 14.299999999999999
    endloop
  endfacet
  facet normal -0.9469301294951037 -0.32143946530316764 0
    outer loop
      vertex 27.86088900845312 -46.87058285412303 14.299999999999999
      vertex 27.86088900845312 -46.87058285412303 2.3999999999999986
      vertex 27.91134456098646 -47.01922011883811 14.299999999999999
    endloop
  endfacet
  facet normal -0.8968727415326934 -0.44228869021899087 0
    outer loop
      vertex 27.91134456098646 -47.01922011883811 14.299999999999999
      vertex 27.91134456098646 -47.01922011883811 2.3999999999999986
      vertex 27.980769515458675 -47.160000000000004 14.299999999999999
    endloop
  endfacet
  facet normal -0.8314696123025369 -0.5555702330196146 0
    outer loop
      vertex 27.980769515458675 -47.160000000000004 14.299999999999999
      vertex 27.980769515458675 -47.160000000000004 2.3999999999999986
      vertex 28.06797599165052 -47.290513714810466 14.299999999999999
    endloop
  endfacet
  facet normal -0.7518398074789697 -0.6593458151000776 0
    outer loop
      vertex 28.06797599165052 -47.290513714810466 14.299999999999999
      vertex 28.06797599165052 -47.290513714810466 2.3999999999999986
      vertex 28.171471862576148 -47.40852813742386 14.299999999999999
    endloop
  endfacet
  facet normal -0.6593458151000776 0.7518398074789697 3.359475401521732e-19
    outer loop
      vertex 28.171471862576148 -45.71147186257615 14.299999999999999
      vertex 28.28948628518954 -45.60797599165052 14.299999999999999
      vertex 28.28948628518954 -45.60797599165052 2.3999999999999986
    endloop
  endfacet
  facet normal -0.5555702330196146 0.8314696123025369 -3.135465632028752e-19
    outer loop
      vertex 28.28948628518954 -45.60797599165052 14.299999999999999
      vertex 28.42 -45.520769515458674 14.299999999999999
      vertex 28.42 -45.520769515458674 2.3999999999999986
    endloop
  endfacet
  facet normal -0.4422886902190002 0.8968727415326889 2.069572777729536e-19
    outer loop
      vertex 28.42 -45.520769515458674 14.299999999999999
      vertex 28.560779881161896 -45.451344560986456 14.299999999999999
      vertex 28.560779881161896 -45.451344560986456 2.3999999999999986
    endloop
  endfacet
  facet normal -0.3214394653031542 0.9469301294951082 -1.463332469268403e-19
    outer loop
      vertex 28.560779881161896 -45.451344560986456 14.299999999999999
      vertex 28.709417145876976 -45.40088900845312 14.299999999999999
      vertex 28.709417145876976 -45.40088900845312 2.3999999999999986
    endloop
  endfacet
  facet normal -0.19509032201614018 0.9807852804032281 -1.3623606160134675e-19
    outer loop
      vertex 28.709417145876976 -45.40088900845312 14.299999999999999
      vertex 28.86336856933594 -45.37026616635143 14.299999999999999
      vertex 28.86336856933594 -45.37026616635143 2.3999999999999986
    endloop
  endfacet
  facet normal -0.06540312923014742 0.9978589232386033 -5.492847166935835e-20
    outer loop
      vertex 28.86336856933594 -45.37026616635143 14.299999999999999
      vertex 29.020000000000003 -45.36 14.299999999999999
      vertex 29.020000000000003 -45.36 2.3999999999999986
    endloop
  endfacet
  facet normal 0.06540312923014742 0.9978589232386033 5.492847166935835e-20
    outer loop
      vertex 29.020000000000003 -45.36 14.299999999999999
      vertex 29.176631430664067 -45.37026616635143 14.299999999999999
      vertex 29.176631430664067 -45.37026616635143 2.3999999999999986
    endloop
  endfacet
  facet normal 0.19509032201614018 0.9807852804032281 1.3623606160134675e-19
    outer loop
      vertex 29.176631430664067 -45.37026616635143 14.299999999999999
      vertex 29.33058285412303 -45.40088900845312 14.299999999999999
      vertex 29.33058285412303 -45.40088900845312 2.3999999999999986
    endloop
  endfacet
  facet normal 0.3214394653031542 0.9469301294951082 1.463332469268403e-19
    outer loop
      vertex 29.33058285412303 -45.40088900845312 14.299999999999999
      vertex 29.47922011883811 -45.451344560986456 14.299999999999999
      vertex 29.47922011883811 -45.451344560986456 2.3999999999999986
    endloop
  endfacet
  facet normal 0.4422886902190002 0.8968727415326889 -2.069572777729536e-19
    outer loop
      vertex 29.47922011883811 -45.451344560986456 14.299999999999999
      vertex 29.620000000000005 -45.520769515458674 14.299999999999999
      vertex 29.620000000000005 -45.520769515458674 2.3999999999999986
    endloop
  endfacet
  facet normal 0.5555702330196146 0.8314696123025369 3.135465632028752e-19
    outer loop
      vertex 29.620000000000005 -45.520769515458674 14.299999999999999
      vertex 29.750513714810467 -45.60797599165052 14.299999999999999
      vertex 29.750513714810467 -45.60797599165052 2.3999999999999986
    endloop
  endfacet
  facet normal 0.6593458151000776 0.7518398074789697 -3.359475401521732e-19
    outer loop
      vertex 29.750513714810467 -45.60797599165052 14.299999999999999
      vertex 29.86852813742386 -45.71147186257615 14.299999999999999
      vertex 29.86852813742386 -45.71147186257615 2.3999999999999986
    endloop
  endfacet
  facet normal 0.7518398074789697 0.6593458151000776 -3.359475401521732e-19
    outer loop
      vertex 29.86852813742386 -45.71147186257615 14.299999999999999
      vertex 29.972024008349486 -45.82948628518954 14.299999999999999
      vertex 29.972024008349486 -45.82948628518954 2.3999999999999986
    endloop
  endfacet
  facet normal 0.7518398074789697 -0.6593458151000776 0
    outer loop
      vertex 29.86852813742386 -47.40852813742386 14.299999999999999
      vertex 29.86852813742386 -47.40852813742386 2.3999999999999986
      vertex 29.972024008349486 -47.290513714810466 14.299999999999999
    endloop
  endfacet
  facet normal -0.6593458151000776 -0.7518398074789697 0
    outer loop
      vertex 28.171471862576148 -47.40852813742386 14.299999999999999
      vertex 28.171471862576148 -47.40852813742386 2.3999999999999986
      vertex 28.28948628518954 -47.512024008349485 14.299999999999999
    endloop
  endfacet
  facet normal -0.5555702330196146 -0.8314696123025369 0
    outer loop
      vertex 28.28948628518954 -47.512024008349485 14.299999999999999
      vertex 28.28948628518954 -47.512024008349485 2.3999999999999986
      vertex 28.42 -47.59923048454133 14.299999999999999
    endloop
  endfacet
  facet normal -0.4422886902190002 -0.8968727415326889 0
    outer loop
      vertex 28.42 -47.59923048454133 14.299999999999999
      vertex 28.42 -47.59923048454133 2.3999999999999986
      vertex 28.560779881161896 -47.66865543901355 14.299999999999999
    endloop
  endfacet
  facet normal -0.3214394653031542 -0.9469301294951082 0
    outer loop
      vertex 28.560779881161896 -47.66865543901355 14.299999999999999
      vertex 28.560779881161896 -47.66865543901355 2.3999999999999986
      vertex 28.709417145876976 -47.719110991546884 14.299999999999999
    endloop
  endfacet
  facet normal -0.19509032201614018 -0.9807852804032281 0
    outer loop
      vertex 28.709417145876976 -47.719110991546884 14.299999999999999
      vertex 28.709417145876976 -47.719110991546884 2.3999999999999986
      vertex 28.86336856933594 -47.74973383364858 14.299999999999999
    endloop
  endfacet
  facet normal -0.06540312923014742 -0.9978589232386033 0
    outer loop
      vertex 28.86336856933594 -47.74973383364858 14.299999999999999
      vertex 28.86336856933594 -47.74973383364858 2.3999999999999986
      vertex 29.020000000000003 -47.760000000000005 14.299999999999999
    endloop
  endfacet
  facet normal 0.06540312923014742 -0.9978589232386033 0
    outer loop
      vertex 29.020000000000003 -47.760000000000005 14.299999999999999
      vertex 29.020000000000003 -47.760000000000005 2.3999999999999986
      vertex 29.176631430664067 -47.74973383364858 14.299999999999999
    endloop
  endfacet
  facet normal 0.19509032201614018 -0.9807852804032281 0
    outer loop
      vertex 29.176631430664067 -47.74973383364858 14.299999999999999
      vertex 29.176631430664067 -47.74973383364858 2.3999999999999986
      vertex 29.33058285412303 -47.719110991546884 14.299999999999999
    endloop
  endfacet
  facet normal 0.3214394653031542 -0.9469301294951082 0
    outer loop
      vertex 29.33058285412303 -47.719110991546884 14.299999999999999
      vertex 29.33058285412303 -47.719110991546884 2.3999999999999986
      vertex 29.47922011883811 -47.66865543901355 14.299999999999999
    endloop
  endfacet
  facet normal 0.4422886902190002 -0.8968727415326889 0
    outer loop
      vertex 29.47922011883811 -47.66865543901355 14.299999999999999
      vertex 29.47922011883811 -47.66865543901355 2.3999999999999986
      vertex 29.620000000000005 -47.59923048454133 14.299999999999999
    endloop
  endfacet
  facet normal 0.5555702330196146 -0.8314696123025369 0
    outer loop
      vertex 29.620000000000005 -47.59923048454133 14.299999999999999
      vertex 29.620000000000005 -47.59923048454133 2.3999999999999986
      vertex 29.750513714810467 -47.512024008349485 14.299999999999999
    endloop
  endfacet
  facet normal 0.6593458151000776 -0.7518398074789697 0
    outer loop
      vertex 29.750513714810467 -47.512024008349485 14.299999999999999
      vertex 29.750513714810467 -47.512024008349485 2.3999999999999986
      vertex 29.86852813742386 -47.40852813742386 14.299999999999999
    endloop
  endfacet
  facet normal 0.8314696123025369 0.5555702330196146 3.135465632028752e-19
    outer loop
      vertex 29.972024008349486 -45.82948628518954 14.299999999999999
      vertex 30.05923048454133 -45.96 14.299999999999999
      vertex 30.05923048454133 -45.96 2.3999999999999986
    endloop
  endfacet
  facet normal 0.8968727415326934 0.44228869021899087 2.56929458529265e-19
    outer loop
      vertex 30.05923048454133 -45.96 14.299999999999999
      vertex 30.128655439013546 -46.10077988116189 14.299999999999999
      vertex 30.128655439013546 -46.10077988116189 2.3999999999999986
    endloop
  endfacet
  facet normal 0.9469301294951037 0.32143946530316764 -7.849448620273341e-20
    outer loop
      vertex 30.128655439013546 -46.10077988116189 14.299999999999999
      vertex 30.179110991546885 -46.249417145876976 14.299999999999999
      vertex 30.179110991546885 -46.249417145876976 2.3999999999999986
    endloop
  endfacet
  facet normal 0.8314696123025369 -0.5555702330196146 0
    outer loop
      vertex 29.972024008349486 -47.290513714810466 14.299999999999999
      vertex 29.972024008349486 -47.290513714810466 2.3999999999999986
      vertex 30.05923048454133 -47.160000000000004 14.299999999999999
    endloop
  endfacet
  facet normal 0.9469301294951037 -0.32143946530316764 0
    outer loop
      vertex 30.128655439013546 -47.01922011883811 14.299999999999999
      vertex 30.128655439013546 -47.01922011883811 2.3999999999999986
      vertex 30.179110991546885 -46.87058285412303 14.299999999999999
    endloop
  endfacet
  facet normal 0.8968727415326934 -0.44228869021899087 0
    outer loop
      vertex 30.05923048454133 -47.160000000000004 14.299999999999999
      vertex 30.05923048454133 -47.160000000000004 2.3999999999999986
      vertex 30.128655439013546 -47.01922011883811 14.299999999999999
    endloop
  endfacet
  facet normal 0.9807852804032324 0.1950903220161184 -5.645417919884323e-20
    outer loop
      vertex 30.179110991546885 -46.249417145876976 14.299999999999999
      vertex 30.209733833648574 -46.40336856933594 14.299999999999999
      vertex 30.209733833648574 -46.40336856933594 2.3999999999999986
    endloop
  endfacet
  facet normal 0.9978589232386033 0.06540312923014742 5.492847166935835e-20
    outer loop
      vertex 30.209733833648574 -46.40336856933594 14.299999999999999
      vertex 30.220000000000002 -46.56 14.299999999999999
      vertex 30.220000000000002 -46.56 2.3999999999999986
    endloop
  endfacet
  facet normal 0.9978589232386033 -0.06540312923014742 -5.492847166935835e-20
    outer loop
      vertex 30.220000000000002 -46.56 14.299999999999999
      vertex 30.209733833648574 -46.716631430664066 14.299999999999999
      vertex 30.209733833648574 -46.716631430664066 2.3999999999999986
    endloop
  endfacet
  facet normal 0.9807852804032324 -0.1950903220161184 0
    outer loop
      vertex 30.179110991546885 -46.87058285412303 14.299999999999999
      vertex 30.179110991546885 -46.87058285412303 2.3999999999999986
      vertex 30.209733833648574 -46.716631430664066 14.299999999999999
    endloop
  endfacet
  facet normal -0.8968727415326934 0.44228869021899087 0
    outer loop
      vertex 27.91134456098646 -46.10077988116189 14.299999999999999
      vertex 27.980769515458675 -45.96 2.3999999999999986
      vertex 27.91134456098646 -46.10077988116189 2.3999999999999986
    endloop
  endfacet
  facet normal -0.8314696123025369 0.5555702330196146 0
    outer loop
      vertex 27.980769515458675 -45.96 14.299999999999999
      vertex 28.06797599165052 -45.82948628518954 2.3999999999999986
      vertex 27.980769515458675 -45.96 2.3999999999999986
    endloop
  endfacet
  facet normal -0.7518398074789697 0.6593458151000776 0
    outer loop
      vertex 28.06797599165052 -45.82948628518954 14.299999999999999
      vertex 28.171471862576148 -45.71147186257615 2.3999999999999986
      vertex 28.06797599165052 -45.82948628518954 2.3999999999999986
    endloop
  endfacet
  facet normal -0.9807852804032324 0.1950903220161184 0
    outer loop
      vertex 27.830266166351432 -46.40336856933594 14.299999999999999
      vertex 27.86088900845312 -46.249417145876976 2.3999999999999986
      vertex 27.830266166351432 -46.40336856933594 2.3999999999999986
    endloop
  endfacet
  facet normal -0.9978589232386033 0.06540312923014742 0
    outer loop
      vertex 27.820000000000004 -46.56 14.299999999999999
      vertex 27.830266166351432 -46.40336856933594 2.3999999999999986
      vertex 27.820000000000004 -46.56 2.3999999999999986
    endloop
  endfacet
  facet normal -0.9978589232386033 -0.06540312923014742 0
    outer loop
      vertex 27.830266166351432 -46.716631430664066 14.299999999999999
      vertex 27.820000000000004 -46.56 2.3999999999999986
      vertex 27.830266166351432 -46.716631430664066 2.3999999999999986
    endloop
  endfacet
  facet normal -0.9469301294951037 0.32143946530316764 0
    outer loop
      vertex 27.86088900845312 -46.249417145876976 14.299999999999999
      vertex 27.91134456098646 -46.10077988116189 2.3999999999999986
      vertex 27.86088900845312 -46.249417145876976 2.3999999999999986
    endloop
  endfacet
  facet normal -0.9807852804032324 -0.1950903220161184 0
    outer loop
      vertex 27.86088900845312 -46.87058285412303 14.299999999999999
      vertex 27.830266166351432 -46.716631430664066 2.3999999999999986
      vertex 27.86088900845312 -46.87058285412303 2.3999999999999986
    endloop
  endfacet
  facet normal -0.9469301294951037 -0.32143946530316764 0
    outer loop
      vertex 27.91134456098646 -47.01922011883811 14.299999999999999
      vertex 27.86088900845312 -46.87058285412303 2.3999999999999986
      vertex 27.91134456098646 -47.01922011883811 2.3999999999999986
    endloop
  endfacet
  facet normal -0.8968727415326934 -0.44228869021899087 0
    outer loop
      vertex 27.980769515458675 -47.160000000000004 14.299999999999999
      vertex 27.91134456098646 -47.01922011883811 2.3999999999999986
      vertex 27.980769515458675 -47.160000000000004 2.3999999999999986
    endloop
  endfacet
  facet normal -0.8314696123025369 -0.5555702330196146 0
    outer loop
      vertex 28.06797599165052 -47.290513714810466 14.299999999999999
      vertex 27.980769515458675 -47.160000000000004 2.3999999999999986
      vertex 28.06797599165052 -47.290513714810466 2.3999999999999986
    endloop
  endfacet
  facet normal -0.7518398074789697 -0.6593458151000776 0
    outer loop
      vertex 28.171471862576148 -47.40852813742386 14.299999999999999
      vertex 28.06797599165052 -47.290513714810466 2.3999999999999986
      vertex 28.171471862576148 -47.40852813742386 2.3999999999999986
    endloop
  endfacet
  facet normal -0.6593458151000776 0.7518398074789697 0
    outer loop
      vertex 28.171471862576148 -45.71147186257615 14.299999999999999
      vertex 28.28948628518954 -45.60797599165052 2.3999999999999986
      vertex 28.171471862576148 -45.71147186257615 2.3999999999999986
    endloop
  endfacet
  facet normal -0.5555702330196146 0.8314696123025369 0
    outer loop
      vertex 28.28948628518954 -45.60797599165052 14.299999999999999
      vertex 28.42 -45.520769515458674 2.3999999999999986
      vertex 28.28948628518954 -45.60797599165052 2.3999999999999986
    endloop
  endfacet
  facet normal -0.4422886902190002 0.8968727415326889 0
    outer loop
      vertex 28.42 -45.520769515458674 14.299999999999999
      vertex 28.560779881161896 -45.451344560986456 2.3999999999999986
      vertex 28.42 -45.520769515458674 2.3999999999999986
    endloop
  endfacet
  facet normal -0.3214394653031542 0.9469301294951082 0
    outer loop
      vertex 28.560779881161896 -45.451344560986456 14.299999999999999
      vertex 28.709417145876976 -45.40088900845312 2.3999999999999986
      vertex 28.560779881161896 -45.451344560986456 2.3999999999999986
    endloop
  endfacet
  facet normal -0.19509032201614018 0.9807852804032281 0
    outer loop
      vertex 28.709417145876976 -45.40088900845312 14.299999999999999
      vertex 28.86336856933594 -45.37026616635143 2.3999999999999986
      vertex 28.709417145876976 -45.40088900845312 2.3999999999999986
    endloop
  endfacet
  facet normal -0.06540312923014742 0.9978589232386033 0
    outer loop
      vertex 28.86336856933594 -45.37026616635143 14.299999999999999
      vertex 29.020000000000003 -45.36 2.3999999999999986
      vertex 28.86336856933594 -45.37026616635143 2.3999999999999986
    endloop
  endfacet
  facet normal 0.06540312923014742 0.9978589232386033 0
    outer loop
      vertex 29.020000000000003 -45.36 14.299999999999999
      vertex 29.176631430664067 -45.37026616635143 2.3999999999999986
      vertex 29.020000000000003 -45.36 2.3999999999999986
    endloop
  endfacet
  facet normal 0.19509032201614018 0.9807852804032281 0
    outer loop
      vertex 29.176631430664067 -45.37026616635143 14.299999999999999
      vertex 29.33058285412303 -45.40088900845312 2.3999999999999986
      vertex 29.176631430664067 -45.37026616635143 2.3999999999999986
    endloop
  endfacet
  facet normal 0.3214394653031542 0.9469301294951082 0
    outer loop
      vertex 29.33058285412303 -45.40088900845312 14.299999999999999
      vertex 29.47922011883811 -45.451344560986456 2.3999999999999986
      vertex 29.33058285412303 -45.40088900845312 2.3999999999999986
    endloop
  endfacet
  facet normal 0.4422886902190002 0.8968727415326889 0
    outer loop
      vertex 29.47922011883811 -45.451344560986456 14.299999999999999
      vertex 29.620000000000005 -45.520769515458674 2.3999999999999986
      vertex 29.47922011883811 -45.451344560986456 2.3999999999999986
    endloop
  endfacet
  facet normal 0.5555702330196146 0.8314696123025369 0
    outer loop
      vertex 29.620000000000005 -45.520769515458674 14.299999999999999
      vertex 29.750513714810467 -45.60797599165052 2.3999999999999986
      vertex 29.620000000000005 -45.520769515458674 2.3999999999999986
    endloop
  endfacet
  facet normal 0.6593458151000776 0.7518398074789697 0
    outer loop
      vertex 29.750513714810467 -45.60797599165052 14.299999999999999
      vertex 29.86852813742386 -45.71147186257615 2.3999999999999986
      vertex 29.750513714810467 -45.60797599165052 2.3999999999999986
    endloop
  endfacet
  facet normal 0.7518398074789697 0.6593458151000776 0
    outer loop
      vertex 29.86852813742386 -45.71147186257615 14.299999999999999
      vertex 29.972024008349486 -45.82948628518954 2.3999999999999986
      vertex 29.86852813742386 -45.71147186257615 2.3999999999999986
    endloop
  endfacet
  facet normal 0.7518398074789697 -0.6593458151000776 0
    outer loop
      vertex 29.972024008349486 -47.290513714810466 14.299999999999999
      vertex 29.86852813742386 -47.40852813742386 2.3999999999999986
      vertex 29.972024008349486 -47.290513714810466 2.3999999999999986
    endloop
  endfacet
  facet normal -0.6593458151000776 -0.7518398074789697 0
    outer loop
      vertex 28.28948628518954 -47.512024008349485 14.299999999999999
      vertex 28.171471862576148 -47.40852813742386 2.3999999999999986
      vertex 28.28948628518954 -47.512024008349485 2.3999999999999986
    endloop
  endfacet
  facet normal -0.5555702330196146 -0.8314696123025369 0
    outer loop
      vertex 28.42 -47.59923048454133 14.299999999999999
      vertex 28.28948628518954 -47.512024008349485 2.3999999999999986
      vertex 28.42 -47.59923048454133 2.3999999999999986
    endloop
  endfacet
  facet normal -0.4422886902190002 -0.8968727415326889 0
    outer loop
      vertex 28.560779881161896 -47.66865543901355 14.299999999999999
      vertex 28.42 -47.59923048454133 2.3999999999999986
      vertex 28.560779881161896 -47.66865543901355 2.3999999999999986
    endloop
  endfacet
  facet normal -0.3214394653031542 -0.9469301294951082 0
    outer loop
      vertex 28.709417145876976 -47.719110991546884 14.299999999999999
      vertex 28.560779881161896 -47.66865543901355 2.3999999999999986
      vertex 28.709417145876976 -47.719110991546884 2.3999999999999986
    endloop
  endfacet
  facet normal -0.19509032201614018 -0.9807852804032281 0
    outer loop
      vertex 28.86336856933594 -47.74973383364858 14.299999999999999
      vertex 28.709417145876976 -47.719110991546884 2.3999999999999986
      vertex 28.86336856933594 -47.74973383364858 2.3999999999999986
    endloop
  endfacet
  facet normal -0.06540312923014742 -0.9978589232386033 0
    outer loop
      vertex 29.020000000000003 -47.760000000000005 14.299999999999999
      vertex 28.86336856933594 -47.74973383364858 2.3999999999999986
      vertex 29.020000000000003 -47.760000000000005 2.3999999999999986
    endloop
  endfacet
  facet normal 0.06540312923014742 -0.9978589232386033 0
    outer loop
      vertex 29.176631430664067 -47.74973383364858 14.299999999999999
      vertex 29.020000000000003 -47.760000000000005 2.3999999999999986
      vertex 29.176631430664067 -47.74973383364858 2.3999999999999986
    endloop
  endfacet
  facet normal 0.19509032201614018 -0.9807852804032281 0
    outer loop
      vertex 29.33058285412303 -47.719110991546884 14.299999999999999
      vertex 29.176631430664067 -47.74973383364858 2.3999999999999986
      vertex 29.33058285412303 -47.719110991546884 2.3999999999999986
    endloop
  endfacet
  facet normal 0.3214394653031542 -0.9469301294951082 0
    outer loop
      vertex 29.47922011883811 -47.66865543901355 14.299999999999999
      vertex 29.33058285412303 -47.719110991546884 2.3999999999999986
      vertex 29.47922011883811 -47.66865543901355 2.3999999999999986
    endloop
  endfacet
  facet normal 0.4422886902190002 -0.8968727415326889 0
    outer loop
      vertex 29.620000000000005 -47.59923048454133 14.299999999999999
      vertex 29.47922011883811 -47.66865543901355 2.3999999999999986
      vertex 29.620000000000005 -47.59923048454133 2.3999999999999986
    endloop
  endfacet
  facet normal 0.5555702330196146 -0.8314696123025369 0
    outer loop
      vertex 29.750513714810467 -47.512024008349485 14.299999999999999
      vertex 29.620000000000005 -47.59923048454133 2.3999999999999986
      vertex 29.750513714810467 -47.512024008349485 2.3999999999999986
    endloop
  endfacet
  facet normal 0.6593458151000776 -0.7518398074789697 0
    outer loop
      vertex 29.86852813742386 -47.40852813742386 14.299999999999999
      vertex 29.750513714810467 -47.512024008349485 2.3999999999999986
      vertex 29.86852813742386 -47.40852813742386 2.3999999999999986
    endloop
  endfacet
  facet normal 0.8314696123025369 0.5555702330196146 0
    outer loop
      vertex 29.972024008349486 -45.82948628518954 14.299999999999999
      vertex 30.05923048454133 -45.96 2.3999999999999986
      vertex 29.972024008349486 -45.82948628518954 2.3999999999999986
    endloop
  endfacet
  facet normal 0.8968727415326934 0.44228869021899087 0
    outer loop
      vertex 30.05923048454133 -45.96 14.299999999999999
      vertex 30.128655439013546 -46.10077988116189 2.3999999999999986
      vertex 30.05923048454133 -45.96 2.3999999999999986
    endloop
  endfacet
  facet normal 0.9469301294951037 0.32143946530316764 0
    outer loop
      vertex 30.128655439013546 -46.10077988116189 14.299999999999999
      vertex 30.179110991546885 -46.249417145876976 2.3999999999999986
      vertex 30.128655439013546 -46.10077988116189 2.3999999999999986
    endloop
  endfacet
  facet normal 0.8314696123025369 -0.5555702330196146 0
    outer loop
      vertex 30.05923048454133 -47.160000000000004 14.299999999999999
      vertex 29.972024008349486 -47.290513714810466 2.3999999999999986
      vertex 30.05923048454133 -47.160000000000004 2.3999999999999986
    endloop
  endfacet
  facet normal 0.8968727415326934 -0.44228869021899087 0
    outer loop
      vertex 30.128655439013546 -47.01922011883811 14.299999999999999
      vertex 30.05923048454133 -47.160000000000004 2.3999999999999986
      vertex 30.128655439013546 -47.01922011883811 2.3999999999999986
    endloop
  endfacet
  facet normal 0.9469301294951037 -0.32143946530316764 0
    outer loop
      vertex 30.179110991546885 -46.87058285412303 14.299999999999999
      vertex 30.128655439013546 -47.01922011883811 2.3999999999999986
      vertex 30.179110991546885 -46.87058285412303 2.3999999999999986
    endloop
  endfacet
  facet normal 0.9807852804032324 0.1950903220161184 0
    outer loop
      vertex 30.179110991546885 -46.249417145876976 14.299999999999999
      vertex 30.209733833648574 -46.40336856933594 2.3999999999999986
      vertex 30.179110991546885 -46.249417145876976 2.3999999999999986
    endloop
  endfacet
  facet normal 0.9978589232386033 0.06540312923014742 0
    outer loop
      vertex 30.209733833648574 -46.40336856933594 14.299999999999999
      vertex 30.220000000000002 -46.56 2.3999999999999986
      vertex 30.209733833648574 -46.40336856933594 2.3999999999999986
    endloop
  endfacet
  facet normal 0.9978589232386033 -0.06540312923014742 0
    outer loop
      vertex 30.220000000000002 -46.56 14.299999999999999
      vertex 30.209733833648574 -46.716631430664066 2.3999999999999986
      vertex 30.220000000000002 -46.56 2.3999999999999986
    endloop
  endfacet
  facet normal 0.9807852804032324 -0.1950903220161184 0
    outer loop
      vertex 30.209733833648574 -46.716631430664066 14.299999999999999
      vertex 30.179110991546885 -46.87058285412303 2.3999999999999986
      vertex 30.209733833648574 -46.716631430664066 2.3999999999999986
    endloop
  endfacet
  facet normal 0 0 1
    outer loop
      vertex 27.91134456098646 -61.88077988116189 14.299999999999999
      vertex 27.980769515458675 -62.940000000000005 14.299999999999999
      vertex 27.980769515458675 -61.74 14.299999999999999
    endloop
  endfacet
  facet normal 0 0 1
    outer loop
      vertex 27.980769515458675 -61.74 14.299999999999999
      vertex 28.06797599165052 -63.07051371481047 14.299999999999999
      vertex 28.06797599165052 -61.60948628518954 14.299999999999999
    endloop
  endfacet
  facet normal 0 0 1
    outer loop
      vertex 28.06797599165052 -61.60948628518954 14.299999999999999
      vertex 28.171471862576148 -63.18852813742386 14.299999999999999
      vertex 28.171471862576148 -61.49147186257615 14.299999999999999
    endloop
  endfacet
  facet normal 0 0 1
    outer loop
      vertex 27.830266166351432 -62.18336856933594 14.299999999999999
      vertex 27.820000000000004 -62.34 14.299999999999999
      vertex 27.830266166351432 -62.49663143066407 14.299999999999999
    endloop
  endfacet
  facet normal 0 0 1
    outer loop
      vertex 27.830266166351432 -62.18336856933594 14.299999999999999
      vertex 27.830266166351432 -62.49663143066407 14.299999999999999
      vertex 27.86088900845312 -62.65058285412303 14.299999999999999
    endloop
  endfacet
  facet normal 0 0 1
    outer loop
      vertex 27.830266166351432 -62.18336856933594 14.299999999999999
      vertex 27.86088900845312 -62.65058285412303 14.299999999999999
      vertex 27.86088900845312 -62.02941714587698 14.299999999999999
    endloop
  endfacet
  facet normal 0 0 1
    outer loop
      vertex 27.86088900845312 -62.02941714587698 14.299999999999999
      vertex 27.91134456098646 -62.799220118838115 14.299999999999999
      vertex 27.91134456098646 -61.88077988116189 14.299999999999999
    endloop
  endfacet
  facet normal 0 0 1
    outer loop
      vertex 27.86088900845312 -62.02941714587698 14.299999999999999
      vertex 27.86088900845312 -62.65058285412303 14.299999999999999
      vertex 27.91134456098646 -62.799220118838115 14.299999999999999
    endloop
  endfacet
  facet normal 0 0 1
    outer loop
      vertex 27.91134456098646 -61.88077988116189 14.299999999999999
      vertex 27.91134456098646 -62.799220118838115 14.299999999999999
      vertex 27.980769515458675 -62.940000000000005 14.299999999999999
    endloop
  endfacet
  facet normal 0 0 1
    outer loop
      vertex 27.980769515458675 -61.74 14.299999999999999
      vertex 27.980769515458675 -62.940000000000005 14.299999999999999
      vertex 28.06797599165052 -63.07051371481047 14.299999999999999
    endloop
  endfacet
  facet normal 0 0 1
    outer loop
      vertex 28.06797599165052 -61.60948628518954 14.299999999999999
      vertex 28.06797599165052 -63.07051371481047 14.299999999999999
      vertex 28.171471862576148 -63.18852813742386 14.299999999999999
    endloop
  endfacet
  facet normal 0 0 1
    outer loop
      vertex 28.171471862576148 -61.49147186257615 14.299999999999999
      vertex 28.28948628518954 -63.292024008349486 14.299999999999999
      vertex 28.28948628518954 -61.38797599165052 14.299999999999999
    endloop
  endfacet
  facet normal 0 0 1
    outer loop
      vertex 28.28948628518954 -61.38797599165052 14.299999999999999
      vertex 28.42 -63.37923048454133 14.299999999999999
      vertex 28.42 -61.300769515458676 14.299999999999999
    endloop
  endfacet
  facet normal 0 0 1
    outer loop
      vertex 28.42 -61.300769515458676 14.299999999999999
      vertex 28.560779881161896 -63.44865543901355 14.299999999999999
      vertex 28.560779881161896 -61.23134456098646 14.299999999999999
    endloop
  endfacet
  facet normal 0 0 1
    outer loop
      vertex 28.560779881161896 -61.23134456098646 14.299999999999999
      vertex 28.709417145876976 -63.499110991546885 14.299999999999999
      vertex 28.709417145876976 -61.18088900845312 14.299999999999999
    endloop
  endfacet
  facet normal 0 0 1
    outer loop
      vertex 28.709417145876976 -61.18088900845312 14.299999999999999
      vertex 28.86336856933594 -63.52973383364858 14.299999999999999
      vertex 28.86336856933594 -61.15026616635143 14.299999999999999
    endloop
  endfacet
  facet normal 0 0 1
    outer loop
      vertex 28.86336856933594 -61.15026616635143 14.299999999999999
      vertex 29.020000000000003 -63.540000000000006 14.299999999999999
      vertex 29.020000000000003 -61.14 14.299999999999999
    endloop
  endfacet
  facet normal 0 0 1
    outer loop
      vertex 29.020000000000003 -61.14 14.299999999999999
      vertex 29.176631430664067 -63.52973383364858 14.299999999999999
      vertex 29.176631430664067 -61.15026616635143 14.299999999999999
    endloop
  endfacet
  facet normal 0 0 1
    outer loop
      vertex 29.176631430664067 -61.15026616635143 14.299999999999999
      vertex 29.33058285412303 -63.499110991546885 14.299999999999999
      vertex 29.33058285412303 -61.18088900845312 14.299999999999999
    endloop
  endfacet
  facet normal 0 0 1
    outer loop
      vertex 29.33058285412303 -61.18088900845312 14.299999999999999
      vertex 29.47922011883811 -63.44865543901355 14.299999999999999
      vertex 29.47922011883811 -61.23134456098646 14.299999999999999
    endloop
  endfacet
  facet normal 0 0 1
    outer loop
      vertex 29.47922011883811 -61.23134456098646 14.299999999999999
      vertex 29.620000000000005 -63.37923048454133 14.299999999999999
      vertex 29.620000000000005 -61.300769515458676 14.299999999999999
    endloop
  endfacet
  facet normal 0 0 1
    outer loop
      vertex 29.620000000000005 -61.300769515458676 14.299999999999999
      vertex 29.750513714810467 -63.292024008349486 14.299999999999999
      vertex 29.750513714810467 -61.38797599165052 14.299999999999999
    endloop
  endfacet
  facet normal 0 0 1
    outer loop
      vertex 29.750513714810467 -61.38797599165052 14.299999999999999
      vertex 29.86852813742386 -63.18852813742386 14.299999999999999
      vertex 29.86852813742386 -61.49147186257615 14.299999999999999
    endloop
  endfacet
  facet normal 0 0 1
    outer loop
      vertex 29.86852813742386 -61.49147186257615 14.299999999999999
      vertex 29.972024008349486 -63.07051371481047 14.299999999999999
      vertex 29.972024008349486 -61.60948628518954 14.299999999999999
    endloop
  endfacet
  facet normal 0 0 1
    outer loop
      vertex 28.171471862576148 -61.49147186257615 14.299999999999999
      vertex 28.171471862576148 -63.18852813742386 14.299999999999999
      vertex 28.28948628518954 -63.292024008349486 14.299999999999999
    endloop
  endfacet
  facet normal 0 0 1
    outer loop
      vertex 28.28948628518954 -61.38797599165052 14.299999999999999
      vertex 28.28948628518954 -63.292024008349486 14.299999999999999
      vertex 28.42 -63.37923048454133 14.299999999999999
    endloop
  endfacet
  facet normal 0 0 1
    outer loop
      vertex 28.42 -61.300769515458676 14.299999999999999
      vertex 28.42 -63.37923048454133 14.299999999999999
      vertex 28.560779881161896 -63.44865543901355 14.299999999999999
    endloop
  endfacet
  facet normal 0 0 1
    outer loop
      vertex 28.560779881161896 -61.23134456098646 14.299999999999999
      vertex 28.560779881161896 -63.44865543901355 14.299999999999999
      vertex 28.709417145876976 -63.499110991546885 14.299999999999999
    endloop
  endfacet
  facet normal 0 0 1
    outer loop
      vertex 28.709417145876976 -61.18088900845312 14.299999999999999
      vertex 28.709417145876976 -63.499110991546885 14.299999999999999
      vertex 28.86336856933594 -63.52973383364858 14.299999999999999
    endloop
  endfacet
  facet normal 0 0 1
    outer loop
      vertex 28.86336856933594 -61.15026616635143 14.299999999999999
      vertex 28.86336856933594 -63.52973383364858 14.299999999999999
      vertex 29.020000000000003 -63.540000000000006 14.299999999999999
    endloop
  endfacet
  facet normal 0 0 1
    outer loop
      vertex 29.020000000000003 -61.14 14.299999999999999
      vertex 29.020000000000003 -63.540000000000006 14.299999999999999
      vertex 29.176631430664067 -63.52973383364858 14.299999999999999
    endloop
  endfacet
  facet normal 0 0 1
    outer loop
      vertex 29.176631430664067 -61.15026616635143 14.299999999999999
      vertex 29.176631430664067 -63.52973383364858 14.299999999999999
      vertex 29.33058285412303 -63.499110991546885 14.299999999999999
    endloop
  endfacet
  facet normal 0 0 1
    outer loop
      vertex 29.33058285412303 -61.18088900845312 14.299999999999999
      vertex 29.33058285412303 -63.499110991546885 14.299999999999999
      vertex 29.47922011883811 -63.44865543901355 14.299999999999999
    endloop
  endfacet
  facet normal 0 0 1
    outer loop
      vertex 29.47922011883811 -61.23134456098646 14.299999999999999
      vertex 29.47922011883811 -63.44865543901355 14.299999999999999
      vertex 29.620000000000005 -63.37923048454133 14.299999999999999
    endloop
  endfacet
  facet normal 0 0 1
    outer loop
      vertex 29.620000000000005 -61.300769515458676 14.299999999999999
      vertex 29.620000000000005 -63.37923048454133 14.299999999999999
      vertex 29.750513714810467 -63.292024008349486 14.299999999999999
    endloop
  endfacet
  facet normal 0 0 1
    outer loop
      vertex 29.750513714810467 -61.38797599165052 14.299999999999999
      vertex 29.750513714810467 -63.292024008349486 14.299999999999999
      vertex 29.86852813742386 -63.18852813742386 14.299999999999999
    endloop
  endfacet
  facet normal 0 0 1
    outer loop
      vertex 29.86852813742386 -61.49147186257615 14.299999999999999
      vertex 29.86852813742386 -63.18852813742386 14.299999999999999
      vertex 29.972024008349486 -63.07051371481047 14.299999999999999
    endloop
  endfacet
  facet normal 0 0 1
    outer loop
      vertex 29.972024008349486 -61.60948628518954 14.299999999999999
      vertex 30.05923048454133 -62.940000000000005 14.299999999999999
      vertex 30.05923048454133 -61.74 14.299999999999999
    endloop
  endfacet
  facet normal 0 0 1
    outer loop
      vertex 30.05923048454133 -61.74 14.299999999999999
      vertex 30.128655439013546 -62.799220118838115 14.299999999999999
      vertex 30.128655439013546 -61.88077988116189 14.299999999999999
    endloop
  endfacet
  facet normal 0 0 1
    outer loop
      vertex 30.128655439013546 -61.88077988116189 14.299999999999999
      vertex 30.179110991546885 -62.65058285412303 14.299999999999999
      vertex 30.179110991546885 -62.02941714587698 14.299999999999999
    endloop
  endfacet
  facet normal 0 0 1
    outer loop
      vertex 29.972024008349486 -61.60948628518954 14.299999999999999
      vertex 29.972024008349486 -63.07051371481047 14.299999999999999
      vertex 30.05923048454133 -62.940000000000005 14.299999999999999
    endloop
  endfacet
  facet normal 0 0 1
    outer loop
      vertex 30.05923048454133 -61.74 14.299999999999999
      vertex 30.05923048454133 -62.940000000000005 14.299999999999999
      vertex 30.128655439013546 -62.799220118838115 14.299999999999999
    endloop
  endfacet
  facet normal 0 0 1
    outer loop
      vertex 30.128655439013546 -61.88077988116189 14.299999999999999
      vertex 30.128655439013546 -62.799220118838115 14.299999999999999
      vertex 30.179110991546885 -62.65058285412303 14.299999999999999
    endloop
  endfacet
  facet normal 0 0 1
    outer loop
      vertex 30.179110991546885 -62.02941714587698 14.299999999999999
      vertex 30.209733833648574 -62.49663143066407 14.299999999999999
      vertex 30.209733833648574 -62.18336856933594 14.299999999999999
    endloop
  endfacet
  facet normal 0 0 1
    outer loop
      vertex 30.209733833648574 -62.18336856933594 14.299999999999999
      vertex 30.209733833648574 -62.49663143066407 14.299999999999999
      vertex 30.220000000000002 -62.34 14.299999999999999
    endloop
  endfacet
  facet normal 0 0 1
    outer loop
      vertex 30.179110991546885 -62.02941714587698 14.299999999999999
      vertex 30.179110991546885 -62.65058285412303 14.299999999999999
      vertex 30.209733833648574 -62.49663143066407 14.299999999999999
    endloop
  endfacet
  facet normal -0.9469301294951037 0.32143946530316764 7.849448620273341e-20
    outer loop
      vertex 27.86088900845312 -62.02941714587698 14.299999999999999
      vertex 27.91134456098646 -61.88077988116189 14.299999999999999
      vertex 27.91134456098646 -61.88077988116189 2.3999999999999986
    endloop
  endfacet
  facet normal -0.9807852804032324 0.1950903220161184 5.645417919884323e-20
    outer loop
      vertex 27.830266166351432 -62.18336856933594 14.299999999999999
      vertex 27.86088900845312 -62.02941714587698 14.299999999999999
      vertex 27.86088900845312 -62.02941714587698 2.3999999999999986
    endloop
  endfacet
  facet normal -0.7518398074789697 0.6593458151000776 3.359475401521732e-19
    outer loop
      vertex 28.06797599165052 -61.60948628518954 14.299999999999999
      vertex 28.171471862576148 -61.49147186257615 14.299999999999999
      vertex 28.171471862576148 -61.49147186257615 2.3999999999999986
    endloop
  endfacet
  facet normal -0.8968727415326934 0.44228869021899087 -2.56929458529265e-19
    outer loop
      vertex 27.91134456098646 -61.88077988116189 14.299999999999999
      vertex 27.980769515458675 -61.74 14.299999999999999
      vertex 27.980769515458675 -61.74 2.3999999999999986
    endloop
  endfacet
  facet normal -0.8314696123025369 0.5555702330196146 -3.135465632028752e-19
    outer loop
      vertex 27.980769515458675 -61.74 14.299999999999999
      vertex 28.06797599165052 -61.60948628518954 14.299999999999999
      vertex 28.06797599165052 -61.60948628518954 2.3999999999999986
    endloop
  endfacet
  facet normal -0.9978589232386033 0.06540312923014742 0
    outer loop
      vertex 27.830266166351432 -62.18336856933594 14.299999999999999
      vertex 27.830266166351432 -62.18336856933594 2.3999999999999986
      vertex 27.820000000000004 -62.34 14.299999999999999
    endloop
  endfacet
  facet normal -0.9978589232386033 -0.06540312923014742 0
    outer loop
      vertex 27.820000000000004 -62.34 14.299999999999999
      vertex 27.820000000000004 -62.34 2.3999999999999986
      vertex 27.830266166351432 -62.49663143066407 14.299999999999999
    endloop
  endfacet
  facet normal -0.9807852804032324 -0.1950903220161184 0
    outer loop
      vertex 27.830266166351432 -62.49663143066407 14.299999999999999
      vertex 27.830266166351432 -62.49663143066407 2.3999999999999986
      vertex 27.86088900845312 -62.65058285412303 14.299999999999999
    endloop
  endfacet
  facet normal -0.9469301294951037 -0.32143946530316764 0
    outer loop
      vertex 27.86088900845312 -62.65058285412303 14.299999999999999
      vertex 27.86088900845312 -62.65058285412303 2.3999999999999986
      vertex 27.91134456098646 -62.799220118838115 14.299999999999999
    endloop
  endfacet
  facet normal -0.8968727415326934 -0.44228869021899087 0
    outer loop
      vertex 27.91134456098646 -62.799220118838115 14.299999999999999
      vertex 27.91134456098646 -62.799220118838115 2.3999999999999986
      vertex 27.980769515458675 -62.940000000000005 14.299999999999999
    endloop
  endfacet
  facet normal -0.8314696123025369 -0.5555702330196146 0
    outer loop
      vertex 27.980769515458675 -62.940000000000005 14.299999999999999
      vertex 27.980769515458675 -62.940000000000005 2.3999999999999986
      vertex 28.06797599165052 -63.07051371481047 14.299999999999999
    endloop
  endfacet
  facet normal -0.7518398074789697 -0.6593458151000776 0
    outer loop
      vertex 28.06797599165052 -63.07051371481047 14.299999999999999
      vertex 28.06797599165052 -63.07051371481047 2.3999999999999986
      vertex 28.171471862576148 -63.18852813742386 14.299999999999999
    endloop
  endfacet
  facet normal -0.6593458151000776 0.7518398074789697 3.359475401521732e-19
    outer loop
      vertex 28.171471862576148 -61.49147186257615 14.299999999999999
      vertex 28.28948628518954 -61.38797599165052 14.299999999999999
      vertex 28.28948628518954 -61.38797599165052 2.3999999999999986
    endloop
  endfacet
  facet normal -0.5555702330196146 0.8314696123025369 -3.135465632028752e-19
    outer loop
      vertex 28.28948628518954 -61.38797599165052 14.299999999999999
      vertex 28.42 -61.300769515458676 14.299999999999999
      vertex 28.42 -61.300769515458676 2.3999999999999986
    endloop
  endfacet
  facet normal -0.4422886902190002 0.8968727415326889 2.069572777729536e-19
    outer loop
      vertex 28.42 -61.300769515458676 14.299999999999999
      vertex 28.560779881161896 -61.23134456098646 14.299999999999999
      vertex 28.560779881161896 -61.23134456098646 2.3999999999999986
    endloop
  endfacet
  facet normal -0.3214394653031542 0.9469301294951082 -1.463332469268403e-19
    outer loop
      vertex 28.560779881161896 -61.23134456098646 14.299999999999999
      vertex 28.709417145876976 -61.18088900845312 14.299999999999999
      vertex 28.709417145876976 -61.18088900845312 2.3999999999999986
    endloop
  endfacet
  facet normal -0.19509032201614018 0.9807852804032281 -1.3623606160134675e-19
    outer loop
      vertex 28.709417145876976 -61.18088900845312 14.299999999999999
      vertex 28.86336856933594 -61.15026616635143 14.299999999999999
      vertex 28.86336856933594 -61.15026616635143 2.3999999999999986
    endloop
  endfacet
  facet normal -0.06540312923014742 0.9978589232386033 -5.492847166935835e-20
    outer loop
      vertex 28.86336856933594 -61.15026616635143 14.299999999999999
      vertex 29.020000000000003 -61.14 14.299999999999999
      vertex 29.020000000000003 -61.14 2.3999999999999986
    endloop
  endfacet
  facet normal 0.06540312923014742 0.9978589232386033 5.492847166935835e-20
    outer loop
      vertex 29.020000000000003 -61.14 14.299999999999999
      vertex 29.176631430664067 -61.15026616635143 14.299999999999999
      vertex 29.176631430664067 -61.15026616635143 2.3999999999999986
    endloop
  endfacet
  facet normal 0.19509032201614018 0.9807852804032281 1.3623606160134675e-19
    outer loop
      vertex 29.176631430664067 -61.15026616635143 14.299999999999999
      vertex 29.33058285412303 -61.18088900845312 14.299999999999999
      vertex 29.33058285412303 -61.18088900845312 2.3999999999999986
    endloop
  endfacet
  facet normal 0.3214394653031542 0.9469301294951082 1.463332469268403e-19
    outer loop
      vertex 29.33058285412303 -61.18088900845312 14.299999999999999
      vertex 29.47922011883811 -61.23134456098646 14.299999999999999
      vertex 29.47922011883811 -61.23134456098646 2.3999999999999986
    endloop
  endfacet
  facet normal 0.4422886902190002 0.8968727415326889 -2.069572777729536e-19
    outer loop
      vertex 29.47922011883811 -61.23134456098646 14.299999999999999
      vertex 29.620000000000005 -61.300769515458676 14.299999999999999
      vertex 29.620000000000005 -61.300769515458676 2.3999999999999986
    endloop
  endfacet
  facet normal 0.5555702330196146 0.8314696123025369 3.135465632028752e-19
    outer loop
      vertex 29.620000000000005 -61.300769515458676 14.299999999999999
      vertex 29.750513714810467 -61.38797599165052 14.299999999999999
      vertex 29.750513714810467 -61.38797599165052 2.3999999999999986
    endloop
  endfacet
  facet normal 0.6593458151000776 0.7518398074789697 -3.359475401521732e-19
    outer loop
      vertex 29.750513714810467 -61.38797599165052 14.299999999999999
      vertex 29.86852813742386 -61.49147186257615 14.299999999999999
      vertex 29.86852813742386 -61.49147186257615 2.3999999999999986
    endloop
  endfacet
  facet normal 0.7518398074789697 0.6593458151000776 -3.359475401521732e-19
    outer loop
      vertex 29.86852813742386 -61.49147186257615 14.299999999999999
      vertex 29.972024008349486 -61.60948628518954 14.299999999999999
      vertex 29.972024008349486 -61.60948628518954 2.3999999999999986
    endloop
  endfacet
  facet normal -0.6593458151000776 -0.7518398074789697 0
    outer loop
      vertex 28.171471862576148 -63.18852813742386 14.299999999999999
      vertex 28.171471862576148 -63.18852813742386 2.3999999999999986
      vertex 28.28948628518954 -63.292024008349486 14.299999999999999
    endloop
  endfacet
  facet normal -0.5555702330196146 -0.8314696123025369 0
    outer loop
      vertex 28.28948628518954 -63.292024008349486 14.299999999999999
      vertex 28.28948628518954 -63.292024008349486 2.3999999999999986
      vertex 28.42 -63.37923048454133 14.299999999999999
    endloop
  endfacet
  facet normal -0.4422886902190002 -0.8968727415326889 0
    outer loop
      vertex 28.42 -63.37923048454133 14.299999999999999
      vertex 28.42 -63.37923048454133 2.3999999999999986
      vertex 28.560779881161896 -63.44865543901355 14.299999999999999
    endloop
  endfacet
  facet normal -0.3214394653031542 -0.9469301294951082 0
    outer loop
      vertex 28.560779881161896 -63.44865543901355 14.299999999999999
      vertex 28.560779881161896 -63.44865543901355 2.3999999999999986
      vertex 28.709417145876976 -63.499110991546885 14.299999999999999
    endloop
  endfacet
  facet normal -0.19509032201614018 -0.9807852804032281 0
    outer loop
      vertex 28.709417145876976 -63.499110991546885 14.299999999999999
      vertex 28.709417145876976 -63.499110991546885 2.3999999999999986
      vertex 28.86336856933594 -63.52973383364858 14.299999999999999
    endloop
  endfacet
  facet normal -0.06540312923014742 -0.9978589232386033 0
    outer loop
      vertex 28.86336856933594 -63.52973383364858 14.299999999999999
      vertex 28.86336856933594 -63.52973383364858 2.3999999999999986
      vertex 29.020000000000003 -63.540000000000006 14.299999999999999
    endloop
  endfacet
  facet normal 0.06540312923014742 -0.9978589232386033 0
    outer loop
      vertex 29.020000000000003 -63.540000000000006 14.299999999999999
      vertex 29.020000000000003 -63.540000000000006 2.3999999999999986
      vertex 29.176631430664067 -63.52973383364858 14.299999999999999
    endloop
  endfacet
  facet normal 0.19509032201614018 -0.9807852804032281 0
    outer loop
      vertex 29.176631430664067 -63.52973383364858 14.299999999999999
      vertex 29.176631430664067 -63.52973383364858 2.3999999999999986
      vertex 29.33058285412303 -63.499110991546885 14.299999999999999
    endloop
  endfacet
  facet normal 0.3214394653031542 -0.9469301294951082 0
    outer loop
      vertex 29.33058285412303 -63.499110991546885 14.299999999999999
      vertex 29.33058285412303 -63.499110991546885 2.3999999999999986
      vertex 29.47922011883811 -63.44865543901355 14.299999999999999
    endloop
  endfacet
  facet normal 0.5555702330196146 -0.8314696123025369 0
    outer loop
      vertex 29.620000000000005 -63.37923048454133 14.299999999999999
      vertex 29.620000000000005 -63.37923048454133 2.3999999999999986
      vertex 29.750513714810467 -63.292024008349486 14.299999999999999
    endloop
  endfacet
  facet normal 0.6593458151000776 -0.7518398074789697 0
    outer loop
      vertex 29.750513714810467 -63.292024008349486 14.299999999999999
      vertex 29.750513714810467 -63.292024008349486 2.3999999999999986
      vertex 29.86852813742386 -63.18852813742386 14.299999999999999
    endloop
  endfacet
  facet normal 0.7518398074789697 -0.6593458151000776 0
    outer loop
      vertex 29.86852813742386 -63.18852813742386 14.299999999999999
      vertex 29.86852813742386 -63.18852813742386 2.3999999999999986
      vertex 29.972024008349486 -63.07051371481047 14.299999999999999
    endloop
  endfacet
  facet normal 0.4422886902190002 -0.8968727415326889 0
    outer loop
      vertex 29.47922011883811 -63.44865543901355 14.299999999999999
      vertex 29.47922011883811 -63.44865543901355 2.3999999999999986
      vertex 29.620000000000005 -63.37923048454133 14.299999999999999
    endloop
  endfacet
  facet normal 0.8314696123025369 0.5555702330196146 3.135465632028752e-19
    outer loop
      vertex 29.972024008349486 -61.60948628518954 14.299999999999999
      vertex 30.05923048454133 -61.74 14.299999999999999
      vertex 30.05923048454133 -61.74 2.3999999999999986
    endloop
  endfacet
  facet normal 0.8968727415326934 0.44228869021899087 2.56929458529265e-19
    outer loop
      vertex 30.05923048454133 -61.74 14.299999999999999
      vertex 30.128655439013546 -61.88077988116189 14.299999999999999
      vertex 30.128655439013546 -61.88077988116189 2.3999999999999986
    endloop
  endfacet
  facet normal 0.9469301294951037 0.32143946530316764 -7.849448620273341e-20
    outer loop
      vertex 30.128655439013546 -61.88077988116189 14.299999999999999
      vertex 30.179110991546885 -62.02941714587698 14.299999999999999
      vertex 30.179110991546885 -62.02941714587698 2.3999999999999986
    endloop
  endfacet
  facet normal 0.9807852804032324 0.1950903220161184 -5.645417919884323e-20
    outer loop
      vertex 30.179110991546885 -62.02941714587698 14.299999999999999
      vertex 30.209733833648574 -62.18336856933594 14.299999999999999
      vertex 30.209733833648574 -62.18336856933594 2.3999999999999986
    endloop
  endfacet
  facet normal 0.9469301294951037 -0.32143946530316764 0
    outer loop
      vertex 30.128655439013546 -62.799220118838115 14.299999999999999
      vertex 30.128655439013546 -62.799220118838115 2.3999999999999986
      vertex 30.179110991546885 -62.65058285412303 14.299999999999999
    endloop
  endfacet
  facet normal 0.8314696123025369 -0.5555702330196146 0
    outer loop
      vertex 29.972024008349486 -63.07051371481047 14.299999999999999
      vertex 29.972024008349486 -63.07051371481047 2.3999999999999986
      vertex 30.05923048454133 -62.940000000000005 14.299999999999999
    endloop
  endfacet
  facet normal 0.8968727415326934 -0.44228869021899087 0
    outer loop
      vertex 30.05923048454133 -62.940000000000005 14.299999999999999
      vertex 30.05923048454133 -62.940000000000005 2.3999999999999986
      vertex 30.128655439013546 -62.799220118838115 14.299999999999999
    endloop
  endfacet
  facet normal 0.9978589232386033 0.06540312923014742 5.492847166935835e-20
    outer loop
      vertex 30.209733833648574 -62.18336856933594 14.299999999999999
      vertex 30.220000000000002 -62.34 14.299999999999999
      vertex 30.220000000000002 -62.34 2.3999999999999986
    endloop
  endfacet
  facet normal 0.9978589232386033 -0.06540312923014742 -5.492847166935835e-20
    outer loop
      vertex 30.220000000000002 -62.34 14.299999999999999
      vertex 30.209733833648574 -62.49663143066407 14.299999999999999
      vertex 30.209733833648574 -62.49663143066407 2.3999999999999986
    endloop
  endfacet
  facet normal 0.9807852804032324 -0.1950903220161184 0
    outer loop
      vertex 30.179110991546885 -62.65058285412303 14.299999999999999
      vertex 30.179110991546885 -62.65058285412303 2.3999999999999986
      vertex 30.209733833648574 -62.49663143066407 14.299999999999999
    endloop
  endfacet
  facet normal -0.9807852804032324 0.1950903220161184 0
    outer loop
      vertex 27.830266166351432 -62.18336856933594 14.299999999999999
      vertex 27.86088900845312 -62.02941714587698 2.3999999999999986
      vertex 27.830266166351432 -62.18336856933594 2.3999999999999986
    endloop
  endfacet
  facet normal -0.8968727415326934 0.44228869021899087 0
    outer loop
      vertex 27.91134456098646 -61.88077988116189 14.299999999999999
      vertex 27.980769515458675 -61.74 2.3999999999999986
      vertex 27.91134456098646 -61.88077988116189 2.3999999999999986
    endloop
  endfacet
  facet normal -0.9469301294951037 0.32143946530316764 0
    outer loop
      vertex 27.86088900845312 -62.02941714587698 14.299999999999999
      vertex 27.91134456098646 -61.88077988116189 2.3999999999999986
      vertex 27.86088900845312 -62.02941714587698 2.3999999999999986
    endloop
  endfacet
  facet normal -0.7518398074789697 0.6593458151000776 0
    outer loop
      vertex 28.06797599165052 -61.60948628518954 14.299999999999999
      vertex 28.171471862576148 -61.49147186257615 2.3999999999999986
      vertex 28.06797599165052 -61.60948628518954 2.3999999999999986
    endloop
  endfacet
  facet normal -0.8314696123025369 0.5555702330196146 0
    outer loop
      vertex 27.980769515458675 -61.74 14.299999999999999
      vertex 28.06797599165052 -61.60948628518954 2.3999999999999986
      vertex 27.980769515458675 -61.74 2.3999999999999986
    endloop
  endfacet
  facet normal -0.9978589232386033 0.06540312923014742 0
    outer loop
      vertex 27.820000000000004 -62.34 14.299999999999999
      vertex 27.830266166351432 -62.18336856933594 2.3999999999999986
      vertex 27.820000000000004 -62.34 2.3999999999999986
    endloop
  endfacet
  facet normal -0.9978589232386033 -0.06540312923014742 0
    outer loop
      vertex 27.830266166351432 -62.49663143066407 14.299999999999999
      vertex 27.820000000000004 -62.34 2.3999999999999986
      vertex 27.830266166351432 -62.49663143066407 2.3999999999999986
    endloop
  endfacet
  facet normal -0.9807852804032324 -0.1950903220161184 0
    outer loop
      vertex 27.86088900845312 -62.65058285412303 14.299999999999999
      vertex 27.830266166351432 -62.49663143066407 2.3999999999999986
      vertex 27.86088900845312 -62.65058285412303 2.3999999999999986
    endloop
  endfacet
  facet normal -0.9469301294951037 -0.32143946530316764 0
    outer loop
      vertex 27.91134456098646 -62.799220118838115 14.299999999999999
      vertex 27.86088900845312 -62.65058285412303 2.3999999999999986
      vertex 27.91134456098646 -62.799220118838115 2.3999999999999986
    endloop
  endfacet
  facet normal -0.8968727415326934 -0.44228869021899087 0
    outer loop
      vertex 27.980769515458675 -62.940000000000005 14.299999999999999
      vertex 27.91134456098646 -62.799220118838115 2.3999999999999986
      vertex 27.980769515458675 -62.940000000000005 2.3999999999999986
    endloop
  endfacet
  facet normal -0.8314696123025369 -0.5555702330196146 0
    outer loop
      vertex 28.06797599165052 -63.07051371481047 14.299999999999999
      vertex 27.980769515458675 -62.940000000000005 2.3999999999999986
      vertex 28.06797599165052 -63.07051371481047 2.3999999999999986
    endloop
  endfacet
  facet normal -0.7518398074789697 -0.6593458151000776 0
    outer loop
      vertex 28.171471862576148 -63.18852813742386 14.299999999999999
      vertex 28.06797599165052 -63.07051371481047 2.3999999999999986
      vertex 28.171471862576148 -63.18852813742386 2.3999999999999986
    endloop
  endfacet
  facet normal -0.6593458151000776 0.7518398074789697 0
    outer loop
      vertex 28.171471862576148 -61.49147186257615 14.299999999999999
      vertex 28.28948628518954 -61.38797599165052 2.3999999999999986
      vertex 28.171471862576148 -61.49147186257615 2.3999999999999986
    endloop
  endfacet
  facet normal -0.5555702330196146 0.8314696123025369 0
    outer loop
      vertex 28.28948628518954 -61.38797599165052 14.299999999999999
      vertex 28.42 -61.300769515458676 2.3999999999999986
      vertex 28.28948628518954 -61.38797599165052 2.3999999999999986
    endloop
  endfacet
  facet normal -0.4422886902190002 0.8968727415326889 0
    outer loop
      vertex 28.42 -61.300769515458676 14.299999999999999
      vertex 28.560779881161896 -61.23134456098646 2.3999999999999986
      vertex 28.42 -61.300769515458676 2.3999999999999986
    endloop
  endfacet
  facet normal -0.3214394653031542 0.9469301294951082 0
    outer loop
      vertex 28.560779881161896 -61.23134456098646 14.299999999999999
      vertex 28.709417145876976 -61.18088900845312 2.3999999999999986
      vertex 28.560779881161896 -61.23134456098646 2.3999999999999986
    endloop
  endfacet
  facet normal -0.19509032201614018 0.9807852804032281 0
    outer loop
      vertex 28.709417145876976 -61.18088900845312 14.299999999999999
      vertex 28.86336856933594 -61.15026616635143 2.3999999999999986
      vertex 28.709417145876976 -61.18088900845312 2.3999999999999986
    endloop
  endfacet
  facet normal -0.06540312923014742 0.9978589232386033 0
    outer loop
      vertex 28.86336856933594 -61.15026616635143 14.299999999999999
      vertex 29.020000000000003 -61.14 2.3999999999999986
      vertex 28.86336856933594 -61.15026616635143 2.3999999999999986
    endloop
  endfacet
  facet normal 0.06540312923014742 0.9978589232386033 0
    outer loop
      vertex 29.020000000000003 -61.14 14.299999999999999
      vertex 29.176631430664067 -61.15026616635143 2.3999999999999986
      vertex 29.020000000000003 -61.14 2.3999999999999986
    endloop
  endfacet
  facet normal 0.19509032201614018 0.9807852804032281 0
    outer loop
      vertex 29.176631430664067 -61.15026616635143 14.299999999999999
      vertex 29.33058285412303 -61.18088900845312 2.3999999999999986
      vertex 29.176631430664067 -61.15026616635143 2.3999999999999986
    endloop
  endfacet
  facet normal 0.3214394653031542 0.9469301294951082 0
    outer loop
      vertex 29.33058285412303 -61.18088900845312 14.299999999999999
      vertex 29.47922011883811 -61.23134456098646 2.3999999999999986
      vertex 29.33058285412303 -61.18088900845312 2.3999999999999986
    endloop
  endfacet
  facet normal 0.4422886902190002 0.8968727415326889 0
    outer loop
      vertex 29.47922011883811 -61.23134456098646 14.299999999999999
      vertex 29.620000000000005 -61.300769515458676 2.3999999999999986
      vertex 29.47922011883811 -61.23134456098646 2.3999999999999986
    endloop
  endfacet
  facet normal 0.5555702330196146 0.8314696123025369 0
    outer loop
      vertex 29.620000000000005 -61.300769515458676 14.299999999999999
      vertex 29.750513714810467 -61.38797599165052 2.3999999999999986
      vertex 29.620000000000005 -61.300769515458676 2.3999999999999986
    endloop
  endfacet
  facet normal 0.6593458151000776 0.7518398074789697 0
    outer loop
      vertex 29.750513714810467 -61.38797599165052 14.299999999999999
      vertex 29.86852813742386 -61.49147186257615 2.3999999999999986
      vertex 29.750513714810467 -61.38797599165052 2.3999999999999986
    endloop
  endfacet
  facet normal 0.7518398074789697 0.6593458151000776 0
    outer loop
      vertex 29.86852813742386 -61.49147186257615 14.299999999999999
      vertex 29.972024008349486 -61.60948628518954 2.3999999999999986
      vertex 29.86852813742386 -61.49147186257615 2.3999999999999986
    endloop
  endfacet
  facet normal -0.6593458151000776 -0.7518398074789697 0
    outer loop
      vertex 28.28948628518954 -63.292024008349486 14.299999999999999
      vertex 28.171471862576148 -63.18852813742386 2.3999999999999986
      vertex 28.28948628518954 -63.292024008349486 2.3999999999999986
    endloop
  endfacet
  facet normal -0.5555702330196146 -0.8314696123025369 0
    outer loop
      vertex 28.42 -63.37923048454133 14.299999999999999
      vertex 28.28948628518954 -63.292024008349486 2.3999999999999986
      vertex 28.42 -63.37923048454133 2.3999999999999986
    endloop
  endfacet
  facet normal -0.4422886902190002 -0.8968727415326889 0
    outer loop
      vertex 28.560779881161896 -63.44865543901355 14.299999999999999
      vertex 28.42 -63.37923048454133 2.3999999999999986
      vertex 28.560779881161896 -63.44865543901355 2.3999999999999986
    endloop
  endfacet
  facet normal -0.3214394653031542 -0.9469301294951082 0
    outer loop
      vertex 28.709417145876976 -63.499110991546885 14.299999999999999
      vertex 28.560779881161896 -63.44865543901355 2.3999999999999986
      vertex 28.709417145876976 -63.499110991546885 2.3999999999999986
    endloop
  endfacet
  facet normal -0.19509032201614018 -0.9807852804032281 0
    outer loop
      vertex 28.86336856933594 -63.52973383364858 14.299999999999999
      vertex 28.709417145876976 -63.499110991546885 2.3999999999999986
      vertex 28.86336856933594 -63.52973383364858 2.3999999999999986
    endloop
  endfacet
  facet normal -0.06540312923014742 -0.9978589232386033 0
    outer loop
      vertex 29.020000000000003 -63.540000000000006 14.299999999999999
      vertex 28.86336856933594 -63.52973383364858 2.3999999999999986
      vertex 29.020000000000003 -63.540000000000006 2.3999999999999986
    endloop
  endfacet
  facet normal 0.06540312923014742 -0.9978589232386033 0
    outer loop
      vertex 29.176631430664067 -63.52973383364858 14.299999999999999
      vertex 29.020000000000003 -63.540000000000006 2.3999999999999986
      vertex 29.176631430664067 -63.52973383364858 2.3999999999999986
    endloop
  endfacet
  facet normal 0.19509032201614018 -0.9807852804032281 0
    outer loop
      vertex 29.33058285412303 -63.499110991546885 14.299999999999999
      vertex 29.176631430664067 -63.52973383364858 2.3999999999999986
      vertex 29.33058285412303 -63.499110991546885 2.3999999999999986
    endloop
  endfacet
  facet normal 0.3214394653031542 -0.9469301294951082 0
    outer loop
      vertex 29.47922011883811 -63.44865543901355 14.299999999999999
      vertex 29.33058285412303 -63.499110991546885 2.3999999999999986
      vertex 29.47922011883811 -63.44865543901355 2.3999999999999986
    endloop
  endfacet
  facet normal 0.4422886902190002 -0.8968727415326889 0
    outer loop
      vertex 29.620000000000005 -63.37923048454133 14.299999999999999
      vertex 29.47922011883811 -63.44865543901355 2.3999999999999986
      vertex 29.620000000000005 -63.37923048454133 2.3999999999999986
    endloop
  endfacet
  facet normal 0.5555702330196146 -0.8314696123025369 0
    outer loop
      vertex 29.750513714810467 -63.292024008349486 14.299999999999999
      vertex 29.620000000000005 -63.37923048454133 2.3999999999999986
      vertex 29.750513714810467 -63.292024008349486 2.3999999999999986
    endloop
  endfacet
  facet normal 0.6593458151000776 -0.7518398074789697 0
    outer loop
      vertex 29.86852813742386 -63.18852813742386 14.299999999999999
      vertex 29.750513714810467 -63.292024008349486 2.3999999999999986
      vertex 29.86852813742386 -63.18852813742386 2.3999999999999986
    endloop
  endfacet
  facet normal 0.7518398074789697 -0.6593458151000776 0
    outer loop
      vertex 29.972024008349486 -63.07051371481047 14.299999999999999
      vertex 29.86852813742386 -63.18852813742386 2.3999999999999986
      vertex 29.972024008349486 -63.07051371481047 2.3999999999999986
    endloop
  endfacet
  facet normal 0.8314696123025369 0.5555702330196146 0
    outer loop
      vertex 29.972024008349486 -61.60948628518954 14.299999999999999
      vertex 30.05923048454133 -61.74 2.3999999999999986
      vertex 29.972024008349486 -61.60948628518954 2.3999999999999986
    endloop
  endfacet
  facet normal 0.8968727415326934 0.44228869021899087 0
    outer loop
      vertex 30.05923048454133 -61.74 14.299999999999999
      vertex 30.128655439013546 -61.88077988116189 2.3999999999999986
      vertex 30.05923048454133 -61.74 2.3999999999999986
    endloop
  endfacet
  facet normal 0.9469301294951037 0.32143946530316764 0
    outer loop
      vertex 30.128655439013546 -61.88077988116189 14.299999999999999
      vertex 30.179110991546885 -62.02941714587698 2.3999999999999986
      vertex 30.128655439013546 -61.88077988116189 2.3999999999999986
    endloop
  endfacet
  facet normal 0.9807852804032324 0.1950903220161184 0
    outer loop
      vertex 30.179110991546885 -62.02941714587698 14.299999999999999
      vertex 30.209733833648574 -62.18336856933594 2.3999999999999986
      vertex 30.179110991546885 -62.02941714587698 2.3999999999999986
    endloop
  endfacet
  facet normal 0.9469301294951037 -0.32143946530316764 0
    outer loop
      vertex 30.179110991546885 -62.65058285412303 14.299999999999999
      vertex 30.128655439013546 -62.799220118838115 2.3999999999999986
      vertex 30.179110991546885 -62.65058285412303 2.3999999999999986
    endloop
  endfacet
  facet normal 0.8314696123025369 -0.5555702330196146 0
    outer loop
      vertex 30.05923048454133 -62.940000000000005 14.299999999999999
      vertex 29.972024008349486 -63.07051371481047 2.3999999999999986
      vertex 30.05923048454133 -62.940000000000005 2.3999999999999986
    endloop
  endfacet
  facet normal 0.8968727415326934 -0.44228869021899087 0
    outer loop
      vertex 30.128655439013546 -62.799220118838115 14.299999999999999
      vertex 30.05923048454133 -62.940000000000005 2.3999999999999986
      vertex 30.128655439013546 -62.799220118838115 2.3999999999999986
    endloop
  endfacet
  facet normal 0.9978589232386033 0.06540312923014742 0
    outer loop
      vertex 30.209733833648574 -62.18336856933594 14.299999999999999
      vertex 30.220000000000002 -62.34 2.3999999999999986
      vertex 30.209733833648574 -62.18336856933594 2.3999999999999986
    endloop
  endfacet
  facet normal 0.9978589232386033 -0.06540312923014742 0
    outer loop
      vertex 30.220000000000002 -62.34 14.299999999999999
      vertex 30.209733833648574 -62.49663143066407 2.3999999999999986
      vertex 30.220000000000002 -62.34 2.3999999999999986
    endloop
  endfacet
  facet normal 0.9807852804032324 -0.1950903220161184 0
    outer loop
      vertex 30.209733833648574 -62.49663143066407 14.299999999999999
      vertex 30.179110991546885 -62.65058285412303 2.3999999999999986
      vertex 30.209733833648574 -62.49663143066407 2.3999999999999986
    endloop
  endfacet
endsolid OpenSCAD_Model
